SYMBOL,NAME OF COMPANY,SERIES,DATE OF LISTING
20MICRONS,20 Microns Limited,EQ,06-OCT-2008
21STCENMGM,21st Century Management Services Limited,EQ,03-MAY-1995
360ONE,360 ONE WAM LIMITED,EQ,19-SEP-2019
3BBLACKBIO,3B Blackbio Dx Limited,EQ,20-APR-2026
3IINFOLTD,3i Infotech Limited,BE,22-OCT-2021
3MINDIA,3M India Limited,EQ,13-AUG-2004
3PLAND,3P Land Holdings Limited,EQ,19-JUL-1995
5PAISA,5Paisa Capital Limited,EQ,16-NOV-2017
63MOONS,63 moons technologies limited,EQ,20-JUN-2005
A2ZINFRA,A2Z Infra Engineering Limited,EQ,23-DEC-2010
AAATECH,AAA Technologies Limited,EQ,28-NOV-2022
AADHARHFC,Aadhar Housing Finance Limited,EQ,15-MAY-2024
AAKASH,Aakash Exploration Services Limited,EQ,29-SEP-2020
AAREYDRUGS,Aarey Drugs & Pharmaceuticals Limited,EQ,06-AUG-2021
AARNAV,Aarnav Fashions Limited,EQ,25-FEB-2026
AARON,Aaron Industries Limited,EQ,06-NOV-2020
AARTECH,Aartech Solonics Limited,BE,10-JUL-2023
AARTIDRUGS,Aarti Drugs Limited,EQ,19-SEP-2003
AARTIIND,Aarti Industries Limited,EQ,08-FEB-1995
AARTIPHARM,Aarti Pharmalabs Limited,EQ,30-JAN-2023
AARTISURF,Aarti Surfactants Limited,BE,14-JUL-2020
AARVI,Aarvi Encon Limited,EQ,24-JUN-2020
AASTHA,Aastha Spintex Limited,EQ,06-JUL-2026
AAVAS,Aavas Financiers Limited,EQ,08-OCT-2018
ABAN,Aban Offshore Limited,BE,29-MAR-1995
ABANSENT,Abans Enterprises Limited,EQ,20-APR-2026
ABB,ABB India Limited,EQ,08-FEB-1995
ABBOTINDIA,Abbott India Limited,EQ,08-JAN-2010
ABCAPITAL,Aditya Birla Capital Limited,EQ,01-SEP-2017
ABCOTS,A B Cotspin India Limited,EQ,24-SEP-2025
ABDL,Allied Blenders and Distillers Limited,EQ,02-JUL-2024
ABFRL,Aditya Birla Fashion and Retail Limited,EQ,17-JUL-2013
ABINFRA,A B Infrabuild Limited,EQ,08-NOV-2024
ABLBL,Aditya Birla Lifestyle Brands Limited,EQ,23-JUN-2025
ABMINTLLTD,ABM International Limited,BE,09-SEP-2021
ABMKNO,ABM Knowledgeware Limited,EQ,20-APR-2026
ABREL,Aditya Birla Real Estate Limited,EQ,27-JUN-2003
ABSLAMC,Aditya Birla Sun Life AMC Limited,EQ,11-OCT-2021
ACC,ACC Limited,EQ,20-NOV-1996
ACCELYA,Accelya Solutions India Limited,EQ,01-DEC-1999
ACCURACY,Accuracy Shipping Limited,BE,11-DEC-2020
ACE,Action Construction Equipment Limited,EQ,26-SEP-2006
ACEINTEG,Ace Integrated Solutions Limited,EQ,04-NOV-2022
ACGL,Automobile Corporation of Goa Limited,EQ,17-AUG-2026
ACI,Archean Chemical Industries Limited,EQ,21-NOV-2022
ACL,Andhra Cements Limited,EQ,10-MAY-2023
ACMESOLAR,Acme Solar Holdings Limited,EQ,13-NOV-2024
ACSTECH,ACS Technologies Limited,EQ,20-APR-2026
ACUTAAS,Acutaas Chemicals Limited,EQ,14-SEP-2021
ADANIENSOL,Adani Energy Solutions Limited,EQ,31-JUL-2015
ADANIENT,Adani Enterprises Limited,EQ,04-JUN-1997
ADANIGREEN,Adani Green Energy Limited,EQ,18-JUN-2018
ADANIPORTS,Adani Ports and Special Economic Zone Limited,EQ,27-NOV-2007
ADANIPOWER,Adani Power Limited,EQ,20-AUG-2009
ADDIND,Addi Industries Limited,EQ,17-AUG-2026
ADFFOODS,ADF Foods Limited,EQ,15-SEP-2010
ADL,Archidply Decor Limited,EQ,01-OCT-2020
ADOR,Ador Welding Limited,EQ,10-MAY-1995
ADROITINFO,Adroit Infotech Limited,EQ,13-AUG-1997
ADSL,Allied Digital Services Limited,EQ,25-JUL-2007
ADVAIT,Advait Energy Transitions Limited,EQ,20-JAN-2026
ADVANCE,Advance Agrolife Limited,EQ,08-OCT-2025
ADVANIHOTR,Advani Hotels & Resorts (India) Limited,EQ,25-JUN-2007
ADVENTHTL,Advent Hotels International Limited,EQ,13-NOV-2025
ADVENZYMES,Advanced Enzyme Technologies Limited,EQ,01-AUG-2016
ADVIKCA,Advik Capital Limited,EQ,17-AUG-2026
AEGISLOG,Aegis Logistics Limited,EQ,03-APR-1996
AEGISVOPAK,Aegis Vopak Terminals Limited,EQ,02-JUN-2025
AEPL,Artemis Electricals and Projects Limited,EQ,12-MAR-2026
AEQUS,Aequs Limited,EQ,10-DEC-2025
AEROENTER,Aeroflex Enterprises Limited,EQ,21-NOV-2022
AEROFLEX,Aeroflex Industries Limited,EQ,31-AUG-2023
AERONEU,Aeroflex Neu Limited,EQ,12-JAN-2023
AEROPLANE,Amir Chand Jagdish Kumar (Exports) Limited,EQ,02-APR-2026
AETHER,Aether Industries Limited,EQ,03-JUN-2022
AFCONS,Afcons Infrastructure Limited,EQ,04-NOV-2024
AFFLE,Affle 3i Limited,EQ,08-AUG-2019
AFFORDABLE,Affordable Robotic & Automation Limited,BE,23-OCT-2024
AFIL,Akme Fintrade (India) Limited,EQ,26-JUN-2024
AFSL,Abans Financial Services Limited,EQ,23-DEC-2022
AGARIND,Agarwal Industrial Corporation Limited,EQ,26-MAY-2014
AGARWALEYE,Dr. Agarwal's Health Care Limited,EQ,04-FEB-2025
AGI,AGI Greenpac Limited,EQ,31-MAY-2000
AGIIL,Agi Infra Limited,EQ,15-JUL-2024
AGL,Allcargo Global Limited,EQ,03-JUL-2026
AGRITECH,Agri-Tech (India) Limited,EQ,28-JAN-2014
AGROPHOS,Agro Phos India Limited,EQ,08-MAR-2019
AHCL,Anlon Healthcare Limited,EQ,03-SEP-2025
AHLADA,Ahlada Engineers Limited,EQ,28-JAN-2021
AHLEAST,Asian Hotels (East) Limited,EQ,11-AUG-2010
AHLUCONT,Ahluwalia Contracts (India) Limited,EQ,14-DEC-2009
AHLWEST,Asian Hotels (West) Limited,BE,05-AUG-2010
AIAENG,AIA Engineering Limited,EQ,14-DEC-2005
AIIL,Authum Investment & Infrastructure Limited,EQ,23-APR-2024
AIRAN,Airan Limited,EQ,03-MAY-2019
AIROLAM,Airo Lam limited,EQ,13-OCT-2021
AJANTPHARM,Ajanta Pharma Limited,EQ,29-MAY-2000
AJAXENGG,Ajax Engineering Limited,EQ,17-FEB-2025
AJMERA,Ajmera Realty & Infra India Limited,EQ,16-JUN-2009
AJOONI,Ajooni Biotech Limited,EQ,07-MAY-2021
AKASH,Akash Infra-Projects Limited,EQ,11-OCT-2019
AKCAPIT,AK Capital Services Limited,EQ,20-APR-2026
AKG,Akg Exim Limited,EQ,16-FEB-2021
AKI,AKI India Limited,EQ,06-APR-2023
AKSHAR,Akshar Spintex Limited,EQ,23-MAY-2022
AKSHARCHEM,AksharChem India Limited,BE,28-MAR-2017
AKSHOPTFBR,Aksh Optifibre Limited,BE,18-AUG-2000
AKUMS,Akums Drugs and Pharmaceuticals Limited,EQ,06-AUG-2024
ALANKIT,Alankit Limited,EQ,30-JUN-2015
ALBERTDAVD,Albert David Limited,EQ,14-JUN-2016
ALEMBICLTD,Alembic Limited,EQ,22-SEP-1999
ALFREDHE,Alfred Herbert India Limited,EQ,17-AUG-2026
ALGOQUANT,Algoquant Fintech Limited,EQ,06-JAN-2026
ALICON,Alicon Castalloy Limited,EQ,29-SEP-2006
ALIVUS,Alivus Life Sciences Limited,EQ,06-AUG-2021
ALKALI,Alkali Metals Limited,BE,06-NOV-2008
ALKEM,Alkem Laboratories Limited,EQ,23-DEC-2015
ALKYLAMINE,Alkyl Amines Chemicals Limited,EQ,26-NOV-2007
ALLCARGO,Allcargo Logistics Limited,EQ,23-JUN-2006
ALLDIGI,Alldigi Tech Limited,EQ,09-MAY-2005
ALLTIME,All Time Plastics Limited,EQ,14-AUG-2025
ALMONDZ,Almondz Global Securities Limited,EQ,16-JUN-2008
ALOKINDS,Alok Industries Limited,EQ,19-FEB-2020
ALPA,Alpa Laboratories Limited,EQ,06-AUG-2007
ALPHAGEO,Alphageo (India) Limited,BE,11-MAY-2007
ALPINETEX,Alpine Texworld Limited,EQ,21-JUL-2026
ALUFLUOR,Alufluoride Limited,EQ,17-AUG-2026
AMAGI,Amagi Media Labs Limited,EQ,21-JAN-2026
AMAL,Amal Limited,EQ,17-AUG-2026
AMANTA,Amanta Healthcare Limited,BE,09-SEP-2025
AMARJOTHI,Amarjothi Spinning Mills Limited,EQ,17-AUG-2026
AMBALALSA,Ambalal Sarabhai Enterprises Limited,EQ,20-APR-2026
AMBER,Amber Enterprises India Limited,EQ,30-JAN-2018
AMBICAAGAR,Ambica Agarbathies & Aroma industries Limited,EQ,29-JUN-2004
AMBIKCO,Ambika Cotton Mills Limited,EQ,29-JAN-2008
AMBUJACEM,Ambuja Cements Limited,EQ,18-FEB-1998
AMDIND,AMD Industries Limited,EQ,19-MAR-2007
AMJLAND,Amj Land Holdings Limited,EQ,08-FEB-1995
AMNPLST,Amines & Plasticizers Limited,EQ,10-NOV-2023
AMRUTANJAN,Amrutanjan Health Care Limited,EQ,02-JAN-2015
ANANDRATHI,Anand Rathi Wealth Limited,EQ,14-DEC-2021
ANANTRAJ,Anant Raj Limited,EQ,27-SEP-2006
ANDHRAPAP,ANDHRA PAPER LIMITED,EQ,13-MAY-2004
ANDHRSUGAR,The Andhra Sugars Limited,EQ,01-NOV-1995
ANDREWYU,Andrew Yule & Company Limited,EQ,17-AUG-2026
ANGELONE,Angel One Limited,EQ,05-OCT-2020
ANIKINDS,Anik Industries Limited,EQ,21-MAY-2008
ANMOL,Anmol India Limited,EQ,04-JUN-2021
ANNAPURNA,Annapurna Swadisht Limited,EQ,12-AUG-2026
ANSALBU,Ansal Buildwell Limited,EQ,17-AUG-2026
ANTELOPUS,Antelopus Selan Energy Limited,EQ,26-SEP-2006
ANTGRAPHIC,Antarctica Limited,EQ,31-DEC-1997
ANTHEM,Anthem Biosciences Limited,EQ,21-JUL-2025
ANUHPHR,Anuh Pharma Limited,EQ,20-DEC-2024
ANUP,The Anup Engineering Limited,EQ,01-MAR-2019
ANURAS,Anupam Rasayan India Limited,EQ,24-MAR-2021
APARINDS,Apar Industries Limited,EQ,12-JUL-2004
APCL,Anjani Portland Cement Limited,EQ,10-APR-2017
APCOTEXIND,Apcotex Industries Limited,EQ,06-SEP-1995
APEX,Apex Frozen Foods Limited,EQ,04-SEP-2017
APLAPOLLO,APL Apollo Tubes Limited,EQ,14-DEC-2011
APLLTD,Alembic Pharmaceuticals Limited,EQ,20-SEP-2011
APOLLO,Apollo Micro Systems Limited,EQ,22-JAN-2018
APOLLOHOSP,Apollo Hospitals Enterprise Limited,EQ,10-JAN-1996
APOLLOPIPE,Apollo Pipes Limited,EQ,11-NOV-2019
APOLLOTYRE,Apollo Tyres Limited,EQ,31-MAY-1995
APOLSINHOT,Apollo Sindoori Hotels Limited,EQ,28-JAN-2015
APOORVA,Apoorva Leasing Finance and Investment Company Limited,EQ,17-AUG-2026
APTECHT,Aptech Limited,BE,27-SEP-2002
APTUS,Aptus Value Housing Finance India Limited,EQ,24-AUG-2021
AQYLON,Aqylon Nexus Limited,EQ,01-APR-2024
ARCHIDPLY,Archidply Industries Limited,EQ,04-JUL-2008
ARCHIES,Archies Limited,EQ,02-SEP-1998
ARCL,ARCL Organics Limited,EQ,17-AUG-2026
ARDEE,Ardee Industries Limited,EQ,12-AUG-2026
ARE&M,Amara Raja Energy & Mobility Limited,EQ,05-SEP-2003
ARENTERP,Rajdarshan Industries Limited,EQ,18-OCT-1995
ARFIN,Arfin India Limited,EQ,22-JUL-2025
ARIES,Aries Agro Limited,EQ,11-JAN-2008
ARIHANT,Arihant Foundations & Housing Limited,EQ,20-APR-2026
ARIHANTCAP,Arihant Capital Markets Limited,EQ,15-JUN-2021
ARIHANTSUP,Arihant Superstructures Limited,EQ,28-MAR-2017
ARIS,Arisinfra Solutions Limited,EQ,25-JUN-2025
ARKADE,Arkade Developers Limited,EQ,24-SEP-2024
ARMANFIN,Arman Financial Services Limited,EQ,14-JUN-2016
AROGRANITE,Aro Granite Industries Limited,EQ,24-APR-2007
ARROWGREEN,Arrow Greentech Limited,BE,21-MAY-2015
ARSSBL,Anand Rathi Share and Stock Brokers Limited,EQ,30-SEP-2025
ARTEMISMED,Artemis Medicare Services Limited,EQ,23-JAN-2020
ARTNIRMAN,Art Nirman Limited,EQ,18-OCT-2021
ARVEE,Arvee Laboratories (India) Limited,EQ,22-MAR-2021
ARVIND,Arvind Limited,EQ,08-FEB-1995
ARVINDFASN,Arvind Fashions Limited,EQ,08-MAR-2019
ARVSMART,Arvind SmartSpaces Limited,EQ,26-AUG-2015
ARYAMAN,Aryaman Financial Services Limited,EQ,17-AUG-2026
ASAHIINDIA,Asahi India Glass Limited,EQ,18-MAR-1998
ASAHISONG,Asahi Songwon Colors Limited,BE,29-AUG-2011
ASAL,Automotive Stampings and Assemblies Limited,EQ,12-MAR-2002
ASALCBR,Associated Alcohols & Breweries Ltd.,EQ,12-FEB-2020
ASHAPURMIN,Ashapura Minechem Limited,EQ,20-SEP-1995
ASHIANA,Ashiana Housing Limited,EQ,29-JUN-2011
ASHIKAG,Ashika Global Securities Limited,BE,20-APR-2026
ASHIMASYN,Ashima Limited,EQ,27-JUL-1995
ASHOKA,Ashoka Buildcon Limited,EQ,14-OCT-2010
ASHOKAMET,Ashoka Metcast Limited,EQ,27-JUN-2023
ASHOKLEY,Ashok Leyland Limited,EQ,25-MAY-1995
ASIANENE,Asian Energy Services Limited,EQ,09-DEC-2021
ASIANHOTNR,Asian Hotels (North) Limited,EQ,07-APR-2010
ASIANPAINT,Asian Paints Limited,EQ,31-MAY-1995
ASIANTILES,Asian Granito India Limited,EQ,23-AUG-2007
ASIANTNE,Asian Tea & Exports Limited,EQ,17-AUG-2026
ASKAUTOLTD,ASK Automotive Limited,EQ,15-NOV-2023
ASMS,Avio Smart Market Stack Limited,BE,09-FEB-2023
ASPINWALL,Aspinwall and Company Limited,EQ,14-JUN-2016
ASSAMENT,Assam Entrade Limited,EQ,17-AUG-2026
ASTAR,Asian Star Company Limited,EQ,20-APR-2026
ASTEC,Astec LifeSciences Limited,EQ,25-NOV-2009
ASTERDM,Aster DM Quality Care Limited,EQ,26-FEB-2018
ASTRAL,Astral Limited,EQ,20-MAR-2007
ASTRAMICRO,Astra Microwave Products Limited,EQ,01-NOV-2004
ASTRAZEN,AstraZeneca Pharma India Limited,EQ,04-MAY-2001
ATALREAL,Atal Realtech Limited,EQ,12-MAY-2023
ATAM,Atam Valves Limited,EQ,10-MAY-2023
ATGL,Adani Total Gas Limited,EQ,05-NOV-2018
ATHERENERG,Ather Energy Limited,EQ,06-MAY-2025
ATL,Allcargo Terminals Limited,EQ,10-AUG-2023
ATLANTAA,ATLANTAA LIMITED,EQ,25-SEP-2006
ATLANTAELE,Atlanta Electricals Limited,EQ,29-SEP-2025
ATLASCYCLE,Atlas Cycles (Haryana) Limited,EQ,23-OCT-1996
ATUL,Atul Limited,EQ,06-MAY-1998
ATULAUTO,Atul Auto Limited,EQ,26-JUN-2013
AUBANK,AU Small Finance Bank Limited,EQ,10-JUL-2017
AURIONPRO,Aurionpro Solutions Limited,EQ,25-OCT-2005
AUROPHARMA,Aurobindo Pharma Limited,EQ,19-JUL-2000
AURUM,Aurum PropTech Limited,EQ,19-AUG-2015
AURUS,AURUS GEM CORPORATION LIMITED,EQ,05-NOV-2013
AUSOMENT,Ausom Enterprise Limited,EQ,17-APR-1996
AUSTENG,Austin Engineering Company  Limited,EQ,17-AUG-2026
AUTOAXLES,Automotive Axles Limited,EQ,29-MAY-2003
AUTOIND,Autoline Industries Limited,BE,31-JAN-2007
AVADHSUGAR,Avadh Sugar & Energy Limited,EQ,28-JUL-2017
AVALON,Avalon Technologies Limited,EQ,18-APR-2023
AVANCE,Avance Technologies Limited,EQ,17-AUG-2026
AVANTEL,Avantel Limited,EQ,31-JUL-2024
AVANTIFEED,Avanti Feeds Limited,EQ,15-APR-2015
AVG,AVG Logistics Limited,BE,12-MAY-2023
AVL,Aditya Vision Limited,EQ,06-NOV-2024
AVONMORE,Avonmore Capital & Management Services Limited,EQ,04-JAN-2023
AVROIND,AVRO INDIA LIMITED,EQ,07-APR-2022
AVTNPL,AVT Natural Products Limited,EQ,10-JAN-2007
AWFIS,Awfis Space Solutions Limited,EQ,30-MAY-2024
AWHCL,Antony Waste Handling Cell Limited,EQ,01-JAN-2021
AWL,AWL Agri Business Limited,EQ,08-FEB-2022
AXISBANK,Axis Bank Limited,EQ,16-NOV-1998
AXISCADES,AXISCADES Technologies Limited,EQ,21-DEC-2000
AXITA,Axita Cotton Limited,EQ,21-JUN-2022
AXTEL,Axtel Industries Limited,EQ,17-AUG-2026
AYE,Aye Finance Limited,EQ,16-FEB-2026
AYMSYNTEX,AYM Syntex Limited,EQ,14-AUG-2015
AZAD,Azad Engineering Limited,EQ,28-DEC-2023
AZADIND,Azad India Mobility Limited,EQ,17-AUG-2026
BAFNAPH,Bafna Pharmaceuticals Limited,BE,27-FEB-2020
BAGFILMS,B.A.G Films and Media Limited,EQ,17-OCT-2003
BAIDFIN,Baid Finserv Limited,EQ,20-JAN-2023
BAJAJ-AUTO,Bajaj Auto Limited,EQ,26-MAY-2008
BAJAJCON,Bajaj Consumer Care Limited,EQ,18-AUG-2010
BAJAJELEC,Bajaj Electricals Limited,EQ,02-NOV-2007
BAJAJFINSV,Bajaj Finserv Limited,EQ,26-MAY-2008
BAJAJHCARE,Bajaj Healthcare Limited,EQ,25-NOV-2021
BAJAJHFL,Bajaj Housing Finance Limited,EQ,16-SEP-2024
BAJAJHIND,Bajaj Hindusthan Sugar Limited,EQ,10-MAY-1995
BAJAJHLDNG,Bajaj Holdings & Investment Limited,EQ,15-MAR-1995
BAJAJINDEF,Indef Manufacturing Limited,EQ,21-FEB-2025
BAJAJST,Bajaj Steel Industries Limited,EQ,20-APR-2026
BAJEL,Bajel Projects Limited,EQ,19-DEC-2023
BAJFINANCE,Bajaj Finance Limited,EQ,01-APR-2003
BALAJEE,Shree Tirupati Balajee Agro Trading Company Limited,EQ,12-SEP-2024
BALAJITELE,Balaji Telefilms Limited,EQ,22-NOV-2000
BALAMINES,Balaji Amines Limited,EQ,05-APR-2007
BALAXI,BALAXI PHARMACEUTICALS LIMITED,EQ,30-NOV-2015
BALKRISHNA,Balkrishna Paper Mills Limited,EQ,28-JUL-2015
BALKRISIND,Balkrishna Industries Limited,EQ,27-JAN-2006
BALMLAWRIE,Balmer Lawrie & Company Limited,EQ,06-JUL-1995
BALPHARMA,Bal Pharma Limited,EQ,08-MAY-2006
BALRAMCHIN,Balrampur Chini Mills Limited,EQ,08-FEB-1995
BALUFORGE,Balu Forge Industries Limited,EQ,29-APR-2024
BANARBEADS,Banaras Beads Limited,EQ,07-JUL-1995
BANARISUG,Bannari Amman Sugars Limited,EQ,28-MAY-2003
BANCOINDIA,Banco Products (I) Limited,EQ,22-DEC-2006
BANDHANBNK,Bandhan Bank Limited,EQ,27-MAR-2018
BANG,Bang Overseas Limited,EQ,20-FEB-2008
BANKA,Banka BioLoo Limited,EQ,29-OCT-2020
BANKBARODA,Bank of Baroda,EQ,19-FEB-1997
BANKINDIA,Bank of India,EQ,30-APR-1997
BANSALWIRE,Bansal Wire Industries Limited,EQ,10-JUL-2024
BANSWRAS,Banswara Syntex Limited,EQ,11-APR-2007
BASF,BASF India Limited,EQ,17-MAY-1995
BASML,Bannari Amman Spinning Mills Limited,BE,14-NOV-2005
BATAINDIA,Bata India Limited,EQ,18-JUN-2003
BATLIBOI,Batliboi Limited,EQ,20-APR-2026
BAYERCROP,Bayer Cropscience Limited,EQ,08-JAN-2010
BBL,Bharat Bijlee Limited,EQ,21-NOV-2006
BBOX,Black Box Limited,EQ,22-JUL-2003
BBTC,The Bombay Burmah Trading Corporation Limited,EQ,03-APR-1996
BBTCL,B&B Triplewall Containers Limited,EQ,23-NOV-2022
BCG,Brightcom Group Limited,EQ,08-MAY-2015
BCLIND,Bcl Industries Limited,EQ,04-MAR-2021
BCONCEPTS,Brand Concepts Limited,EQ,11-JAN-2022
BCPL,BCPL Railway Infrastructure Limited,EQ,27-MAR-2026
BDL,Bharat Dynamics Limited,EQ,23-MAR-2018
BEARDSELL,Beardsell Limited,EQ,13-JAN-2015
BECTORFOOD,Mrs. Bectors Food Specialities Limited,EQ,24-DEC-2020
BEDMUTHA,Bedmutha Industries Limited,EQ,14-OCT-2010
BEEKAY,Beekay Steel Industries Limited,EQ,20-APR-2026
BEL,Bharat Electronics Limited,EQ,19-JUL-2000
BELLACASA,Bella Casa Fashion & Retail Limited,EQ,18-JUL-2025
BELRISE,Belrise Industries Limited,EQ,28-MAY-2025
BEML,BEML Limited,EQ,05-NOV-2003
BENARAS,Benares Hotels Limited,EQ,17-AUG-2026
BENGALASM,Bengal & Assam Company Limited,EQ,20-APR-2026
BEPL,Bhansali Engineering Polymers Limited,EQ,21-MAR-2005
BERGEPAINT,Berger Paints (I) Limited,EQ,24-NOV-1999
BESTAGRO,Best Agrolife Limited,EQ,10-APR-2024
BETA,Beta Drugs Limited,EQ,24-NOV-2025
BFINVEST,BF Investment Limited,EQ,14-JAN-2011
BFUTILITIE,BF Utilities Limited,EQ,03-MAY-2007
BGRENERGY,BGR Energy Systems Limited,BE,03-JAN-2008
BHAGCHEM,Bhagiradha Chemicals & Industries Limited,EQ,18-OCT-2021
BHAGERIA,Bhageria Industries Limited,BE,02-MAR-2016
BHAGYANGR,Bhagyanagar India Limited,EQ,17-MAY-2017
BHANDARI,Bhandari Hosiery Exports Limited,EQ,30-JAN-2017
BHARATCOAL,Bharat Coking Coal Limited,EQ,19-JAN-2026
BHARATFORG,Bharat Forge Limited,EQ,04-APR-2003
BHARATGEAR,Bharat Gears Limited,BE,03-APR-1996
BHARATRAS,Bharat Rasayan Limited,EQ,11-OCT-1995
BHARATSE,Bharat Seats Limited,EQ,24-MAR-2025
BHARATWIRE,Bharat Wire Ropes Limited,EQ,01-APR-2016
BHARTIARTL,Bharti Airtel Limited,EQ,15-FEB-2002
BHARTIHEXA,Bharti Hexacom Limited,EQ,12-APR-2024
BHEL,Bharat Heavy Electricals Limited,EQ,11-NOV-2003
BI,Bilcare Limited,BE,20-APR-2026
BIGBLOC,Bigbloc Construction Limited,EQ,02-SEP-2016
BIKAJI,Bikaji Foods International Limited,EQ,16-NOV-2022
BIL,Bhartiya International Limited,EQ,12-APR-2000
BILVYAPAR,BIL VYAPAR LIMITED,BE,27-SEP-2006
BIMETAL,Bimetal Bearings Limited,EQ,20-APR-2026
BIOCON,Biocon Limited,EQ,07-APR-2004
BIOFILCHEM,Biofil Chemicals & Pharmaceuticals Limited,EQ,12-JUN-1996
BIRLACABLE,Birla Cable Limited,BE,06-DEC-1995
BIRLACORPN,Birla Corporation Limited,EQ,12-APR-1995
BIRLAMONEY,Aditya Birla Money Limited,EQ,07-FEB-2008
BIRLANU,BirlaNu Limited,EQ,26-APR-1995
BIRLAPREC,Birla Precision Technologies Limited,EQ,20-APR-2026
BLACKBUCK,BLACKBUCK LIMITED,EQ,22-NOV-2024
BLACKROSE,Black Rose Inds. Limited,BE,20-APR-2026
BLAL,BEML Land Assets Limited,EQ,19-APR-2023
BLBLIMITED,BLB Limited,EQ,31-MAY-2000
BLEL,Behari Lal Engineering Limited,EQ,19-AUG-2026
BLIL,Balmer Lawrie Investments Limited,EQ,20-APR-2026
BLISSGVS,Bliss GVS Pharma Limited,BE,26-JUL-2010
BLKASHYAP,B. L. Kashyap and Sons Limited,EQ,17-MAR-2006
BLS,BLS International Services Limited,EQ,14-JUN-2016
BLSE,BLS E-Services Limited,EQ,06-FEB-2024
BLUECHIP,Blue Chip India Limited,EQ,12-MAR-1997
BLUECLOUDS,Blue Cloud Softech Solutions Limited,EQ,17-AUG-2026
BLUECOAST,Blue Coast Hotels Limited,BE,16-FEB-2000
BLUEDART,Blue Dart Express Limited,EQ,12-DEC-2002
BLUEJET,Blue Jet Healthcare Limited,EQ,01-NOV-2023
BLUESTARCO,Blue Star Limited,EQ,15-JUN-2000
BLUESTONE,BlueStone Jewellery and Lifestyle Limited,EQ,19-AUG-2025
BLUSPRING,Bluspring Enterprises Limited,EQ,11-JUN-2025
BMWVENTLTD,BMW Ventures Limited,EQ,01-OCT-2025
BNAGROCHEM,BN Agrochem Limited,EQ,20-APR-2026
BNALTD,B & A Limited,BE,20-APR-2026
BODALCHEM,Bodal Chemicals Limited,BE,22-AUG-2011
BOHRAIND,Bohra Industries Limited,EQ,27-OCT-2022
BOMDYEING,Bombay Dyeing & Mfg Company Limited,EQ,26-APR-1995
BONLON,Bonlon Industries Limited,EQ,20-FEB-2026
BORANA,Borana Weaves Limited,EQ,27-MAY-2025
BOROLTD,Borosil Limited,EQ,22-JUL-2020
BORORENEW,BOROSIL RENEWABLES LIMITED,EQ,25-MAY-2018
BOROSCI,Borosil Scientific Limited,EQ,07-JUN-2024
BOSCH-HCIL,BOSCH HOME COMFORT INDIA LIMITED,EQ,03-JAN-2000
BOSCHLTD,Bosch Limited,EQ,12-MAY-2003
BPCL,Bharat Petroleum Corporation Limited,EQ,13-SEP-1995
BPL,BPL Limited,EQ,14-JUN-1995
BPLPHARMA,Bharat Parenterals Limited,EQ,17-AUG-2026
BRAHMINFRA,Brahmaputra Infrastructure Limited,EQ,17-AUG-2026
BRIGADE,Brigade Enterprises Limited,EQ,31-DEC-2007
BRIGHOTEL,Brigade Hotel Ventures Limited,EQ,31-JUL-2025
BRIGHTBR,Bright Brothers Limited,EQ,17-AUG-2026
BRITANNIA,Britannia Industries Limited,EQ,05-NOV-1998
BRNL,Bharat Road Network Limited,EQ,18-SEP-2017
BROOKS,Brooks Laboratories Limited,BE,05-SEP-2011
BSE,BSE Limited,EQ,03-FEB-2017
BSHSL,Bombay Super Hybrid Seeds Limited,EQ,28-OCT-2020
BSL,BSL Limited,EQ,27-JUL-1995
BSOFT,BIRLASOFT LIMITED,EQ,24-NOV-1999
BTML,Bodhi Tree Multimedia Limited,EQ,15-FEB-2023
BTTL,Bhilwara Technical Textiles Limited,BE,20-APR-2026
BUILDPRO,Shankara Buildpro Limited,EQ,09-JAN-2026
BURNPUR,Burnpur Cement Limited,BE,03-JAN-2008
BUTTERFLY,Butterfly Gandhimathi Appliances Limited,EQ,28-APR-2014
BVCL,Barak Valley Cements Limited,EQ,23-NOV-2007
BYKE,The Byke Hospitality Ltd,BE,15-APR-2015
CALSOFT,California Software Company Limited,EQ,28-JUN-2000
CAMLINFINE,Camlin Fine Sciences Limited,EQ,20-JAN-2015
CAMPUS,Campus Activewear Limited,EQ,09-MAY-2022
CAMS,Computer Age Management Services Limited,EQ,07-MAY-2021
CANBK,Canara Bank,EQ,23-DEC-2002
CANFINHOME,Can Fin Homes Limited,EQ,10-MAY-1995
CANHLIFE,Canara HSBC Life Insurance Company Limited,EQ,17-OCT-2025
CANTABIL,Cantabil Retail India Limited,EQ,12-OCT-2010
CAPACITE,Capacit'e Infraprojects Limited,EQ,25-SEP-2017
CAPILLARY,Capillary Technologies India Limited,EQ,21-NOV-2025
CAPITALSFB,Capital Small Finance Bank Limited,EQ,14-FEB-2024
CAPLIPOINT,Caplin Point Laboratories Limited,EQ,23-JUN-2014
CAPTRUST,Capital Trust Limited,BE,16-JAN-2017
CARBORUNIV,Carborundum Universal Limited,EQ,03-APR-1996
CARERATING,CARE Ratings Limited,EQ,26-DEC-2012
CARRARO,Carraro India Limited,EQ,30-DEC-2024
CARTRADE,Cartrade Tech Limited,EQ,20-AUG-2021
CARYSIL,CARYSIL LIMITED,EQ,14-JAN-2021
CASTROLIND,Castrol India Limited,EQ,14-MAR-2014
CCAVENUE,AvenuesAI Limited,EQ,04-APR-2016
CCCL,Consolidated Construction Consortium Limited,EQ,15-OCT-2007
CCHHL,Country Club Hospitality & Holidays Limited,EQ,03-FEB-2015
CCL,CCL Products (India) Limited,EQ,07-JUN-2004
CDSL,Central Depository Services (India) Limited,EQ,30-JUN-2017
CEATLTD,CEAT Limited,EQ,01-FEB-2008
CEIGALL,Ceigall India Limited,EQ,08-AUG-2024
CEINSYS,Ceinsys Tech Limited,EQ,19-FEB-2026
CELEBRITY,Celebrity Fashions Limited,EQ,12-JAN-2006
CELLO,Cello World Limited,EQ,06-NOV-2023
CEMPRO,Cemindia Projects Limited,EQ,10-FEB-1999
CENTENKA,Century Enka Limited,EQ,10-MAY-1995
CENTEXT,Century Extrusions Limited,EQ,20-JUL-2004
CENTRALBK,Central Bank of India,EQ,21-AUG-2007
CENTRUM,Centrum Capital Limited,EQ,04-APR-2018
CENTUM,Centum Electronics Limited,EQ,05-OCT-2007
CENTURYPLY,Century Plyboards (India) Limited,EQ,23-MAR-2006
CERA,Cera Sanitaryware Limited,EQ,02-NOV-2007
CESC,CESC Limited,EQ,08-FEB-1995
CEWATER,Concord Enviro Systems Limited,EQ,27-DEC-2024
CFEL,Confidence Futuristic Energetech Limited,EQ,17-AUG-2026
CGCL,Capri Global Capital Limited,EQ,29-OCT-2010
CGPOWER,CG Power and Industrial Solutions Limited,EQ,01-MAR-1995
CGVAK,CG Vak Software & Exports Limited,EQ,17-AUG-2026
CHALET,Chalet Hotels Limited,EQ,07-FEB-2019
CHAMBLFERT,Chambal Fertilizers & Chemicals Limited,EQ,14-JUN-1995
CHEMBOND,Chembond Material Technologies Limited,EQ,20-NOV-2019
CHEMBONDCH,Chembond Chemicals Limited,BE,23-JUL-2025
CHEMCON,Chemcon Speciality Chemicals Limited,BE,01-OCT-2020
CHEMCRUX,Chemcrux Enterprises Limited,EQ,17-AUG-2026
CHEMFAB,Chemfab Alkalis Limited,EQ,25-APR-2018
CHEMPLASTS,Chemplast Sanmar Limited,EQ,24-AUG-2021
CHENNPETRO,Chennai Petroleum Corporation Limited,EQ,07-JUN-2000
CHEVIOT,Cheviot Company Limited,EQ,20-JUN-2022
CHOICEIN,Choice International Limited,EQ,08-APR-2022
CHOLAFIN,Cholamandalam Investment and Finance Company Limited,EQ,15-MAY-1996
CHOLAHLDNG,Cholamandalam Financial Holdings Limited,EQ,25-SEP-2017
CIEINDIA,CIE Automotive India Limited,EQ,30-AUG-2007
CIFL,Capital India Finance Limited,EQ,17-APR-2025
CINELINE,Cineline India Limited,EQ,13-JUN-2012
CINEVISTA,Cinevista Limited,EQ,02-MAY-2000
CIPLA,Cipla Limited,EQ,08-FEB-1995
CLCIND,CLC Industries Limited,BE,20-DEC-2006
CLEAN,Clean Science and Technology Limited,EQ,19-JUL-2021
CLEANMAX,Clean Max Enviro Energy Solutions Limited,EQ,02-MAR-2026
CLEDUCATE,CL Educate Limited,BE,31-MAR-2017
CLSEL,Chaman Lal Setia Exports Limited,EQ,12-MAY-2021
CMLL,Caliber Mining and Logistics Limited,EQ,24-JUL-2026
CMPDI,Central Mine Planning & Design Institute Limited,EQ,30-MAR-2026
CMRGREEN,CMR Green Technologies Limited,EQ,10-JUN-2026
CMSINFO,CMS Info Systems Limited,EQ,31-DEC-2021
CNL,Creative Newtech Limited,EQ,05-AUG-2019
COALINDIA,Coal India Limited,EQ,04-NOV-2010
COASTCORP,Coastal Corporation Limited,EQ,08-OCT-2021
COCHINSHIP,Cochin Shipyard Limited,EQ,11-AUG-2017
COCKERILL,John Cockerill India Limited,EQ,20-APR-2026
COFFEEDAY,Coffee Day Enterprises Limited,BE,02-NOV-2015
COFORGE,Coforge Limited,EQ,30-AUG-2004
COHANCE,Cohance Lifesciences Limited,EQ,09-MAR-2020
COLPAL,Colgate Palmolive (India) Limited,EQ,17-DEC-2007
COMFINTE,Comfort Intech Limited,EQ,20-APR-2026
COMPEAU,Competent Automobiles Company Limited,EQ,17-AUG-2026
COMPUSOFT,Compucom Software Limited,EQ,02-MAR-2012
COMSYN,Commercial Syn Bags Limited,EQ,23-JAN-2024
CONCOR,Container Corporation of India Limited,EQ,07-MAY-1997
CONCORDBIO,Concord Biotech Limited,EQ,18-AUG-2023
CONFIPET,Confidence Petroleum India Limited,EQ,13-JUN-2019
CONSOFINVT,Consolidated Finvest & Holdings Limited,BE,29-MAR-2005
CONTROLPR,Control Print Limited,EQ,24-JUN-2016
CORALFINAC,Coral India Finance & Housing Limited,EQ,25-MAR-1996
CORDELIA,Waterways Leisure Tourism Limited,EQ,01-JUL-2026
CORDSCABLE,Cords Cable Industries Limited,BE,13-FEB-2008
COROMANDEL,Coromandel International Limited,EQ,31-MAY-1995
CORONA,CORONA Remedies Limited,EQ,15-DEC-2025
COSMOFIRST,COSMO FIRST LIMITED,EQ,25-MAY-1995
COUNCODOS,Country Condo's Limited,BE,22-JAN-2009
CPCAP,CP Capital Limited,EQ,06-OCT-2010
CPEDU,Career Point Edutech Limited,EQ,05-SEP-2025
CPL,Captain Polyplast Limited,EQ,23-JUL-2026
CPPLUS,Aditya Infotech Limited,EQ,05-AUG-2025
CRAFTSMAN,Craftsman Automation Limited,EQ,25-MAR-2021
CRAMC,Canara Robeco Asset Management Company Limited,EQ,16-OCT-2025
CRAVATEX,Cravatex Limited,EQ,17-AUG-2026
CREATIVEYE,Creative Eye Limited,EQ,20-DEC-2000
CREDITACC,CREDITACCESS GRAMEEN LIMITED,EQ,23-AUG-2018
CREST,Crest Ventures Limited,EQ,27-DEC-2006
CRISIL,Crisil Limited,EQ,28-JUN-1995
CRIZAC,Crizac Limited,EQ,09-JUL-2025
CROMPTON,Crompton Greaves Consumer Electricals Limited,EQ,13-MAY-2016
CROWN,Crown Lifters Limited,EQ,08-FEB-2022
CRSL,Cressanda Railway Solutions Limited,EQ,17-AUG-2026
CSBBANK,CSB Bank Limited,EQ,04-DEC-2019
CSLFINANCE,CSL Finance Limited,EQ,21-JUL-2022
CSM,CSM Technologies Limited,EQ,02-JUL-2026
CTE,Cambridge Technology Enterprises Limited,EQ,07-FEB-2007
CUB,City Union Bank Limited,EQ,25-AUG-1998
CUBEXTUB,Cubex Tubings Limited,EQ,24-APR-1996
CUMMINSIND,Cummins India Limited,EQ,29-MAR-1995
CUPID,Cupid Limited,EQ,16-SEP-2016
CURAA,Cura Technologies Limited,EQ,21-MAR-2025
CYBERMEDIA,Cyber Media (India) Limited,EQ,10-JUN-2005
CYBERTECH,Cybertech Systems And Software Limited,BE,27-JAN-1999
CYIENT,Cyient Limited,EQ,30-SEP-1998
CYIENTDLM,Cyient DLM Limited,EQ,10-JUL-2023
DABUR,Dabur India Limited,EQ,28-APR-1999
DAICHI,Dai-Ichi Karkaria Limited,EQ,20-APR-2026
DALBHARAT,Dalmia Bharat Limited,EQ,22-JAN-2019
DALMIASUG,Dalmia Bharat Sugar and Industries Limited,EQ,17-JAN-1996
DAMCAPITAL,Dam Capital Advisors Limited,EQ,27-DEC-2024
DAMODARIND,Damodar Industries Limited,BE,04-JUL-2016
DANGEE,Dangee Dums Limited,EQ,13-NOV-2020
DATAMATICS,Datamatics Global Services Limited,EQ,07-MAY-2004
DATAPATTNS,Data Patterns (India) Limited,EQ,24-DEC-2021
DAVANGERE,Davangere Sugar Company Limited,EQ,25-JAN-2024
DBCORP,D.B.Corp Limited,EQ,06-JAN-2010
DBEIL,Deepak Builders & Engineers India Limited,BE,28-OCT-2024
DBL,Dilip Buildcon Limited,EQ,11-AUG-2016
DBOL,Dhampur Bio Organics Limited,EQ,08-SEP-2022
DBREALTY,Valor Estate Limited,EQ,24-FEB-2010
DBSTOCKBRO,DB (International) Stock Brokers Limited,BE,29-FEB-2012
DCAL,Dishman Carbogen Amcis Limited,EQ,21-SEP-2017
DCBBANK,DCB Bank Limited,EQ,27-OCT-2006
DCI,Dc Infotech And Communication Limited,EQ,19-OCT-2022
DCM,DCM  Limited,BE,29-MAR-1995
DCMFINSERV,DCM Financial Services Limited,EQ,21-MAY-1997
DCMNVL,DCM Nouvelle Limited,EQ,16-JUL-2019
DCMSHRIRAM,DCM Shriram Limited,EQ,12-APR-1995
DCMSIL,DCM Shriram International Limited,EQ,17-FEB-2026
DCMSRIND,DCM Shriram Industries Limited,EQ,24-DEC-2021
DCW,DCW Limited,EQ,25-MAY-1995
DCXINDIA,DCX Systems Limited,EQ,11-NOV-2022
DDEVPLSTIK,Ddev Plastiks Industries Limited,EQ,15-JAN-2025
DECCANCE,Deccan Cements Limited,EQ,02-AUG-2007
DECNGOLD,Deccan Gold Mines Limited,EQ,20-APR-2026
DEEDEV,DEE Development Engineers Limited,EQ,26-JUN-2024
DEEP,Deep Polymers Limited,EQ,17-AUG-2026
DEEPAKFERT,Deepak Fertilizers and Petrochemicals Corporation Limited,EQ,17-JAN-2003
DEEPAKNTR,Deepak Nitrite Limited,EQ,29-SEP-2010
DEEPINDS,Deep Industries Limited,EQ,27-APR-2021
DELHIVERY,Delhivery Limited,EQ,24-MAY-2022
DELPHIFX,DELPHI WORLD MONEY LIMITED,BE,28-JUN-2011
DELTACORP,Delta Corp Limited,EQ,02-NOV-2007
DELTAMAGNT,Delta Manufacturing Limited,EQ,18-OCT-1995
DEN,Den Networks Limited,EQ,24-NOV-2009
DENORA,De Nora India Limited,EQ,07-AUG-1997
DENTA,Denta Water and Infra Solutions Limited,EQ,29-JAN-2025
DEVIT,Dev Information Technology Limited,EQ,15-FEB-2022
DEVX,Dev Accelerator Limited,EQ,17-SEP-2025
DEVYANI,Devyani International Limited,EQ,16-AUG-2021
DGCONTENT,Digicontent Limited,EQ,18-JUN-2019
DHABRIYA,Dhabriya Polywood Limited,EQ,17-AUG-2026
DHAMPURSUG,Dhampur Sugar Mills Limited,EQ,29-MAR-1995
DHANBANK,Dhanlaxmi Bank Limited,EQ,01-APR-2004
DHANUKA,Dhanuka Agritech Limited,EQ,29-JUN-2011
DHARMAJ,Dharmaj Crop Guard Limited,EQ,08-DEC-2022
DHATRE,Dhatre Udyog Limited,EQ,17-AUG-2026
DHOOTTRANS,Dhoot Transmission Limited,EQ,17-AUG-2026
DHRUV,Dhruv Consultancy Services Limited,EQ,25-NOV-2021
DHUNINV,Dhunseri Investments Limited,EQ,18-MAR-2011
DIACABS,Diamond Power Infrastructure Limited,BE,15-SEP-2023
DIAMINESQ,Diamines & Chemicals Limited,EQ,25-SEP-2023
DIAMONDYD,Prataap Snacks Limited,EQ,05-OCT-2017
DICIND,DIC India Limited,EQ,30-AUG-1995
DIFFNKG,Diffusion Engineers Limited,EQ,04-OCT-2024
DIGIDRIVE,Digidrive Distributors Limited,EQ,10-JAN-2024
DIGISPICE,DiGiSPICE Technologies Limited,EQ,27-MAY-2008
DIGITIDE,Digitide Solutions Limited,EQ,11-JUN-2025
DIGJAMLMTD,Digjam Limited,EQ,18-OCT-2021
DISAQ,Disa India Limited,EQ,20-APR-2026
DISHTV,Dish TV India Limited,EQ,18-APR-2007
DIVGIITTS,Divgi Torqtransfer Systems Limited,EQ,14-MAR-2023
DIVISLAB,Divi's Laboratories Limited,EQ,12-MAR-2003
DIXON,Dixon Technologies (India) Limited,EQ,18-SEP-2017
DJML,DJ Mediaprint & Logistics Limited,EQ,05-DEC-2022
DLF,DLF Limited,EQ,05-JUL-2007
DLINKINDIA,D-Link (India) Limited,EQ,18-DEC-2009
DMART,Avenue Supermarts Limited,EQ,21-MAR-2017
DMCC,DMCC SPECIALITY CHEMICALS LIMITED,EQ,01-DEC-2021
DNAMEDIA,Diligent Media Corporation Limited,EQ,11-DEC-2017
DODLA,Dodla Dairy Limited,EQ,28-JUN-2021
DOLATALGO,Dolat Algotech Limited,EQ,12-JAN-2024
DOLLAR,Dollar Industries Limited,EQ,21-APR-2017
DOLPHIN,Dolphin Offshore Enterprises (India) Limited,EQ,21-AUG-2023
DOMS,DOMS Industries Limited,EQ,20-DEC-2023
DONEAR,Donear Industries Limited,EQ,20-DEC-2006
DPABHUSHAN,D. P. Abhushan Limited,EQ,03-NOV-2020
DPSCLTD,DPSC Limited,BE,21-APR-2008
DPWIRES,D P Wires Limited,BE,17-JAN-2020
DRAGARWQ,Dr Agarwals Eye Hospital Limited,EQ,20-APR-2026
DRCSYSTEMS,DRC Systems India Limited,EQ,10-MAR-2021
DREAMFOLKS,Dreamfolks Services Limited,EQ,06-SEP-2022
DREDGECORP,Dredging Corporation of India Limited,EQ,15-JAN-2004
DRREDDY,Dr. Reddy's Laboratories Limited,EQ,30-MAY-2003
DSFCL,DCM Shriram Fine Chemicals Limited,BE,17-FEB-2026
DSKULKARNI,DS Kulkarni Developers Limited,BE,08-FEB-1995
DSSL,Dynacons Systems & Solutions Limited,EQ,01-DEC-2011
DTIL,Dhunseri Tea & Industries Limited,EQ,20-JAN-2015
DUCON,Ducon Infratechnologies Limited,EQ,09-OCT-2012
DVL,Dhunseri Ventures Limited,EQ,11-JAN-2008
DWARKESH,Dwarikesh Sugar Industries Limited,EQ,31-DEC-2004
DYCL,Dynamic Cables Limited,EQ,27-JUL-2022
DYNAMATECH,Dynamatic Technologies Limited,EQ,14-SEP-2006
DYNPRO,Dynemic Products Limited,EQ,19-JUL-2017
E2E,E2E Networks Limited,BE,12-APR-2022
EASEMYTRIP,Easy Trip Planners Limited,EQ,19-MAR-2021
EASTSILK,Eastern Silk Industries Limited,BE,03-JUL-1996
EASTWEST,East West Freight Carriers Limited,EQ,17-AUG-2026
EBGNG,GNG Electronics Limited,EQ,30-JUL-2025
EBIX,EBIX Limited,EQ,17-AUG-2026
ECLERX,eClerx Services Limited,EQ,31-DEC-2007
ECORECO,Eco Recycling Limited,EQ,17-AUG-2026
ECOSMOBLTY,Ecos (India) Mobility & Hospitality Limited,BE,04-SEP-2024
EDELWEISS,Edelweiss Financial Services Limited,EQ,12-DEC-2007
EFCIL,EFC (I) Limited,EQ,20-AUG-2025
EICHERMOT,Eicher Motors Limited,EQ,07-SEP-2004
EIDPARRY,EID Parry India Limited,EQ,10-MAY-1995
EIEL,Enviro Infra Engineers Limited,EQ,29-NOV-2024
EIFFL,Euro India Fresh Foods Limited,BE,12-OCT-2021
EIHAHOTELS,EIH Associated Hotels Limited,EQ,08-APR-2008
EIHOTEL,EIH Limited,EQ,08-FEB-1995
EIMCOELECO,Eimco Elecon (India) Limited,EQ,17-APR-1996
EKC,Everest Kanto Cylinder Limited,EQ,15-DEC-2005
EKI,EKI Energy Services Limited,EQ,17-AUG-2026
ELANTAS,Elantas Beck India Limited,EQ,20-APR-2026
ELCIDIN,EL CID Investments Limited,EQ,20-APR-2026
ELDEHSG,Eldeco Housing And Industries Limited,EQ,12-APR-2022
ELECON,Elecon Engineering Company Limited,EQ,29-SEP-2006
ELECTCAST,Electrosteel Castings Limited,EQ,20-JUN-2003
ELECTHERM,Electrotherm (India) Limited,EQ,20-AUG-2007
ELGIEQUIP,Elgi Equipments Limited,EQ,22-NOV-1995
ELGIRUBCO,Elgi Rubber Company Limited,EQ,10-AUG-2011
ELIN,Elin Electronics Limited,EQ,30-DEC-2022
ELITECON,Elitecon International Limited,EQ,20-APR-2026
ELLEN,Ellenbarrie Industrial Gases Limited,EQ,01-JUL-2025
ELPROINTL,Elpro International Limited,EQ,20-APR-2026
EMAMILTD,Emami Limited,EQ,03-AUG-2006
EMAMIPAP,Emami Paper Mills Limited,BE,30-MAY-2019
EMAMIREAL,Emami Realty Limited,EQ,28-JUL-2010
EMBDL,Embassy Developments Limited,EQ,23-MAR-2007
EMCURE,Emcure Pharmaceuticals Limited,EQ,10-JUL-2024
EMIL,Electronics Mart India Limited,EQ,17-OCT-2022
EMKAY,Emkay Global Financial Services Limited,EQ,28-APR-2006
EMMBI,Emmbi Industries Limited,BE,24-FEB-2010
EMMVEE,Emmvee Photovoltaic Power Limited,EQ,18-NOV-2025
EMPIND,Empire Industries Limited,EQ,17-AUG-2026
EMPOWER,Empower India Limited,EQ,20-APR-2026
EMSLIMITED,EMS Limited,EQ,21-SEP-2023
EMUDHRA,eMudhra Limited,EQ,01-JUN-2022
ENDURANCE,Endurance Technologies Limited,EQ,19-OCT-2016
ENERGYDEV,Energy Development Company Limited,EQ,02-NOV-2007
ENGINERSIN,Engineers India Limited,EQ,20-AUG-1997
ENIL,Entertainment Network (India) Limited,EQ,15-FEB-2006
ENKEIWHEL,Enkei Wheels (India) Limited,EQ,17-AUG-2026
ENRIN,Siemens Energy India Limited,EQ,19-JUN-2025
ENTERO,Entero Healthcare Solutions Limited,EQ,16-FEB-2024
EPACK,EPACK Durable Limited,EQ,30-JAN-2024
EPACKPEB,EPack Prefab Technologies Limited,EQ,01-OCT-2025
EPIGRAL,Epigral Limited,EQ,18-AUG-2021
EPL,EPL Limited,EQ,11-FEB-2002
EQUIPPP,Equippp Social Impact Technologies Limited,BE,19-MAY-2021
EQUITASBNK,Equitas Small Finance Bank Limited,EQ,02-NOV-2020
ERIS,Eris Lifesciences Limited,EQ,29-JUN-2017
ESABINDIA,Esab India Limited,EQ,01-NOV-1995
ESAFSFB,ESAF Small Finance Bank Limited,BE,10-NOV-2023
ESCORTS,Escorts Kubota Limited,EQ,01-MAR-1995
ESSARSHPNG,Essar Shipping Limited,EQ,15-NOV-2011
ESSENTIA,Integra Essentia Limited,EQ,20-AUG-2013
ESTER,Ester Industries Limited,EQ,20-JUN-2011
ETERNAL,ETERNAL LIMITED,EQ,23-JUL-2021
ETHOSLTD,Ethos Limited,EQ,30-MAY-2022
EUREKAFORB,Eureka Forbes Limited,EQ,11-SEP-2024
EUROBOND,Euro Panel Products Limited,EQ,01-AUG-2025
EUROPRATIK,Euro Pratik Sales Limited,EQ,23-SEP-2025
EUROTEXIND,Eurotex Industries and Exports Limited,BE,31-JAN-1996
EVEREADY,Eveready Industries India Limited,EQ,27-APR-2005
EVERESTIND,Everest Industries Limited,BE,29-MAR-1995
EXCELINDUS,Excel Industries Limited,EQ,16-JUN-2004
EXCELSOFT,Excelsoft Technologies Limited,EQ,26-NOV-2025
EXICOM,Exicom Tele-Systems Limited,EQ,05-MAR-2024
EXIDEIND,Exide Industries Limited,EQ,17-JUN-2003
EXPLEOSOL,Expleo Solutions Limited,EQ,26-OCT-2009
EXXARO,Exxaro Tiles Limited,EQ,16-AUG-2021
FABTECH,Fabtech Technologies Limited,EQ,07-OCT-2025
FACT,Fertilizers and Chemicals Travancore Limited,EQ,12-APR-1995
FAIRCHEMOR,Fairchem Organics Limited,BE,24-DEC-2020
FAZE3Q,Faze Three Limited,EQ,18-NOV-2022
FCL,Fineotex Chemical Limited,EQ,15-JAN-2015
FCSSOFT,FCS Software Solutions Limited,EQ,21-SEP-2005
FDC,FDC Limited,EQ,07-AUG-1997
FEDDERSHOL,Fedders Holding Limited,EQ,20-APR-2026
FEDERALBNK,The Federal Bank  Limited,EQ,08-FEB-1995
FEDFINA,Fedbank Financial Services Limited,EQ,30-NOV-2023
FERMENTA,Fermenta Biotech Limited,EQ,04-AUG-2026
FIBERWEB,Fiberweb (India) Limited,EQ,16-FEB-2022
FIEMIND,Fiem Industries Limited,EQ,19-OCT-2006
FILATEX,Filatex India Limited,EQ,29-AUG-2011
FILATFASH,Filatex Fashions Limited,EQ,06-MAY-2024
FINCABLES,Finolex Cables Limited,EQ,15-FEB-1995
FINEORG,Fine Organic Industries Limited,EQ,02-JUL-2018
FINKURVE,Finkurve Financial Services Limited,EQ,01-OCT-2025
FINOPB,Fino Payments Bank Limited,EQ,12-NOV-2021
FINPIPE,Finolex Industries Limited,EQ,08-FEB-1995
FIRSTCRY,Brainbees Solutions Limited,EQ,13-AUG-2024
FISCHER,Fischer Medical Ventures Limited,EQ,10-JUL-2025
FIVESTAR,Five-Star Business Finance Limited,EQ,21-NOV-2022
FLAIR,Flair Writing Industries Limited,EQ,01-DEC-2023
FLEXITUFF,Flexituff Ventures International Limited,BE,19-OCT-2011
FLUOROCHEM,Gujarat Fluorochemicals Limited,EQ,16-OCT-2019
FMGOETZE,Federal-Mogul Goetze (India) Limited.,EQ,08-FEB-1995
FMNL,Future Market Networks Limited,BE,31-DEC-2010
FOCUS,Focus Lighting and Fixtures Limited,BE,24-NOV-2021
FOODSIN,Foods & Inns Limited,EQ,16-NOV-2021
FORCEMOT,FORCE MOTORS LTD,EQ,14-FEB-2024
FORTIS,Fortis Healthcare Limited,EQ,09-MAY-2007
FOSECOIND,Foseco India Limited,EQ,05-MAY-2003
FRACTAL,Fractal Analytics Limited,EQ,16-FEB-2026
FREDUN,Fredun Pharmaceuticals Limited,EQ,17-AUG-2026
FRONTSP,Frontier Springs Limited,EQ,20-APR-2026
FSL,Firstsource Solutions Limited,EQ,22-FEB-2007
FUSION,Fusion Finance Limited,EQ,15-NOV-2022
GABRIEL,Gabriel India Limited,EQ,20-APR-2005
GAEL,Gujarat Ambuja Exports Limited,EQ,11-OCT-2000
GAIL,GAIL (India) Limited,EQ,02-APR-1997
GALAPREC,Gala Precision Engineering Limited,EQ,09-SEP-2024
GALAXYSURF,Galaxy Surfactants Limited,EQ,08-FEB-2018
GALLANTT,Gallantt Ispat Limited,EQ,04-APR-2006
GANDHAR,Gandhar Oil Refinery (India) Limited,EQ,30-NOV-2023
GANDHITUBE,Gandhi Special Tubes Limited,EQ,31-JAN-2007
GANECOS,Ganesha Ecosphere Limited,EQ,09-MAR-2015
GANESHBE,Ganesh Benzoplast Limited,BE,16-SEP-2021
GANESHCP,Ganesh Consumer Products Limited,EQ,29-SEP-2025
GANESHHOU,GANESH HOUSING LIMITED,EQ,02-MAR-2007
GANGAFORGE,Ganga Forging Limited,EQ,06-JUL-2021
GANGESSECU,Ganges Securities Limited,EQ,28-JUL-2017
GARFIBRES,Garware Technical Fibres Limited,EQ,03-APR-2007
GARUDA,Garuda Construction and Engineering Limited,EQ,15-OCT-2024
GATECH,GACM Technologies Limited,BE,25-JUL-2016
GATECHDVR,GACM Technologies Limited,BE,10-OCT-2017
GATEWAY,Gateway Distriparks Limited,EQ,22-MAR-2022
GAUDIUMIVF,Gaudium IVF and Women Health Limited,BE,27-FEB-2026
GAYAHWS,Gayatri Highways Limited,EQ,28-JUN-2018
GAYAPROJ,Gayatri Projects Limited,BE,22-AUG-2011
GCSL,Gretex Corporate Services Limited,EQ,04-SEP-2025
GEECEE,GeeCee Ventures Limited,BE,04-OCT-2006
GEEKAYWIRE,Geekay Wires Limited,EQ,06-MAR-2020
GEMAROMA,Gem Aromatics Limited,EQ,26-AUG-2025
GENCON,Generic Engineering Construction and Projects Limited,EQ,16-FEB-2021
GENESYS,Genesys International Corporation Limited,EQ,23-JAN-2003
GENUSPAPER,Genus Paper & Boards Limited,EQ,16-FEB-2015
GENUSPOWER,Genus Power Infrastructures Limited,EQ,08-JUL-2005
GEOJITFSL,Geojit Financial Services Limited,EQ,01-JUL-2005
GESHIP,The Great Eastern Shipping Company Limited,EQ,27-NOV-2006
GFLLIMITED,GFL Limited,EQ,25-MAY-1995
GHCL,GHCL Limited,EQ,31-JUL-2003
GHCLTEXTIL,GHCL Textiles Limited,EQ,12-JUN-2023
GICHSGFIN,GIC Housing Finance Limited,EQ,08-MAY-1996
GICL,Globe International Carriers Limited,EQ,18-FEB-2026
GICRE,General Insurance Corporation of India,EQ,25-OCT-2017
GILLANDERS,Gillanders Arbuthnot & Company Limited,EQ,14-DEC-2009
GILLETTE,Gillette India Limited,EQ,30-JUL-2003
GINNIFILA,Ginni Filaments Limited,BE,10-MAY-1995
GIPCL,Gujarat Industries Power Company Limited,EQ,08-FEB-1995
GKB,GKB Ophthalmics Limited,EQ,17-AUG-2026
GKENERGY,GK Energy Limited,EQ,26-SEP-2025
GKSL,Gujarat Kidney And Super Speciality Limited,EQ,30-DEC-2025
GKWLIMITED,GKW Limited,EQ,20-JUL-2009
GLAND,Gland Pharma Limited,EQ,20-NOV-2020
GLAXO,GlaxoSmithKline Pharmaceuticals Limited,EQ,15-DEC-2000
GLENMARK,Glenmark Pharmaceuticals Limited,EQ,07-FEB-2000
GLFL,Gujarat Lease Financing Limited,EQ,08-FEB-1995
GLOBAL,Global Education Limited,EQ,07-DEC-2020
GLOBALE,Globale Tessile Limited,EQ,27-AUG-2024
GLOBALVECT,Global Vectra Helicorp Limited,EQ,27-OCT-2006
GLOBE,GLOBE ENTERPRISES (INDIA) LIMITED,EQ,07-OCT-2020
GLOBECIVIL,Globe Civil Projects Limited,EQ,01-JUL-2025
GLOBUSSPR,Globus Spirits Limited,EQ,23-SEP-2009
GLOSTERLTD,Gloster Limited,EQ,26-APR-2024
GLOTTIS,Glottis Limited,BE,07-OCT-2025
GMBREW,GM Breweries Limited,EQ,23-AUG-1995
GMDCLTD,Gujarat Mineral Development Corporation Limited,EQ,17-DEC-1997
GMMPFAUDLR,GMM Pfaudler Limited,EQ,05-MAR-2018
GMRAIRPORT,GMR AIRPORTS LIMITED,EQ,21-AUG-2006
GMRP&UI,GMR Power and Urban Infra Limited,EQ,23-MAR-2022
GNA,GNA Axles Limited,EQ,26-SEP-2016
GNFC,Gujarat Narmada Valley Fertilizers and Chemicals Limited,EQ,17-MAY-1995
GNRL,Gujarat Natural Resources Limited,EQ,20-APR-2026
GOACARBON,Goa Carbon Limited,EQ,05-JUN-2007
GOCLCORP,GOCL Corporation Limited,EQ,26-JUN-2014
GOCOLORS,Go Fashion (India) Limited,EQ,30-NOV-2021
GODAVARIB,Godavari Biorefineries Limited,EQ,30-OCT-2024
GODFRYPHLP,Godfrey Phillips India Limited,EQ,24-JUL-1996
GODIGIT,Go Digit General Insurance Limited,EQ,23-MAY-2024
GODREJAGRO,Godrej Agrovet Limited,EQ,16-OCT-2017
GODREJCP,Godrej Consumer Products Limited,EQ,20-JUN-2001
GODREJIND,Godrej Industries Limited,EQ,25-FEB-2003
GODREJPROP,Godrej Properties Limited,EQ,05-JAN-2010
GOKEX,Gokaldas Exports Limited,EQ,27-APR-2005
GOKUL,Gokul Refoils and Solvent Limited,EQ,04-JUN-2008
GOKULAGRO,Gokul Agro Resources Limited,EQ,11-MAR-2016
GOLDIAM,Goldiam International Limited,EQ,29-AUG-2005
GOLDTECH,AION-TECH SOLUTIONS LIMITED,BE,11-APR-2001
GOODLUCK,Goodluck India Limited,EQ,08-JAN-2015
GOODYEAR,Goodyear India Limited,EQ,20-APR-2026
GOPAL,Gopal Snacks Limited,EQ,14-MAR-2024
GOYALALUM,Goyal Aluminiums Limited,EQ,04-NOV-2022
GPIL,Godawari Power And Ispat limited,EQ,25-APR-2006
GPPL,Gujarat Pipavav Port Limited,EQ,09-SEP-2010
GPTHEALTH,GPT Healthcare Limited,EQ,29-FEB-2024
GPTINFRA,GPT Infraprojects Limited,EQ,11-JUL-2016
GRADIENTE,Gradiente Infotainment Limited,EQ,08-MAY-2026
GRANDOAK,Grand Oak Canyons Distillery Limited,EQ,20-APR-2026
GRANULES,Granules India Limited,EQ,20-JUN-2005
GRAPHITE,Graphite India Limited,EQ,07-FEB-2003
GRASIM,Grasim Industries Limited,EQ,10-MAY-1995
GRAUWEIL,Grauer & Weil India Limited,EQ,20-APR-2026
GRAVISSHO,Graviss Hospitality Limited,EQ,20-APR-2026
GRAVITA,Gravita India Limited,EQ,16-NOV-2010
GREAVESCOT,Greaves Cotton Limited,EQ,09-SEP-2004
GREENLAM,Greenlam Industries Limited,EQ,02-MAR-2015
GREENPANEL,Greenpanel Industries Limited,EQ,23-OCT-2019
GREENPLY,Greenply Industries Limited,EQ,06-MAR-1996
GREENPOWER,Orient Green Power Company Limited,EQ,08-OCT-2010
GRINDWELL,Grindwell Norton Limited,EQ,11-SEP-2006
GRINFRA,G R Infraprojects Limited,EQ,19-JUL-2021
GRMOVER,GRM Overseas Limited,EQ,07-SEP-2022
GROBTEA,The Grob Tea Company Limited,EQ,14-JUL-2016
GROWW,Billionbrains Garage Ventures Limited,EQ,12-NOV-2025
GRPLTD,GRP Limited,EQ,12-FEB-2015
GRSE,Garden Reach Shipbuilders & Engineers Limited,EQ,10-OCT-2018
GRWRHITECH,Garware Hi-Tech Films Limited,EQ,03-FEB-2022
GSFC,Gujarat State Fertilizers & Chemicals Limited,EQ,06-SEP-1995
GSLSU,Global Surfaces Limited,EQ,23-MAR-2023
GSPCROP,GSP Crop Science Limited,EQ,24-MAR-2026
GSS,GSS Infotech Limited,EQ,07-MAR-2008
GTECJAINX,G-TEC JAINX EDUCATION LIMITED,BE,13-NOV-2020
GTL,GTL Limited,EQ,29-MAR-1995
GTLINFRA,GTL Infrastructure Limited,EQ,09-NOV-2006
GTPL,GTPL Hathway Limited,EQ,04-JUL-2017
GUFICBIO,Gufic Biosciences Limited,EQ,19-OCT-2004
GUJALKALI,Gujarat Alkalies and Chemicals Limited,EQ,07-AUG-1997
GUJAPOLLO,Gujarat Apollo Industries Limited,EQ,04-JUN-2007
GUJENERGY,GUJARAT ENERGY LIMITED,EQ,15-SEP-2015
GUJRAFFIA,Gujarat Raffia Industries Limited,EQ,09-OCT-1996
GUJTHEM,Gujarat Themis Biosyn Limited,EQ,25-FEB-2025
GULFOILLUB,Gulf Oil Lubricants India Limited,EQ,31-JUL-2014
GULFPETRO,GP Petroleums Limited,BE,24-SEP-2004
GULPOLY,Gulshan Polyols Limited,EQ,28-JAN-2015
GVKPIL,GVK Power & Infrastructure Limited,BE,27-FEB-2006
GVPIL,GE Power India Limited,EQ,19-APR-2000
GVPTECH,GVP Infotech Limited,EQ,06-SEP-2022
GVT&D,GE Vernova T&D India Limited,EQ,30-JUN-2008
GYFTR,Gyftr Limited,EQ,10-JUL-2026
HAL,Hindustan Aeronautics Limited,EQ,28-MAR-2018
HALDER,Halder Venture Limited,EQ,19-JAN-2026
HALDYNGL,Haldyn Glass Limited,BE,20-APR-2026
HALEOSLABS,HALEOS LABS LIMITED,EQ,17-AUG-2017
HAMPTON,Hampton Sky Realty Limited,EQ,17-AUG-2026
HAPPSTMNDS,Happiest Minds Technologies Limited,EQ,17-SEP-2020
HAPPYFORGE,Happy Forgings Limited,EQ,27-DEC-2023
HARDWYN,Hardwyn India Limited,EQ,12-APR-2022
HARIOMPIPE,Hariom Pipe Industries Limited,EQ,13-APR-2022
HARRMALAYA,Harrisons  Malayalam Limited,EQ,08-FEB-1995
HARSHA,Harsha Engineers International Limited,EQ,26-SEP-2022
HATHWAY,Hathway Cable & Datacom Limited,EQ,25-FEB-2010
HATSUN,Hatsun Agro Product Limited,EQ,20-JUN-2014
HAVELLS,Havells India Limited,EQ,21-MAR-2001
HAVISHA,Sri Havisha Hospitality and Infrastructure Limited,EQ,16-FEB-2000
HAWKINCOOK,Hawkins Cookers Limited,EQ,20-APR-2026
HAZOOR,Hazoor Multi Projects Limited,EQ,17-AUG-2026
HBESD,HB Estate Developers Limited,EQ,20-APR-2026
HBLENGINE,HBL Engineering Limited,EQ,04-JAN-2007
HBPOR,HB Portfolio Limited,EQ,17-AUG-2026
HBSL,HB Stockholdings Limited,EQ,23-JUL-2018
HCC,Hindustan Construction Company Limited,EQ,01-APR-2003
HCG,Healthcare Global Enterprises Limited,EQ,30-MAR-2016
HCL-INSYS,HCL Infosystems Limited,EQ,01-JAN-1997
HCLTECH,HCL Technologies Limited,EQ,06-JAN-2000
HDBFS,HDB Financial Services Limited,EQ,02-JUL-2025
HDFCAMC,HDFC Asset Management Company Limited,EQ,06-AUG-2018
HDFCBANK,HDFC Bank Limited,EQ,08-NOV-1995
HDFCLIFE,HDFC Life Insurance Company Limited,EQ,17-NOV-2017
HEADSUP,Heads UP Ventures Limited,EQ,14-DEC-2016
HEALTHX,Health X Platform Limited,EQ,05-OCT-2010
HECPROJECT,HEC Infra Projects Limited,EQ,30-DEC-2021
HEG,HEG Limited,EQ,10-MAY-1995
HEIDELBERG,HeidelbergCement India Limited,EQ,15-MAR-1995
HEMIPROP,Hemisphere Properties India Limited,EQ,22-OCT-2020
HERANBA,Heranba Industries Limited,EQ,05-MAR-2021
HERITGFOOD,Heritage Foods Limited,EQ,27-NOV-1996
HEROMOTOCO,Hero MotoCorp Limited,EQ,11-APR-2003
HESTERBIO,Hester Biosciences Limited,EQ,13-MAR-2015
HEXAGON,Hexagon Nutrition Limited,BE,12-JUN-2026
HEXATRADEX,Hexa Tradex Limited,EQ,20-APR-2012
HEXT,Hexaware Technologies Limited,EQ,19-FEB-2025
HFCL,HFCL Limited,EQ,09-MAR-2011
HGINFRA,H.G. Infra Engineering Limited,EQ,09-MAR-2018
HGM,HandsOn Global Management (HGM) Limited,EQ,27-SEP-2006
HGS,Hinduja Global Solutions Limited,EQ,19-JUN-2007
HIKAL,Hikal Limited,EQ,14-FEB-2001
HILINFRA,Highway Infrastructure Limited,EQ,12-AUG-2025
HILTON,Hilton Metal Forging Limited,BE,24-MAY-2007
HIMATSEIDE,Himatsingka Seide Limited,EQ,08-FEB-1995
HINDADH,Hindustan Adhesives Limited,EQ,17-AUG-2026
HINDALCO,Hindalco Industries Limited,EQ,08-JAN-1997
HINDALUMI,Hind Aluminium Industries Limited,EQ,17-AUG-2026
HINDCOMPOS,Hindustan Composites Limited,EQ,08-MAY-1996
HINDCON,Hindcon Chemicals Limited,EQ,05-JUL-2021
HINDCOPPER,Hindustan Copper Limited,EQ,15-SEP-2010
HINDOILEXP,Hindustan Oil Exploration Company Limited,EQ,23-SEP-2003
HINDPETRO,Hindustan Petroleum Corporation Limited,EQ,17-JUN-1998
HINDUNILVR,Hindustan Unilever Limited,EQ,06-JUL-1995
HINDWAREAP,Hindware Home Innovation Limited,EQ,26-DEC-2019
HINDZINC,Hindustan Zinc Limited,EQ,21-NOV-2006
HIRECT,Hirect Limited,EQ,26-DEC-2006
HISARMETAL,Hisar Metal Industries Limited,EQ,05-JAN-2017
HITECH,Hi-Tech Pipes Limited,EQ,07-MAY-2018
HITECHCORP,Hitech Corporation Limited,BE,20-DEC-2007
HITECHGEAR,The Hi-Tech Gears Limited,BE,21-JAN-2002
HLEGLAS,HLE Glascoat Limited,EQ,09-FEB-2023
HLVLTD,HLV LIMITED,EQ,19-JUL-1995
HMAAGRO,HMA Agro Industries Limited,EQ,04-JUL-2023
HMVL,Hindustan Media Ventures Limited,BE,21-JUL-2010
HNDFDS,Hindustan Foods Limited,EQ,06-JUN-2023
HOMEFIRST,Home First Finance Company India Limited,EQ,03-FEB-2021
HONASA,Honasa Consumer Limited,EQ,07-NOV-2023
HONAUT,Honeywell Automation India Limited,EQ,18-JUL-2003
HONDAPOWER,Honda India Power Products Limited,EQ,01-APR-2003
HPAL,HP Adhesives Limited,EQ,27-DEC-2021
HPIL,Hindprakash Industries Limited,EQ,07-NOV-2022
HPL,HPL Electric & Power Limited,EQ,04-OCT-2016
HRYNSHP,Hariyana Ship Breakers Limited,EQ,17-AUG-2026
HSCL,Himadri Speciality Chemical Limited,EQ,02-MAR-2007
HTMEDIA,HT Media Limited,EQ,01-SEP-2005
HUBTOWN,Hubtown Limited,EQ,07-FEB-2007
HUDCO,Housing & Urban Development Corporation Limited,EQ,19-MAY-2017
HUHTAMAKI,Huhtamaki India Limited,EQ,01-OCT-2004
HYBRIDFIN,Hybrid Financial Services Limited,BE,05-DEC-2022
HYUNDAI,Hyundai Motor India Limited,EQ,22-OCT-2024
IBULLSLTD,Indiabulls Limited,EQ,18-AUG-2011
ICDSLTD,ICDS Limited,EQ,17-NOV-1999
ICEMAKE,Ice Make Refrigeration Limited,EQ,12-OCT-2020
ICICIAMC,ICICI Prudential Asset Management Company Limited,EQ,19-DEC-2025
ICICIBANK,ICICI Bank Limited,EQ,17-SEP-1997
ICICIGI,ICICI Lombard General Insurance Company Limited,EQ,27-SEP-2017
ICICIPRULI,ICICI Prudential Life Insurance Company Limited,EQ,29-SEP-2016
ICIL,Indo Count Industries Limited,EQ,12-SEP-2005
ICRA,ICRA Limited,EQ,13-APR-2007
IDBI,IDBI Bank Limited,EQ,20-SEP-1995
IDEA,Vodafone Idea Limited,EQ,09-MAR-2007
IDEAFORGE,Ideaforge Technology Limited,EQ,07-JUL-2023
IDFCFIRSTB,IDFC First Bank Limited,EQ,06-NOV-2015
IEX,Indian Energy Exchange Limited,EQ,23-OCT-2017
IFBAGRO,IFB Agro Industries Limited,EQ,03-APR-1996
IFBIND,IFB Industries Limited,EQ,29-MAR-1995
IFCI,IFCI Limited,EQ,26-APR-1995
IFGLEXPOR,IFGL Refractories Limited,EQ,14-NOV-2017
IGARASHI,Igarashi Motors India Limited,EQ,09-OCT-2003
IGCL,Indogulf Cropsciences Limited,EQ,03-JUL-2025
IGIL,International Gemological Institute Limited,EQ,20-DEC-2024
IGL,Indraprastha Gas Limited,EQ,26-DEC-2003
IGPL,IG Petrochemicals Limited,EQ,29-JAN-2007
IIFL,IIFL Finance Limited,EQ,17-MAY-2005
IIFLCAPS,IIFL Capital Services Limited,EQ,20-SEP-2019
IITL,Industrial Investment Trust Limited,EQ,17-AUG-2010
IKIO,IKIO Technologies Limited,EQ,16-JUN-2023
IKS,Inventurus Knowledge Solutions Limited,EQ,19-DEC-2024
IMAGICAA,Imagicaaworld Entertainment Limited,EQ,06-APR-2015
IMFA,Indian Metals & Ferro Alloys Limited,EQ,23-JUL-2010
IMPAL,India Motor Parts and Accessories Limited,EQ,07-OCT-2005
INA,Insolation Energy Limited,EQ,09-MAR-2026
INCREDIBLE,INCREDIBLE INDUSTRIES LIMITED,EQ,01-JUL-2016
INDBANK,Indbank Merchant Banking Services Limited,EQ,08-OCT-2008
INDGN,Indegene Limited,EQ,13-MAY-2024
INDHOTEL,The Indian Hotels Company Limited,EQ,03-JUL-1996
INDIACEM,The India Cements Limited,EQ,31-MAY-2000
INDIAGLYCO,India Glycols Limited,EQ,01-JUL-2005
INDIAMART,Indiamart Intermesh Limited,EQ,04-JUL-2019
INDIANB,Indian Bank,EQ,01-MAR-2007
INDIANCARD,Indian Card Clothing Company Limited,EQ,08-JAN-1997
INDIANHUME,Indian Hume Pipe Company Limited,EQ,30-AUG-1995
INDIASHLTR,India Shelter Finance Corporation Limited,EQ,20-DEC-2023
INDIGO,InterGlobe Aviation Limited,EQ,10-NOV-2015
INDIGOPNTS,Indigo Paints Limited,EQ,02-FEB-2021
INDIQUBE,Indiqube Spaces Limited,EQ,30-JUL-2025
INDNIPPON,India Nippon Electricals Limited,EQ,07-MAY-1997
INDOAMIN,Indo Amines Limited,BE,29-APR-2022
INDOBORAX,Indo Borax & Chemicals Limited,EQ,29-MAR-2022
INDOCO,Indoco Remedies Limited,EQ,14-JAN-2005
INDOFARM,Indo Farm Equipment Limited,EQ,07-JAN-2025
INDOKEM,Indokem Limited,EQ,17-AUG-2026
INDOMIM,INDO-MIM Limited,EQ,30-JUL-2026
INDORAMA,Indo Rama Synthetics (India) Limited,EQ,20-JUN-2003
INDOSTAR,IndoStar Capital Finance Limited,EQ,21-MAY-2018
INDOTECH,Indo Tech Transformers Limited,EQ,16-MAR-2006
INDOTHAI,Indo Thai Securities Limited,EQ,02-NOV-2011
INDOUS,Indo Us Biotech Limited,EQ,27-SEP-2024
INDOWIND,Indowind Energy Limited,EQ,14-SEP-2007
INDPRUD,Industrial & Prudential Investment Company Limited,EQ,20-APR-2026
INDRAMEDCO,Indraprastha Medical Corporation Limited,EQ,17-APR-1997
INDSWFTLAB,Ind-Swift Laboratories Limited,EQ,02-JUL-1997
INDTERRAIN,Indian Terrain Fashions Limited,EQ,11-MAR-2011
INDUSINDBK,IndusInd Bank Limited,EQ,28-JAN-1998
INDUSTOWER,Indus Towers Limited,EQ,28-DEC-2012
INFOBEAN,InfoBeans Technologies Limited,EQ,15-JUL-2019
INFOMEDIA,Infomedia Press Limited,EQ,12-OCT-2006
INFY,Infosys Limited,EQ,08-FEB-1995
INGERRAND,Ingersoll Rand (India) Limited,EQ,15-APR-1999
INNOVACAP,Innova Captab Limited,EQ,29-DEC-2023
INNOVANA,Innovana Thinklabs Limited,EQ,17-DEC-2024
INNOVISION,Innovision Limited,EQ,23-MAR-2026
INOXGREEN,Inox Green Energy Services Limited,EQ,23-NOV-2022
INOXINDIA,INOX India Limited,EQ,21-DEC-2023
INOXWIND,Inox Wind Limited,EQ,09-APR-2015
INSECTICID,Insecticides (India) Limited,EQ,30-MAY-2007
INSPIRISYS,Inspirisys Solutions Limited,BE,30-OCT-2006
INTELLECT,Intellect Design Arena Limited,EQ,18-DEC-2014
INTENTECH,Intense Technologies Limited,EQ,23-MAR-2017
INTERARCH,Interarch Building Solutions Limited,EQ,26-AUG-2024
INTLCONV,International Conveyors Limited,EQ,16-SEP-2021
INVENTURE,Inventure Growth & Securities Limited,EQ,04-AUG-2011
INVPRECQ,Investment & Precision Castings Limited,BE,20-APR-2026
IOB,Indian Overseas Bank,EQ,07-DEC-2000
IOC,Indian Oil Corporation Limited,EQ,24-JUL-1996
IOLCP,IOL Chemicals and Pharmaceuticals Limited,EQ,08-NOV-2010
IONEXCHANG,ION Exchange (India) Limited,EQ,22-FEB-2022
IPCALAB,IPCA Laboratories Limited,EQ,08-FEB-1995
IPL,India Pesticides Limited,EQ,05-JUL-2021
IPRINGLTD,IP Rings Limited,EQ,17-AUG-2026
IRB,IRB Infrastructure Developers Limited,EQ,25-FEB-2008
IRCON,Ircon International Limited,EQ,28-SEP-2018
IRCTC,Indian Railway Catering And Tourism Corporation Limited,EQ,14-OCT-2019
IREDA,Indian Renewable Energy Development Agency Limited,EQ,29-NOV-2023
IRFC,Indian Railway Finance Corporation Limited,EQ,29-JAN-2021
IRIS,IRIS RegTech Solutions Limited,EQ,08-NOV-2021
IRISDOREME,Iris Clothings Limited,EQ,22-FEB-2021
IRMENERGY,IRM Energy Limited,EQ,26-OCT-2023
ISFT,Intrasoft Technologies Limited,EQ,12-APR-2010
ISGEC,Isgec Heavy Engineering Limited,EQ,05-MAY-2021
ISHANCH,Ishan Dyes and Chemicals Limited,EQ,24-MAR-2025
ISTLTD,I S T Limited,EQ,17-AUG-2026
ITC,ITC Limited,EQ,23-AUG-1995
ITCHOTELS,ITC Hotels Limited,EQ,29-JAN-2025
ITDC,India Tourism Development Corporation Limited,EQ,30-DEC-2016
ITI,ITI Limited,EQ,15-SEP-2003
ITL,ITL Industries Limited,EQ,17-AUG-2026
IVALUE,Ivalue Infosolutions Limited,EQ,25-SEP-2025
IVC,IL&FS Investment Managers Limited,EQ,15-SEP-1999
IVP,IVP Limited,BE,13-SEP-1995
IWP,The Indian Wood Products Company Limited,EQ,20-APR-2026
IXIGO,Le Travenues Technology Limited,EQ,18-JUN-2024
IZMO,IZMO Limited,EQ,05-FEB-2007
J&KBANK,The Jammu & Kashmir Bank Limited,EQ,22-JUL-1998
JAGRAN,Jagran Prakashan Limited,EQ,22-FEB-2006
JAGSNPHARM,Jagsonpal Pharmaceuticals Limited,EQ,01-MAR-2000
JAIBALAJI,Jai Balaji Industries Limited,EQ,09-DEC-2003
JAICORPLTD,Jai Corp Limited,EQ,26-NOV-1997
JAINREC,Jain Resource Recycling Limited,EQ,01-OCT-2025
JAIPURKURT,Nandani Creation Limited,EQ,02-SEP-2021
JAMNAAUTO,Jamna Auto Industries Limited,EQ,10-DEC-2010
JARO,Jaro Institute of Technology Management and Research Limited,EQ,30-SEP-2025
JASH,Jash Engineering Limited,EQ,30-OCT-2019
JAYAGROGN,Jayant Agro Organics Limited,EQ,17-APR-1996
JAYBARMARU,Jay Bharat Maruti Limited,EQ,03-JAN-1996
JAYKAY,Jaykay Enterprises Limited,EQ,03-DEC-2025
JAYNECOIND,Jayaswal Neco Industries Limited,EQ,10-MAY-1995
JAYSREETEA,Jayshree Tea & Industries Limited,EQ,15-FEB-1995
JBMA,JBM Auto Limited,EQ,17-DEC-2004
JENBURPH,Jenburkt Pharmaceuticals Limited,EQ,17-AUG-2026
JETFREIGHT,Jet Freight Logistics Limited,EQ,21-DEC-2021
JGCHEM,J.G.Chemicals Limited,EQ,13-MAR-2024
JHS,JHS Svendgaard Laboratories Limited,EQ,21-OCT-2006
JINDALPHOT,Jindal Photo Limited,EQ,07-APR-2005
JINDALPOLY,Jindal Poly Films Limited,EQ,21-JAN-2002
JINDALSAW,Jindal Saw Limited,EQ,29-APR-2003
JINDALSTEL,JINDAL STEEL LIMITED,EQ,29-DEC-1999
JINDRILL,Jindal Drilling And Industries Limited,EQ,22-DEC-2006
JINDWORLD,Jindal Worldwide Limited,EQ,25-NOV-2010
JIOFIN,Jio Financial Services Limited,EQ,21-AUG-2023
JISLDVREQS,Jain Irrigation Systems Limited,EQ,30-NOV-2011
JISLJALEQS,Jain Irrigation Systems Limited,EQ,13-AUG-2001
JITFINFRA,JITF Infralogistics Limited,EQ,27-FEB-2017
JKCEMENT,JK Cement Limited,EQ,14-MAR-2006
JKIL,J.Kumar Infraprojects Limited,EQ,12-FEB-2008
JKIPL,Jinkushal Industries Limited,EQ,03-OCT-2025
JKLAKSHMI,JK Lakshmi Cement Limited,EQ,19-JUN-2006
JKPAPER,JK Paper Limited,EQ,16-JUN-2005
JKTYRE,JK Tyre & Industries Limited,EQ,19-MAR-2007
JLHL,Jupiter Life Line Hospitals Limited,EQ,18-SEP-2023
JMA,Jullundur Motor Agency (Delhi) Limited,EQ,16-MAR-2015
JMFINANCIL,JM Financial Limited,EQ,10-OCT-2006
JNKINDIA,JNK India Limited,EQ,30-APR-2024
JNPR,Juniper Green Energy Limited,EQ,06-AUG-2026
JOCIL,Jocil Limited,BE,08-OCT-2008
JPOLYINVST,Jindal Poly Investment and Finance Company Limited,EQ,11-NOV-2013
JPPOWER,Jaiprakash Power Ventures Limited,EQ,18-APR-2005
JSFB,Jana Small Finance Bank Limited,EQ,14-FEB-2024
JSL,Jindal Stainless Limited,EQ,17-NOV-2003
JSLL,Jeena Sikho Lifecare Limited,EQ,11-AUG-2025
JSWCEMENT,JSW Cement Limited,EQ,14-AUG-2025
JSWDULUX,JSW Dulux Limited,EQ,28-JUN-2001
JSWENERGY,JSW Energy Limited,EQ,04-JAN-2010
JSWHL,JSW Holdings Limited,EQ,21-JUN-2005
JSWINFRA,JSW Infrastructure Limited,EQ,03-OCT-2023
JSWSTEEL,JSW Steel Limited,EQ,23-MAR-2005
JTEKTINDIA,Jtekt India Limited,EQ,12-JAN-2004
JTLIND,JTL INDUSTRIES LIMITED,EQ,12-JUN-2023
JUBLCPL,Jubilant Agri and Consumer Products Limited,EQ,14-FEB-2025
JUBLFOOD,Jubilant Foodworks Limited,EQ,08-FEB-2010
JUBLINGREA,Jubilant Ingrevia Limited,EQ,19-MAR-2021
JUBLPHARMA,Jubilant Pharmova Limited,EQ,16-JUN-2003
JUNIPER,Juniper Hotels Limited,EQ,28-FEB-2024
JUSTDIAL,Just Dial Limited,EQ,05-JUN-2013
JWL,Jupiter Wagons Limited,EQ,18-OCT-2010
JYOTHYLAB,Jyothy Labs Limited,EQ,19-DEC-2007
JYOTICNC,Jyoti CNC Automation Limited,EQ,16-JAN-2024
JYOTIRES,Jyoti Resins & Adhesives Limited,EQ,17-AUG-2026
JYOTISTRUC,Jyoti Structures Limited,EQ,19-JUL-1995
KABRAEXTRU,Kabra Extrusion Technik Limited,EQ,06-SEP-1995
KAJARIACER,Kajaria Ceramics Limited,EQ,01-JUN-2004
KAKATCEM,Kakatiya Cement Sugar & Industries Limited,EQ,13-DEC-1995
KALAMANDIR,Sai Silks (Kalamandir) Limited,EQ,27-SEP-2023
KALPATARU,Kalpataru Limited,EQ,01-JUL-2025
KALYANI,Kalyani Commercials Limited,BE,13-FEB-2017
KALYANIFRG,Kalyani Forge Limited,EQ,20-DEC-2007
KALYANKJIL,Kalyan Jewellers India Limited,EQ,26-MAR-2021
KAMAHOLD,Kama Holdings Limited,EQ,20-APR-2026
KAMANWALA,Kamanwala Housing Construction Limited,EQ,17-AUG-2026
KAMATHOTEL,Kamat Hotels (I) Limited,EQ,29-MAY-1996
KAMDHENU,Kamdhenu Limited,BE,09-MAY-2006
KAMOPAINTS,Kamdhenu Ventures Limited,EQ,24-JAN-2023
KANANIIND,Kanani Industries Limited,EQ,14-DEC-2011
KANCHI,Kanchi Karpooram Limited,EQ,20-APR-2026
KANCOTEA,Kanco Tea & Industries Limited,EQ,17-AUG-2026
KANORICHEM,Kanoria Chemicals & Industries Limited,BE,08-FEB-1995
KANPRPLA,Kanpur Plastipack Limited,EQ,01-JAN-2021
KANSAINER,Kansai Nerolac Paints Limited,EQ,15-SEP-2003
KAPSTON,Kapston Services Limited,EQ,27-MAY-2020
KARMAENG,Karma Energy Limited,EQ,28-JUN-2011
KARURVYSYA,Karur Vysya Bank Limited,EQ,26-JUL-2000
KAUSHALYA,Kaushalya Infrastructure Development Corporation Limited,BE,14-DEC-2007
KAVDEFENCE,Kavveri Defence & Wireless Technologies Limited,EQ,29-JAN-2008
KAYA,Kaya Limited,EQ,14-AUG-2015
KAYNES,Kaynes Technology India Limited,EQ,22-NOV-2022
KCP,KCP Limited,EQ,09-APR-1997
KCPSUGIND,KCP Sugar and Industries Corporation Limited,BE,11-JUN-1997
KDDL,KDDL Limited,EQ,23-MAR-2016
KEC,KEC International Limited,EQ,10-MAR-2006
KECL,Kirloskar Electric Company Limited,EQ,09-MAR-2010
KEEPLEARN,DSJ Keep Learning Limited,EQ,01-MAR-1995
KEI,KEI Industries Limited,EQ,23-MAR-2006
KELLTONTEC,Kellton Tech Solutions Limited,EQ,02-MAR-2016
KENNAMET,Kennametal India Limited,EQ,20-APR-2026
KERNEX,Kernex Microsystems (India) Limited,EQ,20-DEC-2005
KESORAMIND,Kesoram Industries Limited,BE,06-SEP-1995
KEYFINSERV,Keynote Financial Services Limited,EQ,26-JUN-1996
KFINTECH,Kfin Technologies Limited,EQ,29-DEC-2022
KHADIM,Khadim India Limited,BE,14-NOV-2017
KHAICHEM,Khaitan Chemicals & Fertilizers Limited,EQ,30-OCT-2020
KHAITANLTD,Khaitan (India) Limited,EQ,20-DEC-1995
KHANDSE,Khandwala Securities Limited,EQ,07-FEB-2001
KICL,Kalyani Investment Company Limited,EQ,14-JAN-2011
KILITCH,Kilitch Drugs (India) Limited,BE,29-SEP-2010
KIMS,Krishna Institute of Medical Sciences Limited,EQ,28-JUN-2021
KINGFA,Kingfa Science & Technology (India) Limited,EQ,15-NOV-2016
KIOCL,KIOCL Limited,EQ,29-NOV-2016
KIRANVYPAR,Kiran Vyapar Limited,EQ,20-APR-2026
KIRIINDUS,Kiri Industries Limited,EQ,22-APR-2008
KIRLFER,Kirloskar Ferrous Industries Limited,EQ,20-APR-2026
KIRLOSBROS,Kirloskar Brothers Limited,EQ,20-APR-2010
KIRLOSENG,Kirloskar Oil Engines Limited,EQ,24-DEC-2010
KIRLOSIND,Kirloskar Industries Limited,EQ,24-JUN-2010
KIRLPNU,Kirloskar Pneumatic Company Limited,EQ,26-APR-2023
KISSHT,OnEMI Technology Solutions Limited,EQ,08-MAY-2026
KITEX,Kitex Garments Limited,EQ,25-SEP-2012
KJMCFIN,KJMC Financial Services Limited,EQ,17-AUG-2026
KKCL,Kewal Kiran Clothing Limited,EQ,13-APR-2006
KLBRENG-B,Kilburn Engineering Limited,EQ,20-APR-2026
KMCSHIL,K M C Speciality Hospitals (India) Limited,EQ,17-AUG-2026
KMEW,Knowledge Marine & Engineering Works Limited,EQ,14-NOV-2024
KMSUGAR,K.M.Sugar Mills Limited,EQ,31-MAY-2007
KNACK,Knack Packaging Limited,EQ,08-JUL-2026
KNAGRI,KN Agri Resources Limited,EQ,09-DEC-2025
KNRCON,KNR Constructions Limited,EQ,18-FEB-2008
KOHINOOR,Kohinoor Foods Limited,EQ,20-OCT-1999
KOKUYOCMLN,Kokuyo Camlin Limited,EQ,28-JUL-2008
KOLTEPATIL,Kolte - Patil Developers Limited,EQ,13-DEC-2007
KOPRAN,Kopran Limited,BE,09-JUN-1999
KOTAKBANK,Kotak Mahindra Bank Limited,EQ,20-DEC-1995
KOTARISUG,Kothari Sugars And Chemicals Limited,EQ,13-DEC-2004
KOTHARIPET,Kothari Petrochemicals Limited,EQ,02-NOV-1996
KOTHARIPRO,Kothari Products Limited,EQ,03-JUN-1998
KOTIC,Kothari Industrial Corporation Limited,EQ,20-APR-2026
KOTYARK,Kotyark Industries Limited,BE,12-MAR-2026
KOVAI,Kovai Medical Center & Hospital Limited,EQ,20-APR-2026
KPEL,K.P. Energy Limited,EQ,14-NOV-2024
KPIGREEN,KPI Green Energy Limited,EQ,27-JUL-2021
KPIL,Kalpataru Projects International Limited,EQ,15-DEC-2000
KPITTECH,KPIT Technologies Limited,EQ,22-APR-2019
KPL,Kwality Pharmaceuticals Limited,EQ,20-APR-2026
KPRMILL,K.P.R. Mill Limited,EQ,28-AUG-2007
KRBL,KRBL Limited,EQ,21-JAN-2002
KREBSBIO,Krebs Biochemicals and Industries Limited,EQ,03-JAN-1996
KRIDHANINF,Kridhan Infra Limited,BE,11-DEC-2015
KRISHANA,Krishana Phoschem Limited,EQ,22-AUG-2019
KRISHIVAL,Krishival Foods Limited,EQ,20-JUN-2025
KRISHNADEF,Krishna Defence And Allied Industries Limited,EQ,30-DEC-2025
KRITI,Kriti Industries (India) Limited,EQ,01-NOV-2021
KRITIKA,Kritika Wires Limited,EQ,04-MAY-2022
KRITINUT,Kriti Nutrients Limited,EQ,07-OCT-2022
KRN,KRN Heat Exchanger and Refrigeration Limited,EQ,03-OCT-2024
KRONOX,Kronox Lab Sciences Limited,EQ,10-JUN-2024
KROSS,Kross Limited,EQ,16-SEP-2024
KRSNAA,Krsnaa Diagnostics Limited,EQ,16-AUG-2021
KRYSTAL,Krystal Integrated Services Limited,EQ,21-MAR-2024
KSB,Ksb Limited,EQ,08-FEB-1995
KSCL,Kaveri Seed Company Limited,EQ,04-OCT-2007
KSE,KSE Limited,EQ,17-AUG-2026
KSHINTL,KSH International Limited,EQ,23-DEC-2025
KSHITIJPOL,Kshitij Polyline Limited,EQ,27-JUL-2022
KSL,Kalyani Steels Limited,EQ,19-MAY-2010
KSOLVES,Ksolves India Limited,EQ,23-SEP-2022
KSR,KSR Footwear Limited,EQ,27-NOV-2025
KTKBANK,The Karnataka Bank Limited,EQ,10-MAY-2000
KUANTUM,Kuantum Papers Limited,EQ,23-OCT-2019
KUSUMGAR,Kusumgar Limited,EQ,15-JUL-2026
KWIL,Kwality Wall's (India) Limited,EQ,16-FEB-2026
LADDERUP,Ladderup Finance Limited,EQ,17-AUG-2026
LAGNAM,Lagnam Spintex Limited,EQ,30-SEP-2021
LAHOTIOV,Lahoti Overseas Limited,EQ,20-APR-2026
LAKSHMIMIL,Lakshmi Mills Company Limited,EQ,17-AUG-2026
LAL,Lorenzini Apparels Limited,EQ,10-APR-2023
LALPATHLAB,Dr. Lal Path Labs Ltd.,EQ,23-DEC-2015
LAMBODHARA,Lambodhara Textiles Limited,EQ,04-FEB-2015
LANCER,Lancer Container Lines Limited,EQ,17-AUG-2026
LANCORHOL,Lancor Holdings Limited,EQ,12-MAR-2024
LANDMARK,Landmark Cars Limited,EQ,23-DEC-2022
LANDSMILL,Landsmill Green Limited,EQ,03-AUG-2009
LAOPALA,La Opala RG Limited,EQ,16-MAR-2007
LASA,Lasa Supergenerics Limited,EQ,21-SEP-2017
LASERPOWER,Laser Power & Infra Limited,EQ,16-JUL-2026
LATENTVIEW,Latent View Analytics Limited,EQ,23-NOV-2021
LATTEYS,Latteys Industries Limited,EQ,23-MAY-2023
LAURUSLABS,Laurus Labs Limited,EQ,19-DEC-2016
LAXMICOT,Laxmi Cotspin Limited,EQ,12-NOV-2021
LAXMIDENTL,Laxmi Dental Limited,EQ,20-JAN-2025
LAXMIINDIA,Laxmi India Finance Limited,EQ,05-AUG-2025
LCCINFOTEC,LCC Infotech Limited,EQ,02-MAR-2000
LCL,Lohia Corp Limited,EQ,30-JUL-2026
LEAPIND,LEAP India Limited,EQ,14-AUG-2026
LEENEE,Lee & Nee Softwares Exports Limited,EQ,17-AUG-2026
LEMERITE,Le Merite Exports Limited,EQ,12-DEC-2025
LEMONTREE,Lemon Tree Hotels Limited,EQ,09-APR-2018
LENSKART,Lenskart Solutions Limited,EQ,10-NOV-2025
LEXUS,Lexus Granito (India) Limited,EQ,13-MAR-2023
LFIC,Lakshmi Finance & Industrial Corporation Limited,EQ,15-APR-2015
LGBBROSLTD,LG Balakrishnan & Bros Limited,EQ,30-MAR-2010
LGEINDIA,LG Electronics India Limited,EQ,14-OCT-2025
LGHL,Laxmi Goldorna House Limited,EQ,10-NOV-2023
LIBAS,Libas Consumer Products Limited,EQ,23-JUL-2019
LIBERTSHOE,Liberty Shoes Limited,EQ,27-SEP-1995
LICHSGFIN,LIC Housing Finance Limited,EQ,29-JUL-1998
LICI,Life Insurance Corporation Of India,EQ,17-MAY-2022
LIKHITHA,Likhitha Infrastructure Limited,EQ,15-OCT-2020
LINC,Linc Limited,EQ,09-MAR-2015
LINCOLN,Lincoln Pharmaceuticals Limited,EQ,17-DEC-2015
LINDEINDIA,Linde India Limited,EQ,16-JUN-1999
LKPSEC,LKP Securities Limited,EQ,17-AUG-2026
LLOYDSENGG,LLOYDS ENGINEERING WORKS LIMITED,EQ,18-JUL-2016
LLOYDSENT,Lloyds Enterprises Limited,EQ,17-OCT-2024
LLOYDSME,Lloyds Metals And Energy Limited,EQ,17-JUL-2023
LMW,LMW Limited,EQ,29-MAR-1995
LODHA,Lodha Developers Limited,EQ,19-APR-2021
LOKESHMACH,Lokesh Machines Limited,BE,05-MAY-2006
LORDSCHLO,Lords Chloro Alkali Limited,EQ,28-AUG-2023
LOTUSCHO,Lotus Chocolate Company Limited,EQ,17-AUG-2026
LOTUSDEV,Sri Lotus Developers and Realty Limited,BE,06-AUG-2025
LOTUSEYE,Lotus Eye Hospital and Institute Limited,EQ,11-JUL-2008
LOVABLE,Lovable Lingerie Limited,EQ,24-MAR-2011
LOYALTEX,Loyal Textile Mills Limited,EQ,11-AUG-2022
LPDC,Landmark Property Development Company Limited,EQ,12-AUG-2008
LT,Larsen & Toubro Limited,EQ,23-JUN-2004
LTF,L&T Finance Limited,EQ,12-AUG-2011
LTFOODS,LT Foods Limited,EQ,18-DEC-2006
LTM,LTM Limited,EQ,21-JUL-2016
LTTS,L&T Technology Services Limited,EQ,23-SEP-2016
LUMAXIND,Lumax Industries Limited,EQ,06-SEP-1995
LUMAXTECH,Lumax Auto Technologies Limited,EQ,16-JAN-2007
LUPIN,Lupin Limited,EQ,10-SEP-2001
LUXIND,Lux Industries Limited,EQ,30-NOV-2015
LXCHEM,Laxmi Organic Industries Limited,EQ,25-MAR-2021
LYKALABS,Lyka Labs Limited,BE,08-FEB-1995
M&M,Mahindra & Mahindra Limited,EQ,03-JAN-1996
M&MFIN,Mahindra & Mahindra Financial Services Limited,EQ,17-MAR-2006
MAANALU,Maan Aluminium Limited,EQ,22-OCT-2007
MACPOWER,Macpower CNC Machines Limited,EQ,19-AUG-2020
MADHAV,Madhav Marbles and Granites Limited,EQ,20-DEC-2007
MADHAVIPL,Madhav Infra Projects Limited,EQ,20-APR-2026
MADHUCON,Madhucon Projects Limited,BE,05-OCT-2006
MADRASFERT,Madras Fertilizers Limited,EQ,25-JUL-1997
MAFATIND,Mafatlal Industries Limited,EQ,20-APR-2026
MAGADSUGAR,Magadh Sugar & Energy Limited,EQ,28-JUL-2017
MAGNUM,Magnum Ventures Limited,EQ,20-SEP-2007
MAHABANK,Bank of Maharashtra,EQ,12-APR-2004
MAHAPEXLTD,Maha Rashtra Apex Corporation Limited,EQ,21-JAN-1998
MAHASTEEL,Mahamaya Steel Industries Limited,BE,01-JUL-2016
MAHEPC,Mahindra EPC Irrigation Limited,EQ,14-FEB-2020
MAHESHWARI,Maheshwari Logistics Limited,BE,15-APR-2019
MAHLIFE,Mahindra Lifespace Developers Limited,EQ,10-MAY-2000
MAHLOG,Mahindra Logistics Limited,EQ,10-NOV-2017
MAHSCOOTER,Maharashtra Scooters Limited,EQ,08-FEB-1995
MAHSEAMLES,Maharashtra Seamless Limited,EQ,25-AUG-2004
MAITHANALL,Maithan Alloys Limited,EQ,05-JUL-2011
MAJESAUT,Majestic Auto Limited,BE,20-APR-2026
MAKERSL,Makers Laboratories Limited,EQ,17-AUG-2026
MALLCOM,Mallcom (India) Limited,EQ,02-FEB-2022
MALUPAPER,Malu Paper Mills Limited,EQ,05-APR-2006
MAMATA,Mamata Machinery Limited,EQ,27-DEC-2024
MANAKALUCO,Manaksia Aluminium Company Limited,EQ,30-MAR-2015
MANAKCOAT,Manaksia Coated Metals & Industries Limited,EQ,30-MAR-2015
MANAKSIA,Manaksia Limited,EQ,08-JAN-2008
MANAKSTEEL,Manaksia Steels Limited,EQ,30-MAR-2015
MANALIPETC,Manali Petrochemicals Limited,EQ,06-DEC-2006
MANAPPURAM,Manappuram Finance Limited,EQ,01-DEC-2014
MANBA,Manba Finance Limited,EQ,30-SEP-2024
MANBRO,Manbro Industries Limited,EQ,17-AUG-2026
MANCREDIT,Mangal Credit and Fincorp Limited,EQ,16-AUG-2024
MANGALAM,Mangalam Drugs And Organics Limited,EQ,23-MAY-2005
MANGLMCEM,Mangalam Cement Limited,EQ,03-JAN-1996
MANINDS,Man Industries (India) Limited,EQ,24-JUN-2005
MANINFRA,Man Infraconstruction Limited,EQ,11-MAR-2010
MANIPALHOS,Manipal Health Enterprises Limited,EQ,05-AUG-2026
MANKIND,Mankind Pharma Limited,EQ,09-MAY-2023
MANOMAY,Manomay Tex India Limited,EQ,18-JAN-2023
MANORAMA,Manorama Industries Limited,EQ,01-JUL-2022
MANORG,Mangalam Organics Limited,EQ,02-NOV-2021
MANUGRAPH,Manugraph India Limited,BE,14-SEP-2006
MANYAVAR,Vedant Fashions Limited,EQ,16-FEB-2022
MAPMYINDIA,C.E. Info Systems Limited,EQ,21-DEC-2021
MARALOVER,Maral Overseas Limited,EQ,08-FEB-1995
MARATHON,Marathon Nextgen Realty Limited,EQ,29-SEP-2016
MARICO,Marico Limited,EQ,01-MAY-1996
MARINE,Marine Electricals (India) Limited,EQ,02-DEC-2020
MARKOLINES,Markolines Pavement Technologies Limited,EQ,14-OCT-2025
MARKSANS,Marksans Pharma Limited,EQ,21-JAN-2002
MARSONS,Marsons Limited,EQ,13-MAR-2026
MARUTI,Maruti Suzuki India Limited,EQ,09-JUL-2003
MASFIN,MAS Financial Services Limited,EQ,18-OCT-2017
MASKINVEST,Mask Investments Limited,EQ,14-OCT-2016
MASTEK,Mastek Limited,EQ,10-MAY-1995
MASTERTR,Master Trust Limited,EQ,12-NOV-2024
MATRIMONY,Matrimony.Com Limited,EQ,21-SEP-2017
MAWANASUG,Mawana Sugars Limited,EQ,20-MAR-2009
MAXESTATES,Max Estates Limited,EQ,30-OCT-2023
MAXHEALTH,Max Healthcare Institute Limited,EQ,21-AUG-2020
MAXIND,Max India Limited,EQ,28-AUG-2020
MAYURUNIQ,Mayur Uniquoters Ltd,EQ,25-SEP-2012
MAZDA,Mazda Limited,BE,01-NOV-2016
MAZDOCK,Mazagon Dock Shipbuilders Limited,EQ,12-OCT-2020
MBAPL,Madhya Bharat Agro Products Limited,EQ,22-AUG-2019
MBEL,M & B Engineering Limited,EQ,06-AUG-2025
MBLINFRA,MBL Infrastructure Limited,EQ,11-JAN-2010
MCCHRLS-B,Mac Charles India Limited,EQ,20-APR-2026
MCL,M TEK COPPER LIMITED,EQ,19-AUG-2020
MCLEODRUSS,Mcleod Russel India Limited,EQ,29-JUL-2005
MCLOUD,Magellanic Cloud Limited,EQ,07-FEB-2025
MCX,Multi Commodity Exchange of India Limited,EQ,09-MAR-2012
MEDANTA,Global Health Limited,EQ,16-NOV-2022
MEDIASSIST,Medi Assist Healthcare Services Limited,EQ,23-JAN-2024
MEDICAMEQ,Medicamen Biotech Limited,EQ,27-OCT-2021
MEDICAPQ,Medi Caps Limited,EQ,17-AUG-2026
MEDICO,Medico Remedies Limited,EQ,26-MAY-2022
MEDPLUS,Medplus Health Services Limited,EQ,23-DEC-2021
MEESHO,Meesho Limited,EQ,10-DEC-2025
MEGASTAR,Megastar Foods Limited,EQ,16-FEB-2022
MEIL,Mangal Electrical Industries Limited,EQ,28-AUG-2025
MENNPIS,Menon Pistons Limited,EQ,20-APR-2026
MENONBE,Menon Bearings Limited,BE,09-MAR-2015
MERCANTILE,Mercantile Ventures Limited,EQ,20-APR-2026
MERCURYEV,Mercury Ev-Tech Limited,EQ,02-JUN-2026
METROBRAND,Metro Brands Limited,EQ,22-DEC-2021
METROGLOBL,Metroglobal Limited,EQ,20-APR-2026
METROPOLIS,Metropolis Healthcare Limited,EQ,15-APR-2019
MFML,Mahalaxmi Fabric Mills Limited,EQ,27-AUG-2024
MFSL,Max Financial Services Limited,EQ,17-MAY-2000
MGEL,Mangalam Global Enterprise Limited,BE,23-DEC-2020
MGL,Mahanagar Gas Limited,EQ,01-JUL-2016
MHLXMIRU,Mahalaxmi Rubtech Limited,BE,27-JAN-2022
MHRIL,Mahindra Holidays & Resorts India Limited,EQ,16-JUL-2009
MICEL,MIC Electronics Limited,BE,17-DEC-2021
MIDHANI,Mishra Dhatu Nigam Limited,EQ,04-APR-2018
MIDWESTLTD,Midwest Limited,EQ,24-OCT-2025
MIIL,Meghna Infracon Infrastructure Limited,EQ,17-AUG-2026
MILKYMIST,Milky Mist Dairy Food Limited,EQ,18-AUG-2026
MINALIND,Minal Industries Limited,EQ,17-AUG-2026
MINDACORP,Minda Corporation Limited,EQ,16-OCT-2014
MINDTECK,Mindteck (India) Limited,EQ,02-AUG-2016
MIRZAINT,Mirza International Limited,EQ,28-APR-1999
MITCON,MITCON Consultancy & Engineering Services Limited,BE,17-MAR-2022
MITTAL,Mittal Life Style Limited,EQ,29-APR-2020
MKEXIM,M.K. Exim (India) Limited,EQ,17-AUG-2026
MKPL,M K Proteins Limited,EQ,13-JUN-2023
MLKFOOD,Milkfood Limited,EQ,17-AUG-2026
MMFL,MM Forgings Limited,EQ,20-DEC-2006
MMP,MMP Industries Limited,EQ,09-JAN-2020
MMTC,MMTC Limited,EQ,09-APR-2012
MMWL,Media Matrix Worldwide Limited,EQ,20-APR-2026
MOBIKWIK,One Mobikwik Systems Limited,EQ,18-DEC-2024
MODINATUR,Modi Naturals Limited,BE,11-DEC-2025
MODIRUBBER,Modi Rubber Limited,EQ,07-FEB-1996
MODIS,Modis Navnirman Limited,EQ,14-NOV-2025
MODISONLTD,MODISON LIMITED,BE,03-MAY-2021
MODTHREAD,Modern Threads (India) Limited,EQ,22-NOV-1995
MOHITE,Mohite Industries Limited,EQ,17-AUG-2026
MOHITIND,Mohit Industries Limited,EQ,14-MAR-2013
MOIL,MOIL Limited,EQ,15-DEC-2010
MOKSH,Moksh Ornaments Limited,EQ,21-MAY-2021
MOL,Meghmani Organics Limited,EQ,18-AUG-2021
MOLBIO,Molbio Diagnostics Limited,EQ,17-AUG-2026
MOLDTECH,Mold-Tek Technologies Limited,BE,07-JUL-2016
MOLDTKPAC,Mold-Tek Packaging Limited,EQ,23-FEB-2015
MONARCH,Monarch Networth Capital Limited,EQ,06-JAN-2022
MONEYBOXX,Moneyboxx Finance Limited,EQ,15-OCT-2025
MONTECARLO,Monte Carlo Fashions Limited,EQ,19-DEC-2014
MOREPENLAB,Morepen Laboratories Limited,EQ,24-NOV-1999
MOSCHIP,Moschip Technologies Limited,EQ,05-FEB-2025
MOTHERSON,Samvardhana Motherson International Limited,EQ,14-AUG-1996
MOTILALOFS,Motilal Oswal Financial Services Limited,EQ,11-SEP-2007
MOTISONS,Motisons Jewellers Limited,EQ,26-DEC-2023
MOTOGENFIN,The Motor & General Finance Limited,BE,08-FEB-1995
MPDL,MPDL Limited,EQ,17-AUG-2026
MPHASIS,MphasiS Limited,EQ,04-JUN-2004
MPSLTD,MPS Limited,EQ,21-JAN-2002
MRF,MRF Limited,EQ,18-SEP-1996
MRPL,Mangalore Refinery and Petrochemicals Limited,EQ,07-JAN-2005
MSL,Mangalam Seeds Limited,EQ,17-AUG-2026
MSPL,MSP Steel & Power Limited,EQ,18-JUL-2005
MSTCLTD,Mstc Limited,EQ,29-MAR-2019
MSUMI,Motherson Sumi Wiring India Limited,EQ,28-MAR-2022
MTARTECH,Mtar Technologies Limited,BE,15-MAR-2021
MTEDUCARE,MT Educare Limited,BE,12-APR-2012
MTNL,Mahanagar Telephone Nigam Limited,EQ,17-FEB-1999
MUFIN,Mufin Green Finance Limited,EQ,06-NOV-2023
MUFTI,Credo Brands Marketing Limited,EQ,27-DEC-2023
MUKANDLTD,Mukand Limited,EQ,23-FEB-2004
MUKESHB,Mukesh Babu Financial Services Limited,EQ,17-AUG-2026
MUKKA,Mukka Proteins Limited,EQ,07-MAR-2024
MUKTAARTS,Mukta Arts Limited,BE,12-SEP-2000
MUNJALAU,Munjal Auto Industries Limited,EQ,19-JUL-2006
MUNJALSHOW,Munjal Showa Limited,EQ,12-MAY-2003
MURUDCERA,Murudeshwar Ceramics Limited,EQ,28-MAY-2004
MUTHOOTCAP,Muthoot Capital Services Limited,EQ,24-AUG-2015
MUTHOOTFIN,Muthoot Finance Limited,EQ,06-MAY-2011
MUTHOOTMF,Muthoot Microfin Limited,EQ,26-DEC-2023
MVELECTRO,MV Electrosystems Limited,EQ,06-AUG-2026
MVGJL,Manoj Vaibhav Gems N Jewellers Limited,EQ,03-OCT-2023
MWL,Mangalam Worldwide Limited,EQ,18-SEP-2025
MYSORPETRO,Mysore Petro Chemicals Limited,EQ,17-AUG-2026
NACLIND,NACL Industries Limited,EQ,07-APR-2017
NAGREEKCAP,Nagreeka Capital & Infrastructure Limited,EQ,18-SEP-2007
NAGREEKEXP,Nagreeka Exports Limited,EQ,18-JUN-2007
NAHARCAP,Nahar Capital and Financial Services Limited,EQ,11-MAR-2008
NAHARINDUS,Nahar Industrial Enterprises Limited,EQ,15-DEC-2005
NAHARPOLY,Nahar Poly Films Limited,EQ,23-MAR-2007
NAHARSPING,Nahar Spinning Mills Limited,EQ,23-MAR-2007
NAM-INDIA,Nippon Life India Asset Management Limited,EQ,06-NOV-2017
NARMADA,Narmada Agrobase Limited,EQ,27-OCT-2022
NATCAPSUQ,Natural Capsules Limited,EQ,14-FEB-2025
NATCOPHARM,Natco Pharma Limited,EQ,27-DEC-1995
NATHBIOGEN,Nath Bio-Genes (India) Limited,EQ,28-JAN-2014
NATIONALUM,National Aluminium Company Limited,EQ,28-APR-1999
NATIONSTD,National Standard (India) Limited,EQ,20-APR-2026
NAUKRI,Info Edge (India) Limited,EQ,21-NOV-2006
NAVA,NAVA LIMITED,EQ,03-APR-1996
NAVINFLUOR,Navin Fluorine International Limited,EQ,01-JUN-2007
NAVKARCORP,Navkar Corporation Limited,EQ,09-SEP-2015
NAVKARURB,Navkar Urbanstructure Limited,BE,17-JAN-2025
NAVNETEDUL,Navneet Education Limited,EQ,08-FEB-1995
NAZARA,Nazara Technologies Limited,EQ,30-MAR-2021
NBCC,NBCC (India) Limited,EQ,12-APR-2012
NBIFIN,N. B. I. Industrial Finance Company Limited,EQ,23-NOV-2016
NCC,NCC Limited,EQ,14-OCT-2003
NCLIND,NCL Industries Limited,EQ,03-APR-2007
NDGL,Naga Dhunseri Group Limited,EQ,29-AUG-2016
NDL,Nandan Denim Limited,EQ,23-MAR-2012
NDLVENTURE,NDL Ventures Limited,EQ,24-APR-2007
NDRAUTO,Ndr Auto Components Limited,EQ,30-JUL-2020
NDTV,New Delhi Television Limited,EQ,19-MAY-2004
NEAGI,Neelamalai Agro Industries Limited,EQ,20-APR-2026
NECCLTD,North Eastern Carrying Corporation Limited,BE,02-MAR-2016
NECLIFE,Nectar Lifesciences Limited,EQ,18-JUL-2005
NELCAST,Nelcast Limited,EQ,27-JUN-2007
NELCO,NELCO Limited,EQ,28-MAY-2003
NEOGEN,Neogen Chemicals Limited,EQ,08-MAY-2019
NEPHROPLUS,Nephrocare Health Services Limited,EQ,17-DEC-2025
NESCO,Nesco Limited,EQ,08-APR-2008
NESTLEIND,Nestle India Limited,EQ,01-AUG-2023
NETWEB,Netweb Technologies India Limited,EQ,27-JUL-2023
NETWORK18,Network18 Media & Investments Limited,EQ,02-FEB-2007
NEUEON,Neueon Corporation Limited,BE,11-SEP-2013
NEULANDLAB,Neuland Laboratories Limited,EQ,13-OCT-2008
NEWGEN,Newgen Software Technologies Limited,EQ,29-JAN-2018
NEXTMEDIA,Next Mediaworks Limited,EQ,04-APR-2001
NFL,National Fertilizers Limited,EQ,28-DEC-2006
NGIL,Nakoda Group of Industries Limited,BE,20-AUG-2021
NGLFINE,NGL Fine-Chem Limited,EQ,08-JUL-2022
NH,Narayana Hrudayalaya Ltd.,EQ,06-JAN-2016
NHPC,NHPC Limited,EQ,01-SEP-2009
NIACL,The New India Assurance Company Limited,EQ,13-NOV-2017
NIBE,NIBE Limited,EQ,07-FEB-2025
NIBL,NRB Industrial Bearings Limited,EQ,09-APR-2013
NICCOPAR,Nicco Parks & Resorts Limited,EQ,17-AUG-2026
NIITLTD,NIIT Limited,EQ,16-AUG-2004
NIITMTS,NIIT Learning Systems Limited,EQ,08-AUG-2023
NILAINFRA,Nila Infrastructures Limited,EQ,21-MAY-2015
NILASPACES,Nila Spaces Limited,EQ,28-DEC-2018
NILE,Nile Limited,EQ,20-APR-2026
NILKAMAL,Nilkamal Limited,EQ,01-NOV-1995
NIMBSPROJ,Nimbus Projects Limited,EQ,06-APR-2026
NINSYS,NINtec Systems Limited,EQ,21-FEB-2023
NIPPOBATRY,Indo-National Limited,EQ,06-OCT-1999
NIRAJ,Niraj Cement Structurals Limited,EQ,01-OCT-2020
NIRAJISPAT,Niraj Ispat Industries Limited,EQ,27-OCT-2016
NIRLON,Nirlon Limited,EQ,20-APR-2026
NITCO,Nitco Limited,EQ,21-MAR-2006
NITINSPIN,Nitin Spinners Limited,EQ,02-FEB-2006
NITIRAJ,Nitiraj Engineers Limited,EQ,22-APR-2021
NITTAGELA,Nitta Gelatin India Limited,EQ,20-APR-2026
NIVABUPA,Niva Bupa Health Insurance Company Limited,EQ,14-NOV-2024
NKIND,NK Industries Limited,EQ,07-JUL-1995
NLCINDIA,NLC India Limited,EQ,23-AUG-2000
NMDC,NMDC Limited,EQ,03-MAR-2008
NOCIL,NOCIL Limited,EQ,17-JAN-1996
NOIDATOLL,Noida Toll Bridge Company Limited,BE,06-DEC-2002
NORBTEAEXP,Norben Tea & Exports Limited,EQ,26-JUN-1996
NORTHARC,Northern Arc Capital Limited,EQ,24-SEP-2024
NOVAAGRI,Nova Agritech Limited,BE,31-JAN-2024
NOVARTIND,Novartis India Limited,EQ,20-APR-2026
NPST,Network People Services Technologies Limited,EQ,30-APR-2025
NRAIL,N R Agarwal Industries Limited,EQ,05-APR-2017
NRBBEARING,NRB Bearing Limited,EQ,08-MAR-2000
NRL,Nupur Recyclers Limited,BE,12-JAN-2023
NSIL,Nalwa Sons Investments Limited,EQ,17-NOV-2003
NSLNISP,NMDC Steel Limited,EQ,20-FEB-2023
NTCIND,NTC Industries Limited,EQ,17-AUG-2026
NTPC,NTPC Limited,EQ,05-NOV-2004
NTPCGREEN,NTPC Green Energy Limited,EQ,27-NOV-2024
NUCLEUS,Nucleus Software Exports Limited,EQ,19-DEC-2002
NURECA,Nureca Limited,BE,25-FEB-2021
NUVAMA,Nuvama Wealth Management Limited,EQ,26-SEP-2023
NUVOCO,Nuvoco Vistas Corporation Limited,EQ,23-AUG-2021
NYKAA,FSN E-Commerce Ventures Limited,EQ,10-NOV-2021
OAL,Oriental Aromatics Limited,EQ,11-JUL-2019
OBCL,OBCL Limited,EQ,07-APR-2022
OBEROIRLTY,Oberoi Realty Limited,EQ,20-OCT-2010
OCCLLTD,OCCL Limited,BE,29-OCT-2024
ODIGMA,Odigma Consultancy Solutions Limited,EQ,12-DEC-2024
ODYCORP,Odyssey Corporation Limited,EQ,17-AUG-2026
OFSS,Oracle Financial Services Software Limited,EQ,28-JUN-2002
OIL,Oil India Limited,EQ,30-SEP-2009
OILCOUNTUB,Oil Country Tubular Limited,BE,30-AUG-1995
OLAELEC,Ola Electric Mobility Limited,EQ,09-AUG-2024
OLECTRA,Olectra Greentech Limited,EQ,20-MAR-2002
OMAXAUTO,Omax Autos Limited,EQ,20-FEB-2003
OMAXE,Omaxe Limited,EQ,09-AUG-2007
OMFREIGHT,Om Freight Forwarders Limited,BE,08-OCT-2025
OMINFRAL,OM INFRA LIMITED,EQ,17-JUN-2011
OMNI,Omnitech Engineering Limited,EQ,05-MAR-2026
OMPOWER,Om Power Transmission Limited,EQ,17-APR-2026
ONEGLOBAL,One Global Service Provider Limited,EQ,17-AUG-2026
ONELIFECAP,Onelife Capital Advisors Limited,BE,17-OCT-2011
ONEPOINT,One Point One Solutions Limited,EQ,09-MAY-2019
ONESOURCE,Onesource Specialty Pharma Limited,EQ,24-JAN-2025
ONGC,Oil & Natural Gas Corporation Limited,EQ,19-JUL-1995
ONIDA,Onida Electronics Limited,EQ,24-MAY-2004
ONIXSOLAR,Onix Solar Energy Limited,EQ,17-AUG-2026
ONMOBILE,OnMobile Global Limited,BE,19-FEB-2008
ONWARDTEC,Onward Technologies Limited,EQ,07-MAR-2001
OPTIEMUS,Optiemus Infracom Limited,EQ,08-AUG-2017
OPTIFIN,Optimus Finance Limited,EQ,17-AUG-2026
ORBTEXP,Orbit Exports Limited,BE,05-NOV-2013
ORCHASP,Orchasp Limited,EQ,07-FEB-2025
ORCHPHARMA,Orchid Pharma Limited,EQ,02-NOV-2020
ORICONENT,Oricon Enterprises Limited,EQ,24-JUL-2015
ORIENTALTL,Oriental Trimex Limited,EQ,07-MAR-2007
ORIENTBELL,Orient Bell Limited,EQ,14-FEB-2007
ORIENTCEM,Orient Cement Limited,EQ,12-JUL-2013
ORIENTCER,ORIENT CERATECH LIMITED,EQ,15-DEC-2005
ORIENTELEC,Orient Electric Limited,EQ,14-MAY-2018
ORIENTHOT,Oriental Hotels Limited,EQ,27-AUG-1998
ORIENTLTD,Orient Press Limited,BE,03-MAR-2010
ORIENTPPR,Orient Paper & Industries Limited,EQ,29-MAR-1995
ORIENTTECH,Orient Technologies Limited,EQ,28-AUG-2024
ORIRAIL,Oriental Rail Infrastructure Limited,EQ,17-AUG-2026
ORISSAMINE,The Orissa Minerals Development Company Limited,EQ,29-SEP-2010
ORKLAINDIA,Orkla India Limited,EQ,06-NOV-2025
ORTINGLOBE,ORTIN GLOBAL LIMITED,EQ,30-MAR-2021
OSIAHYPER,Osia Hyper Retail Limited,BE,01-DEC-2022
OSWALAGRO,Oswal Agro Mills Limited,EQ,29-MAR-1995
OSWALGREEN,Oswal Greentech Limited,EQ,28-AUG-1996
OSWALPUMPS,Oswal Pumps Limited,EQ,20-JUN-2025
OSWALSEEDS,ShreeOswal Seeds And Chemicals Limited,EQ,28-FEB-2023
PACEDIGITK,Pace Digitek Limited,EQ,06-OCT-2025
PACIFICI,Pacific Industries Limited,EQ,17-AUG-2026
PAGEIND,Page Industries Limited,EQ,16-MAR-2007
PAISALO,Paisalo Digital Limited,EQ,17-OCT-2011
PAKKA,PAKKA LIMITED,EQ,11-JUL-2023
PALASHSECU,Palash Securities Limited,EQ,28-JUL-2017
PALREDTEC,Palred Technologies Limited,BE,09-MAY-2016
PANACEABIO,Panacea Biotec Limited,EQ,17-APR-1996
PANACHE,Panache Digilife Limited,BE,06-JAN-2020
PANAMAPET,Panama Petrochem Limited,EQ,30-SEP-2011
PANCHMAHQ,Panchmahal Steel Limited,EQ,17-AUG-2026
PANORAMA,Panorama Studios International Limited,EQ,17-AUG-2026
PANSARI,Pansari Developers Limited,EQ,18-OCT-2021
PAR,Par Drugs And Chemicals Limited,EQ,16-SEP-2021
PARACABLES,Paramount Communications Limited,EQ,03-JAN-2007
PARADEEP,Paradeep Phosphates Limited,EQ,27-MAY-2022
PARAGMILK,Parag Milk Foods Limited,EQ,19-MAY-2016
PARAS,Paras Defence and Space Technologies Limited,EQ,01-OCT-2021
PARASPETRO,Paras Petrofils Limited,EQ,14-FEB-1996
PARKHOSPS,Park Medi World Limited,EQ,17-DEC-2025
PARKHOTELS,Apeejay Surrendra Park Hotels Limited,EQ,12-FEB-2024
PARNAXLAB,Parnax Lab Limited,EQ,17-AUG-2026
PARSVNATH,Parsvnath Developers Limited,BE,30-NOV-2006
PASHUPATI,Pashupati Cotspin Limited,EQ,17-JUL-2025
PASUPTAC,Pasupati Acrylon Limited,BE,12-OCT-2021
PATANJALI,Patanjali Foods Limited,EQ,24-JAN-2020
PATELENG,Patel Engineering Limited,EQ,24-FEB-2005
PATELRMART,Patel Retail Limited,EQ,26-AUG-2025
PATINTLOG,Patel Integrated Logistics Limited,BE,11-JAN-2008
PAUSHAKLTD,Paushak Limited,EQ,01-DEC-2025
PAVNAIND,Pavna Industries Limited,EQ,01-JUN-2023
PAYTM,One 97 Communications Limited,EQ,18-NOV-2021
PBMPOLY,PBM Polytex Limited,EQ,17-AUG-2026
PCBL,PCBL Chemical Limited,EQ,29-MAR-1995
PCJEWELLER,PC Jeweller Limited,EQ,27-DEC-2012
PDMJEPAPER,Pudumjee Paper Products Limited,EQ,30-MAR-2016
PDSL,PDS Limited,EQ,21-OCT-2014
PEARLPOLY,Pearl Polymers Limited,EQ,11-OCT-1995
PENIND,Pennar Industries Limited,EQ,25-NOV-2010
PENINLAND,Peninsula Land Limited,BE,08-FEB-1995
PERMAGN,Permanent Magnets Limited,EQ,17-AUG-2026
PERSISTENT,Persistent Systems Limited,EQ,06-APR-2010
PETRONET,Petronet LNG Limited,EQ,26-MAR-2004
PFC,Power Finance Corporation Limited,EQ,23-FEB-2007
PFIZER,Pfizer Limited,EQ,28-APR-1999
PFOCUS,Prime Focus Limited,EQ,20-JUN-2006
PFS,PTC India Financial Services Limited,EQ,30-MAR-2011
PGEL,PG Electroplast Limited,EQ,26-SEP-2011
PGHH,Procter & Gamble Hygiene and Health Care Limited,EQ,07-JUL-2004
PGHL,Procter & Gamble Health Limited,EQ,24-APR-1996
PGIL,Pearl Global Industries Limited,EQ,15-FEB-2007
PHOENIXLTD,The Phoenix Mills Limited,EQ,23-APR-2007
PHOENXINTL,Phoenix International Limited,EQ,17-AUG-2026
PICCADIL,Piccadily Agro Industries Limited,EQ,02-JUL-2025
PIDILITIND,Pidilite Industries Limited,EQ,29-MAR-1995
PIGL,Power & Instrumentation (Gujarat) Limited,EQ,17-MAY-2023
PIIND,PI Industries Limited,EQ,15-JUN-2011
PILANIINVS,Pilani Investment and Industries Corporation Limited,EQ,08-DEC-2015
PILITA,PIL ITALICA LIFESTYLE LIMITED,EQ,07-OCT-2013
PINELABS,Pine Labs Limited,EQ,14-NOV-2025
PIONEEREMB,Pioneer Embroideries Limited,EQ,16-MAY-2006
PIONRINV,Pioneer Investcorp Limited,BE,20-APR-2026
PIRAMALFIN,Piramal Finance Limited,EQ,07-NOV-2025
PITTIENG,Pitti Engineering Limited,EQ,02-FEB-2007
PIXTRANS,Pix Transmissions Limited,EQ,28-APR-2022
PKTEA,The Peria Karamalai Tea & Produce Company Limited,EQ,19-AUG-2015
PLASTIBLEN,Plastiblends India Limited,EQ,28-DEC-2006
PLATIND,Platinum Industries Limited,EQ,05-MAR-2024
PLAZACABLE,Plaza Wires Limited,EQ,12-OCT-2023
PML,Paul Merchants Limited,EQ,20-APR-2026
PNB,Punjab National Bank,EQ,24-APR-2002
PNBGILTS,PNB Gilts Limited,EQ,18-SEP-2000
PNBHOUSING,PNB Housing Finance Limited,EQ,07-NOV-2016
PNC,Pritish Nandy Communications Limited,EQ,11-DEC-2000
PNCINFRA,PNC Infratech Limited,EQ,26-MAY-2015
PNGJL,P N Gadgil Jewellers Limited,EQ,17-SEP-2024
PNGSREVA,PNGS Reva Diamond Jewellery Limited,EQ,04-MAR-2026
POCL,Pondy Oxides & Chemicals Limited,EQ,06-MAR-2023
PODDARMENT,Poddar Pigments Limited,EQ,22-NOV-2016
POEL,POCL Enterprises Limited,EQ,17-AUG-2026
POKARNA,Pokarna Limited,EQ,07-JUL-2016
POLICYBZR,PB Fintech Limited,EQ,15-NOV-2021
POLYCAB,Polycab India Limited,EQ,16-APR-2019
POLYMED,Poly Medicure Limited,EQ,07-DEC-2011
POLYPLEX,Polyplex Corporation Limited,EQ,11-APR-2003
POLYSPIN,Polyspin Exports Limited,EQ,17-AUG-2026
PONNIERODE,Ponni Sugars (Erode) Limited,EQ,16-APR-2002
POONAWALLA,Poonawalla Fincorp Limited,EQ,27-APR-2004
POWERGRID,Power Grid Corporation of India Limited,EQ,05-OCT-2007
POWERICA,Powerica Limited,EQ,02-APR-2026
POWERINDIA,Hitachi Energy India Limited,EQ,30-MAR-2020
POWERMECH,Power Mech Projects Limited,EQ,26-AUG-2015
PPAP,PPAP Automotive Limited,BE,11-JAN-2008
PPL,Prakash Pipes Limited,BE,14-JUN-2019
PPLPHARMA,Piramal Pharma Limited,EQ,19-OCT-2022
PRABHA,Prabha Energy Limited,EQ,19-MAR-2025
PRADPME,Pradeep Metals Limited,BE,20-APR-2026
PRAENG,Prajay Engineers Syndicate Limited,EQ,02-JAN-2007
PRAJIND,Praj Industries Limited,EQ,11-OCT-1995
PRAKASH,Prakash Industries Limited,EQ,10-MAY-1995
PRAKASHSTL,Prakash Steelage Limited,EQ,25-AUG-2010
PRAVEG,Praveg Limited,EQ,20-APR-2026
PRAXIS,Praxis Home Retail Limited,EQ,31-JAN-2018
PRECAM,Precision Camshafts Limited,EQ,08-FEB-2016
PRECOT,Precot Limited,EQ,19-AUG-2005
PRECWIRE,Precision Wires India Limited,EQ,06-SEP-1995
PREMCO,Premco Global Limited,EQ,20-APR-2026
PREMEXPLN,Premier Explosives Limited,EQ,17-JUN-2016
PREMIER,Premier Limited,BE,03-APR-1996
PREMIERENE,Premier Energies Limited,EQ,03-SEP-2024
PREMIERPOL,Premier Polyfilm Limited,EQ,13-DEC-1995
PRESTIGE,Prestige Estates Projects Limited,EQ,27-OCT-2010
PRICOLLTD,Pricol Limited,EQ,10-FEB-2017
PRIMESECU,Prime Securities Limited,EQ,17-JUN-2005
PRIMO,Primo Chemicals Limited,EQ,22-APR-2025
PRINCEPIPE,Prince Pipes And Fittings Limited,EQ,30-DEC-2019
PRISMX,Prismx Global Ventures Limited,EQ,17-AUG-2026
PRITI,Priti International Limited,BE,02-MAR-2022
PRITIKAUTO,Pritika Auto Industries Limited,BE,10-AUG-2021
PRIVISCL,Privi Speciality Chemicals Limited,EQ,08-MAY-2015
PROSTARM,Prostarm Info Systems Limited,EQ,03-JUN-2025
PROTEAN,Protean eGov Technologies Limited,EQ,06-FEB-2025
PROZONER,Prozone Realty Limited,EQ,12-SEP-2012
PRSMJOHNSN,Prism Johnson Limited,EQ,20-AUG-2003
PRUDENT,Prudent Corporate Advisory Services Limited,EQ,20-MAY-2022
PRUDMOULI,Prudential Sugar Corporation Limited,BE,10-MAY-1995
PSB,Punjab & Sind Bank,EQ,30-DEC-2010
PSPPROJECT,PSP Projects Limited,EQ,29-MAY-2017
PTC,PTC India Limited,EQ,07-APR-2004
PTCIL,PTC Industries Limited,EQ,09-JUN-2023
PTL,PTL Enterprises Limited,EQ,29-JAN-2007
PUNJABCHEM,Punjab Chemicals & Crop Protection Limited,EQ,08-MAR-2007
PURVA,Puravankara Limited,EQ,30-AUG-2007
PVP,PVP Ventures Limited,EQ,03-APR-1996
PVRINOX,PVR INOX Limited,EQ,04-JAN-2006
PVSL,Popular Vehicles and Services Limited,EQ,19-MAR-2024
PWL,Physicswallah Limited,EQ,18-NOV-2025
PYRAMID,Pyramid Technoplast Limited,EQ,29-AUG-2023
QMSMEDI,QMS Medical Allied Services Limited,BE,18-JUN-2026
QPOWER,Quality Power Electrical Equipments Limited,EQ,24-FEB-2025
QUADFUTURE,Quadrant Future Tek Limited,EQ,14-JAN-2025
QUESS,Quess Corp Limited,EQ,12-JUL-2016
QUICKHEAL,Quick Heal Technologies Limited,BE,18-FEB-2016
QUINT,Quint Digital Limited,EQ,20-APR-2026
RACE,Race Eco Chain Limited,EQ,09-MAY-2023
RACLGEAR,RACL Geartech Limited,EQ,27-NOV-2024
RADAAN,Radaan Mediaworks India Limited,EQ,27-FEB-2003
RADHIKAJWE,Radhika Jeweltech Limited,EQ,18-JUL-2022
RADIANTCMS,Radiant Cash Management Services Limited,EQ,04-JAN-2023
RADICO,Radico Khaitan Limited,EQ,18-JUN-2003
RADIOCITY,Music Broadcast Limited,EQ,17-MAR-2017
RAILTEL,Railtel Corporation Of India Limited,EQ,26-FEB-2021
RAIN,Rain Industries Limited,EQ,03-MAR-2008
RAINBOW,Rainbow Childrens Medicare Limited,EQ,10-MAY-2022
RAJMET,Rajnandini Metal Limited,EQ,16-FEB-2021
RAJOOENG,Rajoo Engineers Limited,BE,29-MAY-2025
RAJPALAYAM,Rajapalayam Mills Limited,EQ,20-APR-2026
RAJRATAN,Rajratan Global Wire Limited,EQ,22-MAY-2020
RAJRILTD,Raj Rayon Industries Limited,BE,16-MAR-2022
RAJSREESUG,Rajshree Sugars & Chemicals Limited,EQ,29-MAR-1995
RAJTV,Raj Television Network Limited,EQ,16-MAR-2007
RALLIS,Rallis India Limited,EQ,01-APR-1999
RAMANEWS,Shree Rama Newsprint Limited,EQ,20-SEP-2006
RAMAPHO,Rama Phosphates Limited,EQ,05-AUG-2022
RAMASTEEL,Rama Steel Tubes Limited,BE,19-AUG-2015
RAMBHAJO,Advit Jewels Limited,EQ,01-JUL-2026
RAMCOCEM,The Ramco Cements Limited,EQ,09-APR-1997
RAMCOIND,Ramco Industries Limited,EQ,06-NOV-1996
RAMCOSYS,Ramco Systems Limited,EQ,12-APR-2000
RAMKY,Ramky Infrastructure Limited,EQ,08-OCT-2010
RAMRAT,Ram Ratna Wires Limited,EQ,29-JUL-2022
RANASUG,Rana Sugars Limited,EQ,24-FEB-2005
RANEHOLDIN,Rane Holdings Limited,EQ,24-SEP-1997
RATEGAIN,Rategain Travel Technologies Limited,EQ,17-DEC-2021
RATNAMANI,Ratnamani Metals & Tubes Limited,EQ,09-MAY-2006
RATNAVEER,Ratnaveer Precision Engineering Limited,EQ,11-SEP-2023
RAYMOND,Raymond Limited,EQ,18-OCT-1995
RAYMONDLSL,Raymond Lifestyle Limited,EQ,05-SEP-2024
RAYMONDREL,Raymond Realty Limited,EQ,01-JUL-2025
RBA,Restaurant Brands Asia Limited,EQ,14-DEC-2020
RBLBANK,RBL Bank Limited,EQ,31-AUG-2016
RBZJEWEL,RBZ Jewellers Limited,EQ,27-DEC-2023
RCF,Rashtriya Chemicals and Fertilizers Limited,EQ,07-JAN-1998
RCOM,Reliance Communications Limited,BE,06-MAR-2006
RECLTD,REC Limited,EQ,12-MAR-2008
REDINGTON,Redington Limited,EQ,15-FEB-2007
REDTAPE,Redtape Limited,EQ,11-AUG-2023
REFEX,Refex Industries Limited,EQ,03-DEC-2009
REGAAL,Regaal Resources Limited,EQ,20-AUG-2025
REGENCERAM,Regency Ceramics Limited,EQ,05-JUN-1996
RELAXO,Relaxo Footwears Limited,EQ,17-JUN-2011
RELCHEMQ,Reliance Chemotex Industries Limited,EQ,25-MAY-2022
RELIABLE,Reliable Data Services Limited,EQ,10-JUL-2024
RELIANCE,Reliance Industries Limited,EQ,29-NOV-1995
RELIGARE,Religare Enterprises Limited,EQ,21-NOV-2007
RELINFRA,Reliance Infrastructure Limited,BE,08-FEB-1995
RELTD,Ravindra Energy Limited,EQ,30-JUL-2024
REMSONSIND,Remsons Industries Limited,EQ,31-JAN-1996
RENUKA,Shree Renuka Sugars Limited,EQ,31-OCT-2005
REPCOHOME,Repco Home Finance Limited,EQ,01-APR-2013
REPL,Rudrabhishek Enterprises Limited,BE,14-DEC-2020
REPRO,Repro India Limited,EQ,22-DEC-2005
RESPONIND,Responsive Industries Limited,EQ,29-OCT-2010
RETAIL,JHS Svendgaard Retail Ventures Limited,EQ,26-JUN-2024
RGL,Renaissance Global Limited,EQ,12-DEC-2007
RHETAN,Rhetan TMT Limited,EQ,26-SEP-2025
RHIM,RHI MAGNESITA INDIA LIMITED,EQ,12-MAR-2012
RHL,Robust Hotels Limited,EQ,25-APR-2023
RICOAUTO,Rico Auto Industries Limited,EQ,12-MAY-2003
RIIL,Reliance Industrial Infrastructure Limited,EQ,29-NOV-1995
RIR,RIR Power Electronics Limited,EQ,16-JUL-2026
RISHABH,Rishabh Instruments Limited,EQ,11-SEP-2023
RITCO,Ritco Logistics Limited,EQ,12-APR-2022
RITES,RITES Limited,EQ,02-JUL-2018
RKDL,Ravi Kumar Distilleries Limited,EQ,27-DEC-2010
RKEC,RKEC Projects Limited,EQ,18-DEC-2020
RKFORGE,Ramkrishna Forgings Limited,EQ,05-MAY-2004
RKSWAMY,R K Swamy Limited,EQ,12-MAR-2024
RMC,RMC Switchgears Limited,EQ,01-APR-2026
RMDRIP,R M Drip and Sprinklers Systems Limited,BE,30-JUL-2025
RML,Rane (Madras) Limited,EQ,30-AUG-2005
RNBDENIMS,R&B Denims Limited,EQ,04-SEP-2025
ROHLTD,Royal Orchid Hotels Limited,EQ,06-FEB-2006
ROLEXRINGS,Rolex Rings Limited,EQ,09-AUG-2021
ROLLT,Rollatainers Limited,BE,22-NOV-2016
ROML,Raj Oil Mills Limited,EQ,06-OCT-2020
ROSSARI,Rossari Biotech Limited,EQ,23-JUL-2020
ROSSELLIND,Rossell India Limited,EQ,25-SEP-2012
ROSSTECH,Rossell Techsys Limited,EQ,09-DEC-2024
ROTO,Roto Pumps Limited,EQ,21-APR-2022
ROUTE,ROUTE MOBILE LIMITED,EQ,21-SEP-2020
RPEL,Raghav Productivity Enhancers Limited,EQ,08-AUG-2024
RPGLIFE,RPG Life Sciences Limited,EQ,10-JUN-2008
RPOWER,Reliance Power Limited,EQ,11-FEB-2008
RPPINFRA,R.P.P. Infra Projects Limited,EQ,06-DEC-2010
RPPL,Rajshree Polypack Limited,BE,26-NOV-2021
RPSGVENT,RPSG VENTURES LIMITED,EQ,25-JAN-2019
RPTECH,Rashi Peripherals Limited,EQ,14-FEB-2024
RRECL,RDB Real Estate Constructions Limited,EQ,17-AUG-2026
RRIL,RRIL Limited,EQ,20-APR-2026
RRKABEL,R R Kabel Limited,EQ,20-SEP-2023
RSDFIN,RSD Finance Limited,BE,20-APR-2026
RSL,Rajputana Stainless Limited,EQ,19-MAR-2026
RSSOFTWARE,R. S. Software (India) Limited,EQ,19-MAY-1999
RSWM,RSWM Limited,BE,15-FEB-1995
RSYSTEMS,R Systems International Limited,EQ,26-APR-2006
RTNINDIA,RattanIndia Enterprises Limited,EQ,30-JUL-2012
RTNPOWER,RattanIndia Power Limited,EQ,30-OCT-2009
RTSPOWR,RTS Power Corporation Limited,EQ,17-AUG-2026
RUBFILA,Rubfila International Limited,EQ,08-AUG-2024
RUBICON,Rubicon Research Limited,EQ,16-OCT-2025
RUBYMILLS,The Ruby Mills Limited,BE,29-MAR-1995
RUCHINFRA,Ruchi Infrastructure Limited,EQ,16-OCT-1996
RUCHIRA,Ruchira Papers Limited,EQ,20-DEC-2006
RUDRA,Rudra Global Infra Products Limited,EQ,19-DEC-2025
RUPA,Rupa & Company Limited,EQ,07-DEC-2011
RUSHIL,Rushil Decor Limited,EQ,07-JUL-2011
RUSTOMJEE,Keystone Realtors Limited,EQ,24-NOV-2022
RVHL,Ravinder Heights Limited,EQ,18-DEC-2020
RVNL,Rail Vikas Nigam Limited,EQ,11-APR-2019
RVTH,Revathi Equipment India Limited,EQ,11-SEP-2024
S&SPOWER,S&S Power Switchgears Limited,EQ,27-SEP-1995
SAATVIKGL,Saatvik Green Energy Limited,EQ,26-SEP-2025
SAB,SAB Industries Limited,EQ,17-AUG-2026
SADBHAV,Sadbhav Engineering Limited,EQ,01-MAR-2006
SADBHIN,Sadbhav Infrastructure Project Limited,BE,16-SEP-2015
SADHNANIQ,Sadhana Nitrochem Limited,BE,05-MAY-2023
SAFARI,Safari Industries (India) Limited,EQ,12-SEP-2019
SAGARDEEP,Sagardeep Alloys Limited,EQ,25-JAN-2019
SAGCEM,Sagar Cements Limited,EQ,29-JAN-2007
SAGILITY,SAGILITY LIMITED,EQ,12-NOV-2024
SAHLIBHFI,Shalibhadra Finance Limited,EQ,10-APR-2026
SAHYADRI,Sahyadri Industries Limited,EQ,06-APR-2023
SAICAPI,Sai Capital Limited,EQ,17-AUG-2026
SAIL,Steel Authority of India Limited,EQ,06-JUL-1995
SAILIFE,Sai Life Sciences Limited,EQ,18-DEC-2024
SAIPARENT,Sai Parenterals Limited,EQ,02-APR-2026
SAKAR,Sakar Healthcare Limited,EQ,11-APR-2019
SAKHTISUG,Sakthi Sugars Limited,EQ,06-SEP-1995
SAKSOFT,Saksoft Limited,EQ,09-MAY-2005
SAKUMA,Sakuma Exports Limited,EQ,08-MAR-2006
SALASAR,Salasar Techno Engineering Limited,EQ,25-JUL-2017
SALONA,Salona Cotspin Limited,EQ,16-JUN-2016
SALSTEEL,S.A.L. Steel Limited,EQ,24-NOV-2004
SALZERELEC,Salzer Electronics Limited,EQ,02-DEC-2015
SAMBANDAM,Sambandam Spinning Mills Limited,EQ,17-AUG-2026
SAMBHAAV,Sambhaav Media Limited,EQ,05-JUN-1996
SAMBHV,Sambhv Steel Tubes Limited,EQ,02-JUL-2025
SAMHI,Samhi Hotels Limited,EQ,22-SEP-2023
SAMMAANCAP,Sammaan Capital Limited,EQ,23-JUL-2013
SAMPANN,Sampann Utpadan India Limited,EQ,27-JUL-2012
SANATHAN,Sanathan Textiles Limited,EQ,27-DEC-2024
SANDESH,The Sandesh Limited,EQ,26-NOV-2002
SANDHAR,Sandhar Technologies Limited,EQ,02-APR-2018
SANDUMA,Sandur Manganese & Iron Ores Limited,EQ,07-SEP-2023
SANGAMIND,Sangam (India) Limited,EQ,17-JUL-1996
SANGHVIMOV,Sanghvi Movers Limited,EQ,24-JAN-2007
SANGINITA,Sanginita Chemicals Limited,BE,15-JUL-2019
SANOFI,Sanofi India Limited,EQ,19-MAY-2003
SANOFICONR,Sanofi Consumer Healthcare India Limited,EQ,13-SEP-2024
SANSERA,Sansera Engineering Limited,EQ,24-SEP-2021
SANSTAR,Sanstar Limited,EQ,26-JUL-2024
SAPPHIRE,Sapphire Foods India Limited,EQ,18-NOV-2021
SAPPL,Shree Ajit Pulp & Paper Limited,EQ,20-APR-2026
SARDAEN,Sarda Energy & Minerals Limited,EQ,03-DEC-2009
SAREGAMA,Saregama India Limited,EQ,30-JUL-1997
SARLAPOLY,Sarla Performance Fibers Limited,EQ,19-JAN-2007
SARVESHWAR,Sarveshwar Foods Limited,EQ,08-DEC-2022
SASKEN,Sasken Technologies Limited,EQ,09-SEP-2005
SATIA,Satia Industries Limited,EQ,17-JUL-2019
SATIN,Satin Creditcare Network Limited,EQ,26-AUG-2015
SAURASHCEM,Saurashtra Cement Limited,EQ,27-FEB-2024
SAYAJIHOTL,Sayaji Hotels Limited,EQ,20-APR-2026
SAYAJIIND,Sayaji Industries Limited,EQ,17-AUG-2026
SBC,SBC Exports Limited,EQ,23-NOV-2021
SBCL,Shivalik Bimetal Controls Limited,EQ,24-JUN-2021
SBFC,SBFC Finance Limited,EQ,16-AUG-2023
SBGLP,Suratwwala Business Group Limited,EQ,10-FEB-2023
SBICARD,SBI Cards and Payment Services Limited,EQ,16-MAR-2020
SBIFUNDS,SBI Funds Management Limited,EQ,21-JUL-2026
SBILIFE,SBI Life Insurance Company Limited,EQ,03-OCT-2017
SBIN,State Bank of India,EQ,01-MAR-1995
SCANSTL,Scan Steels Limited,BE,20-APR-2026
SCHAEFFLER,Schaeffler India Limited,EQ,29-NOV-2000
SCHAND,S Chand And Company Limited,EQ,09-MAY-2017
SCHNEIDER,Schneider Electric Infrastructure Limited,EQ,20-MAR-2012
SCI,Shipping Corporation Of India Limited,EQ,13-AUG-1997
SCILAL,Shipping Corporation of India Land and Assets Limited,EQ,19-MAR-2024
SCODATUBES,Scoda Tubes Limited,EQ,04-JUN-2025
SCPL,Sheetal Cool Products Limited,EQ,22-NOV-2022
SDBL,Som Distilleries & Breweries Limited,EQ,18-MAR-2014
SEAMECLTD,Seamec Limited,EQ,28-JUN-1995
SECMARK,SecMark Consultancy Limited,EQ,16-OCT-2023
SECURKLOUD,SECUREKLOUD TECHNOLOGIES LIMITED,EQ,29-JAN-2014
SEDEMAC,SEDEMAC Mechatronics Limited,EQ,11-MAR-2026
SEIL,Shanti Educational Initiatives Limited,EQ,20-APR-2026
SEJALLTD,Sejal Glass Limited,EQ,13-DEC-2021
SEKURITIND,Saint Gobain Sekurit India Limited,EQ,17-AUG-2026
SELMC,SEL Manufacturing Company Limited,EQ,26-OCT-2021
SEMAC,Semac Construction Limited,EQ,11-AUG-2005
SENCO,Senco Gold Limited,EQ,14-JUL-2023
SENORES,Senores Pharmaceuticals Limited,EQ,30-DEC-2024
SEPC,SEPC Limited,EQ,20-FEB-2008
SERVOTECH,Servotech Renewable Power System Limited,EQ,02-SEP-2021
SESHAPAPER,Seshasayee Paper and Boards Limited,EQ,29-MAR-1995
SETCO,Setco Automotive Limited,BE,01-JUL-2016
SETL,Standard Engineering Technology Limited,EQ,13-JAN-2025
SEYAIND,Seya Industries Limited,BE,11-JUL-2019
SFL,Sheela Foam Limited,EQ,09-DEC-2016
SGFIN,SG Finserve Limited,EQ,05-AUG-2025
SGIL,Synergy Green Industries Limited,EQ,28-JUL-2021
SGL,STL Global Limited,EQ,10-APR-2006
SGLRES,SGL Resources Limited,EQ,17-AUG-2026
SGMART,SG Mart Limited,EQ,12-SEP-2025
SGRL,Shree Ganesh Remedies Limited,EQ,17-AUG-2026
SHADOWFAX,Shadowfax Technologies Limited,EQ,28-JAN-2026
SHAH,Shah Metacorp Limited,EQ,27-OCT-2010
SHAHALLOYS,Shah Alloys Limited,EQ,16-JUN-2005
SHAILY,Shaily Engineering Plastics Limited,EQ,04-APR-2022
SHAKTIPUMP,Shakti Pumps (India) Limited,EQ,29-JAN-2015
SHALBY,Shalby Limited,EQ,15-DEC-2017
SHALPAINTS,Shalimar Paints Limited,BE,03-MAR-2008
SHANKARA,Shankara Building Products Limited,EQ,05-APR-2017
SHANTI,Shanti Overseas (India) Limited,EQ,16-SEP-2021
SHANTIGEAR,Shanthi Gears Limited,EQ,17-JAN-1996
SHANTIGOLD,Shanti Gold International Limited,EQ,01-AUG-2025
SHARDACROP,Sharda Cropchem Limited,EQ,23-SEP-2014
SHARDAMOTR,Sharda Motor Industries Limited,EQ,03-SEP-2015
SHARDUL,Shardul Securities Limited,BE,20-APR-2026
SHAREINDIA,Share India Securities Limited,EQ,21-SEP-2020
SHBAJRG,Shri Bajrang Alliance Limited,EQ,20-APR-2026
SHEKHAWATI,Shekhawati Industries Limited,BE,12-JAN-2011
SHEMAROO,Shemaroo Entertainment Limited,BE,01-OCT-2014
SHERVANI,Shervani Industrial Syndicate Limited,EQ,17-AUG-2026
SHILCTECH,Shilchar Technologies Limited,EQ,24-NOV-2025
SHILGRAVQ,Shilp Gravures Limited,EQ,17-AUG-2026
SHILPAMED,Shilpa Medicare Limited,EQ,03-DEC-2009
SHINDL,Sharat Industries Limited,EQ,20-APR-2026
SHIPROCKET,Shiprocket Limited,EQ,19-AUG-2026
SHIVAAGRO,Shiva Global Agro Industries Limited,EQ,17-AUG-2026
SHIVACEM,Shiva Cement Limited,EQ,17-AUG-2026
SHIVALIK,Shivalik Rasayan Limited,BE,09-DEC-2021
SHIVAMAUTO,Shivam Autotech Limited,BE,21-NOV-2006
SHIVAMILLS,Shiva Mills Limited,EQ,26-FEB-2018
SHIVATEX,Shiva Texyarn Limited,EQ,26-DEC-2017
SHIVAUM,Shiv Aum Steels Limited,EQ,14-NOV-2025
SHK,S H Kelkar and Company Limited,EQ,16-NOV-2015
SHOPERSTOP,Shoppers Stop Limited,EQ,23-MAY-2005
SHRADDHA,Shraddha Prime Projects Limited,EQ,17-AUG-2026
SHRADHA,Shradha Realty Limited,EQ,22-OCT-2020
SHREDIGCEM,Shree Digvijay Cement Co.Ltd,EQ,28-JAN-2020
SHREECEM,SHREE CEMENT LIMITED,EQ,26-APR-1995
SHREEJISPG,Shreeji Shipping Global Limited,EQ,26-AUG-2025
SHREEPUSHK,Shree Pushkar Chemicals & Fertilisers Limited,EQ,10-SEP-2015
SHREERAMA,Shree Rama Multi-Tech Limited,EQ,13-MAR-2000
SHREYANIND,Shreyans Industries Limited,EQ,06-NOV-1996
SHRIKRISH,Shri Krishna Devcon Limited,EQ,20-APR-2026
SHRINGARMS,Shringar House of Mangalsutra Limited,EQ,17-SEP-2025
SHRIPISTON,SPR Auto Technologies Limited,EQ,02-JUN-2016
SHRIRAMFIN,Shriram Finance Limited,EQ,11-DEC-1996
SHRIRAMPPS,Shriram Properties Limited,EQ,20-DEC-2021
SHRJAGP,Shri Jagdamba Polymers Limited,EQ,17-AUG-2026
SHUKRAPHAR,Shukra Pharmaceuticals Limited,EQ,14-AUG-2026
SHYAMCENT,Shyam Century Ferrous Limited,BE,28-JUL-2015
SHYAMMETL,Shyam Metalics and Energy Limited,EQ,24-JUN-2021
SHYAMTEL,Shyam Telecom Limited,EQ,06-NOV-2006
SICAGEN,Sicagen India Limited,EQ,20-APR-2026
SICALLOG,Sical Logistics Limited,BE,12-OCT-2023
SIEL,Superior Industrial Enterprises Limited,EQ,17-AUG-2026
SIEMENS,Siemens Limited,EQ,06-SEP-1995
SIGACHI,Sigachi Industries Limited,EQ,15-NOV-2021
SIGIND,Signet Industries Limited,EQ,29-AUG-2018
SIGMA,Sigma Solve Limited,EQ,09-JUN-2023
SIGMAADV,SIGMA ADVANCED SYSTEMS LIMITED,EQ,19-JUL-2007
SIGNATURE,Signatureglobal (India) Limited,EQ,27-SEP-2023
SIGNPOST,Signpost India Limited,EQ,14-FEB-2024
SIKA,Sika Interplant Systems Limited,EQ,20-APR-2026
SIKKO,Sikko Industries Limited,BE,22-OCT-2021
SIL,Standard Industries Limited,EQ,27-JAN-2004
SILGO,Silgo Retail Limited,EQ,03-MAR-2021
SILINV,SIL Investments Limited,EQ,22-MAY-1996
SILLYMONKS,Silly Monks Entertainment Limited,EQ,08-JUL-2020
SILVERTUC,Silver Touch Technologies Limited,EQ,12-MAY-2022
SIMPLEXINF,Simplex Infrastructures Limited,EQ,09-MAR-2004
SIMPLXREA,Simplex Realty Limited,EQ,17-AUG-2026
SINCLAIR,Sinclairs Hotels Limited,EQ,10-APR-2024
SINDHUTRAD,Sindhu Trade Links Limited,EQ,20-JUN-2023
SINGERIND,Singer India Limited,EQ,19-MAR-2026
SINTERCOM,Sintercom India Limited,EQ,07-OCT-2020
SIRCA,Sirca Paints India Limited,EQ,22-JUL-2019
SIS,SIS LIMITED,EQ,10-AUG-2017
SIYSIL,Siyaram Silk Mills Limited,EQ,29-JAN-2007
SJS,S.J.S. Enterprises Limited,EQ,15-NOV-2021
SJVN,SJVN Limited,EQ,20-MAY-2010
SKFINDIA,SKF India Limited,EQ,27-JAN-1999
SKFINDUS,SKF India (Industrial) Limited,EQ,05-DEC-2025
SKIPPER,Skipper Limited,EQ,27-MAY-2015
SKMEGGPROD,SKM Egg Products Export (India) Limited,EQ,14-MAR-1997
SKYGOLD,SKY GOLD AND DIAMONDS LIMITED,EQ,06-JAN-2023
SMARTLINK,Smartlink Holdings Limited,BE,11-APR-2001
SMARTWORKS,Smartworks Coworking Spaces Limited,EQ,17-JUL-2025
SMCGLOBAL,SMC Global Securities Limited,EQ,24-FEB-2021
SMLMAH,SML Mahindra Limited,EQ,29-AUG-2003
SMLT,Sarthak Metals Limited,EQ,25-NOV-2021
SMSPHARMA,SMS Pharmaceuticals Limited,EQ,28-FEB-2007
SNOWMAN,Snowman Logistics Limited,EQ,12-SEP-2014
SOBHA,Sobha Limited,EQ,20-DEC-2006
SOFTTECH,Softtech Engineers Limited,EQ,25-FEB-2022
SOLARA,Solara Active Pharma Sciences Limited,EQ,27-JUN-2018
SOLARINDS,Solar Industries India Limited,EQ,03-APR-2006
SOLARWORLD,Solarworld Energy Solutions Limited,EQ,30-SEP-2025
SOLEX,Solex Energy Limited,EQ,08-OCT-2025
SOMANYCERA,Somany Ceramics Limited,EQ,22-NOV-1995
SOMATEX,Soma Textiles & Industries Limited,EQ,14-AUG-1996
SOMICONVEY,Somi Conveyor Beltings Limited,EQ,18-JUL-2016
SONACOMS,Sona BLW Precision Forgings Limited,EQ,24-JUN-2021
SONAL,Sonal Mercantile Limited,EQ,20-APR-2026
SONAMLTD,SONAM LIMITED,EQ,07-APR-2022
SONATSOFTW,Sonata Software Limited,EQ,28-JUL-1999
SOTL,Savita Oil Technologies Limited,EQ,28-JUN-1995
SOUTHBANK,The South Indian Bank Limited,EQ,08-DEC-1998
SOUTHWEST,South West Pinnacle Exploration Limited,EQ,18-APR-2019
SPAL,S. P. Apparels Limited,EQ,12-AUG-2016
SPANDANA,Spandana Sphoorty Financial Limited,EQ,19-AUG-2019
SPARC,Sun Pharma Advanced Research Company Limited,EQ,18-JUL-2007
SPCENET,Spacenet Enterprises India Limited,EQ,10-JAN-2017
SPECIALITY,Speciality Restaurants Limited,BE,30-MAY-2012
SPECTRUM,Spectrum Electrical Industries Limited,BE,28-MAR-2025
SPELS,SPEL Semiconductor Limited,EQ,17-AUG-2026
SPENCERS,Spencer's Retail Limited,EQ,25-JAN-2019
SPIC,Southern Petrochemicals Industries Corporation  Limited,EQ,10-JAN-1996
SPLIL,SPL Industries Limited,EQ,26-JUL-2005
SPLPETRO,Supreme Petrochem Limited,EQ,24-MAY-2022
SPMLINFRA,SPML Infra Limited,EQ,14-FEB-1996
SPORTKING,Sportking India Limited,EQ,24-AUG-2022
SRD,Shankar Lal Rampal Dye-Chem Limited,EQ,09-OCT-2024
SREEL,Sreeleathers Limited,EQ,01-JAN-2014
SRF,SRF Limited,EQ,18-AUG-2003
SRGHFL,SRG Housing Finance Limited,EQ,21-AUG-2023
SRHHYPOLTD,Sree Rayalaseema Hi-Strength Hypo Limited,EQ,08-MAY-2007
SRIKPRIND,Sri KPR Industries Limited,EQ,17-AUG-2026
SRM,SRM Contractors Limited,EQ,03-APR-2024
SRTL,Shree Ram Twistex Limited,EQ,02-MAR-2026
SSDL,Saraswati Saree Depot Limited,EQ,20-AUG-2024
SSWL,Steel Strips Wheels Limited,EQ,06-JUN-2005
STALLION,Stallion India Fluorochemicals Limited,BE,23-JAN-2025
STANLEY,Stanley Lifestyles Limited,EQ,28-JUN-2024
STAR,Strides Pharma Science Limited,EQ,02-FEB-2000
STARCEMENT,Star Cement Limited,EQ,16-JUN-2017
STARHEALTH,Star Health and Allied Insurance Company Limited,EQ,10-DEC-2021
STARPAPER,Star Paper Mills Limited,EQ,13-SEP-1995
STARTECK,Starteck Finance Limited,EQ,04-MAY-2022
STCINDIA,The State Trading Corporation of India Limited,EQ,01-APR-2003
STEELCAS,Steelcast Limited,EQ,23-NOV-2021
STEELCITY,Steel City Securities Limited,EQ,27-JUN-2019
STEELXIND,STEEL EXCHANGE INDIA LIMITED,EQ,20-JUL-2017
STEL,Stel Holdings Limited,EQ,09-FEB-2011
STERTOOLS,Sterling Tools Limited,BE,02-FEB-2006
STLNETWORK,STL Networks Limited,EQ,04-SEP-2025
STLSTRINF,Steel Strips Infrastructures Limited,EQ,17-AUG-2026
STLTECH,Sterlite Technologies Limited,BE,08-DEC-2000
STOVEKRAFT,Stove Kraft Limited,EQ,05-FEB-2021
STUDDS,Studds Accessories Limited,EQ,07-NOV-2025
STYL,Seshaasai Technologies Limited,EQ,30-SEP-2025
STYLAMIND,Stylam Industries Limited,EQ,02-AUG-2021
STYLEBAAZA,Baazar Style Retail Limited,EQ,06-SEP-2024
STYRENIX,Styrenix Performance Materials Limited,EQ,29-MAR-1995
SUBEXLTD,Subex Limited,EQ,05-NOV-2020
SUBROS,Subros Limited,EQ,13-JUL-2005
SUDARCOLOR,Sudarshan Colorants India Limited,EQ,14-JUN-1995
SUDARSCHEM,Sudarshan Chemical Industries Limited,EQ,25-MAY-1995
SUDEEPPHRM,Sudeep Pharma Limited,EQ,28-NOV-2025
SUKHJITS,Sukhjit Starch & Chemicals Limited,EQ,07-NOV-2022
SULA,Sula Vineyards Limited,EQ,22-DEC-2022
SUMEDHA,Sumedha Fiscal Services Limited,EQ,17-AUG-2026
SUMEETINDS,Sumeet Industries Limited,EQ,10-DEC-2010
SUMICHEM,Sumitomo Chemical India Limited,EQ,27-JAN-2020
SUMIT,Sumit Woods Limited,EQ,30-JUL-2019
SUMMITSEC,Summit Securities Limited,EQ,28-JAN-2011
SUNCLAY,Sundaram Clayton Limited,EQ,29-DEC-2023
SUNDARAM,Sundaram Multi Pap Limited,EQ,02-JUN-2010
SUNDARMFIN,Sundaram Finance Limited,EQ,07-JAN-1998
SUNDRMBRAK,Sundaram Brake Linings Limited,BE,17-JUL-1996
SUNDRMFAST,Sundram Fasteners Limited,EQ,07-JUN-2000
SUNDROP,Sundrop Brands Limited,EQ,06-DEC-2002
SUNFLAG,Sunflag Iron And Steel Company Limited,EQ,29-SEP-2005
SUNLOC,Sunil Healthcare Limited,EQ,17-AUG-2026
SUNPHARMA,Sun Pharmaceutical Industries Limited,EQ,08-FEB-1995
SUNRAKSHAK,Sunrakshakk Industries India Limited,EQ,17-AUG-2026
SUNSHIEL,Sunshield Chemicals Limited,EQ,17-AUG-2026
SUNTECK,Sunteck Realty Limited,EQ,13-NOV-2009
SUNTV,Sun TV Network Limited,EQ,24-APR-2006
SUPERHOUSE,Superhouse Limited,EQ,26-SEP-2014
SUPERSPIN,Super Spinning Mills Limited,BE,08-JUL-2004
SUPRAJIT,Suprajit Engineering Limited,EQ,18-FEB-2005
SUPREME,Supreme Holdings & Hospitality (India) Limited,EQ,03-FEB-2025
SUPREMEIND,Supreme Industries Limited,EQ,19-JUL-1995
SUPREMEINF,Supreme Infrastructure India Limited,EQ,18-OCT-2007
SUPRIYA,Supriya Lifescience Limited,EQ,28-DEC-2021
SUPTANERY,Super Tannery Limited,EQ,17-AUG-2026
SURAJEST,Suraj Estate Developers Limited,EQ,26-DEC-2023
SURAJLTD,Suraj Limited,EQ,29-AUG-2024
SURAKSHA,Suraksha Diagnostic Limited,EQ,06-DEC-2024
SURANASOL,Surana Solar Limited,EQ,07-JAN-2011
SURANAT&P,Surana Telecom and Power Limited,EQ,22-MAY-2002
SURYALA,Suryalata Spinning Mills Limited,EQ,20-APR-2026
SURYALAXMI,Suryalakshmi Cotton Mills Limited,EQ,15-JUN-2005
SURYAROSNI,Surya Roshni Limited,EQ,10-MAY-1995
SURYODAY,Suryoday Small Finance Bank Limited,EQ,26-MAR-2021
SUTLEJTEX,Sutlej Textiles and Industries Limited,BE,14-DEC-2006
SUVEN,Suven Life Sciences Limited,EQ,23-OCT-2003
SUVIDHAA,Suvidhaa Infoserve Limited,EQ,31-MAR-2021
SUYOG,Suyog Telematics Limited,EQ,20-AUG-2024
SUZLON,Suzlon Energy Limited,EQ,19-OCT-2005
SVGLOBAL,S V Global Mill Limited,EQ,17-AUG-2026
SVLL,Shree Vasu Logistics Limited,BE,21-APR-2023
SVPGLOB,SVP GLOBAL TEXTILES LIMITED,EQ,14-JUL-2021
SWANCORP,SWAN CORP LIMITED,EQ,29-MAY-2012
SWANDEF,Swan Defence and Heavy Industries Limited,BE,20-JAN-2025
SWARAJ,Swaraj Suiting Limited,EQ,13-AUG-2026
SWARAJENG,Swaraj Engines Limited,EQ,06-DEC-1995
SWARNSAR,Swarnsarita Jewels India Limited,EQ,17-AUG-2026
SWELECTES,Swelect Energy Systems Limited,EQ,09-MAY-2006
SWIGGY,Swiggy Limited,EQ,13-NOV-2024
SWISSMLTRY,Swiss Military Consumer Goods Limited,EQ,17-AUG-2026
SWSOLAR,Sterling and Wilson Renewable Energy Limited,EQ,20-AUG-2019
SYMPHONY,Symphony Limited,EQ,15-JUN-2011
SYNCOMF,Syncom Formulations (India) Limited,EQ,18-NOV-2022
SYNGENE,Syngene International Limited,EQ,11-AUG-2015
SYRMA,Syrma SGS Technology Limited,EQ,26-AUG-2022
SYSTMTXC,Systematix Corporate Services Limited,BE,06-OCT-2025
TAALTECH,Taal Tech Limited,EQ,20-APR-2026
TAINWALCHM,Tainwala Chemical and Plastic (I) Limited,EQ,27-JUL-1995
TAJGVK,Taj GVK Hotels & Resorts Limited,EQ,20-DEC-2000
TAKE,TAKE Limited,EQ,27-AUG-2007
TALBROAUTO,Talbros Automotive Components Limited,EQ,29-SEP-2006
TAMBOLIIN,Tamboli Industries Limited,BE,20-APR-2026
TANAA,Taneja Aerospace & Aviation Limited,EQ,17-AUG-2026
TANLA,Tanla Platforms Limited,EQ,05-JAN-2007
TARACHAND,Tara Chand InfraLogistic Solutions Limited,EQ,16-APR-2024
TARAPUR,Tarapur Transformers Limited,EQ,18-MAY-2010
TARC,TARC Limited,EQ,18-DEC-2020
TARIL,Transformers And Rectifiers (India) Limited,EQ,28-DEC-2007
TARMAT,Tarmat Limited,EQ,09-JUL-2007
TARSONS,Tarsons Products Limited,EQ,26-NOV-2021
TASTYBITE,Tasty Bite Eatables Limited,EQ,23-MAR-2017
TATACAP,Tata Capital Limited,EQ,13-OCT-2025
TATACHEM,Tata Chemicals Limited,EQ,01-APR-1999
TATACOMM,Tata Communications Limited,EQ,12-APR-1995
TATACONSUM,TATA CONSUMER PRODUCTS LIMITED,EQ,18-NOV-1998
TATAELXSI,Tata Elxsi Limited,EQ,17-SEP-2003
TATAINVEST,Tata Investment Corporation Limited,EQ,24-JUN-1998
TATAPOWER,Tata Power Company Limited,EQ,03-APR-1996
TATASTEEL,Tata Steel Limited,EQ,18-NOV-1998
TATATECH,Tata Technologies Limited,EQ,30-NOV-2023
TATVA,Tatva Chintan Pharma Chem Limited,EQ,29-JUL-2021
TBOTEK,TBO Tek Limited,EQ,15-MAY-2024
TBZ,Tribhovandas Bhimji Zaveri Limited,EQ,09-MAY-2012
TCC,TCC Concept Limited,EQ,25-FEB-2026
TCI,Transport Corporation of India Limited,EQ,21-JAN-2002
TCIEXP,TCI Express Limited,EQ,15-DEC-2016
TCIFINANCE,TCI Finance Limited,BE,21-MAY-1997
TCPLPACK,TCPL Packaging Limited,EQ,17-OCT-2017
TCS,Tata Consultancy Services Limited,EQ,25-AUG-2004
TDPOWERSYS,TD Power Systems Limited,EQ,08-SEP-2011
TEAMGTY,Team India Guaranty Limited,EQ,11-JUN-2002
TEAMLEASE,Teamlease Services Limited,EQ,12-FEB-2016
TECHM,Tech Mahindra Limited,EQ,28-AUG-2006
TECHNOCRAF,Technocraft Ventures Limited,EQ,14-AUG-2026
TECHNOE,Techno Electric & Engineering Company Limited,EQ,04-DEC-2018
TECHNVISN,TechNVision Ventures Limited,EQ,20-APR-2026
TECILCHEM,TECIL Chemicals and Hydro Power Limited,EQ,06-DEC-1995
TEGA,Tega Industries Limited,EQ,13-DEC-2021
TEJASNET,Tejas Networks Limited,EQ,27-JUN-2017
TEMBO,Tembo Global Industries Limited,EQ,23-APR-2021
TENNIND,Tenneco Clean Air India Limited,EQ,19-NOV-2025
TERAI,Terai Tea Company Limited,EQ,17-AUG-2026
TERASOFT,Tera Software Limited,EQ,29-DEC-2016
TEXINFRA,Texmaco Infrastructure & Holdings Limited,EQ,09-SEP-2004
TEXMOPIPES,Texmo Pipes and Products Limited,EQ,10-MAR-2010
TEXRAIL,Texmaco Rail & Engineering Limited,EQ,03-MAR-2011
TFCILTD,Tourism Finance Corporation of India Limited,EQ,26-JUL-2000
TFL,Transwarranty Finance Limited,EQ,26-FEB-2007
TGBHOTELS,TGB Banquets And Hotels Limited,EQ,17-MAY-2007
TGVSL,TGV Sraac Limited,EQ,17-AUG-2026
THACKER,Thacker & Company Limited,BE,20-APR-2026
THAKDEV,Thakkers Developers Limited,EQ,20-APR-2026
THANGAMAYL,Thangamayil Jewellery Limited,EQ,19-FEB-2010
THEINVEST,The Investment Trust Of India Limited,EQ,02-AUG-2017
THEJO,Thejo Engineering Limited,EQ,10-OCT-2023
THELEELA,Leela Palaces Hotels & Resorts Limited,EQ,02-JUN-2025
THEMISMED,Themis Medicare Limited,EQ,02-APR-2007
THERMAX,Thermax Limited,EQ,30-AUG-1995
THOMASCOOK,Thomas Cook  (India)  Limited,EQ,07-JUN-2000
THOMASCOTT,Thomas Scott (India) Limited,EQ,30-JAN-2012
THYROCARE,Thyrocare Technologies Limited,EQ,09-MAY-2016
TI,Tilaknagar Industries Limited,EQ,16-JUL-2010
TICL,Twamev Construction and Infrastructure Limited,BE,16-OCT-2023
TIGERLOGS,Tiger Logistics (India) Limited,EQ,18-SEP-2025
TIIL,Technocraft Industries (India) Limited,EQ,12-FEB-2007
TIINDIA,Tube Investments of India Limited,EQ,02-NOV-2017
TIJARIA,Tijaria Polypipes Limited,EQ,14-OCT-2011
TIL,TIL Limited,BE,27-SEP-1995
TIMETECHNO,Time Technoplast Limited,EQ,13-JUN-2007
TIMEX,Timex Group India Limited,EQ,20-APR-2026
TIMKEN,Timken India Limited,EQ,06-FEB-2007
TINNARUBR,Tinna Rubber and Infrastructure Limited,EQ,17-APR-2025
TIPSFILMS,Tips Films Limited,EQ,06-OCT-2022
TIPSMUSIC,Tips Music Limited,EQ,10-NOV-2000
TIRUMALCHM,Thirumalai Chemicals Limited,EQ,14-MAY-2003
TIRUPATIFL,Tirupati Forge Limited,BE,04-AUG-2020
TITAGARH,TITAGARH RAIL SYSTEMS LIMITED,EQ,21-APR-2008
TITAN,Titan Company Limited,EQ,24-SEP-2004
TMB,Tamilnad Mercantile Bank Limited,EQ,15-SEP-2022
TMCV,Tata Motors Limited,EQ,12-NOV-2025
TMPV,Tata Motors Passenger Vehicles Limited,EQ,22-JUL-1998
TNPETRO,Tamilnadu PetroProducts Limited,EQ,27-OCT-1999
TNPL,Tamil Nadu Newsprint & Papers Limited,EQ,14-FEB-1996
TNTELE,Tamilnadu Telecommunication Limited,EQ,04-FEB-2003
TOKYOPLAST,Tokyo Plast International Limited,EQ,11-OCT-1995
TOLINS,Tolins Tyres Limited,EQ,16-SEP-2024
TORNTPHARM,Torrent Pharmaceuticals Limited,EQ,25-NOV-2002
TORNTPOWER,Torrent Power Limited,EQ,28-NOV-2006
TOTAL,Total Transport Systems Limited,EQ,28-AUG-2020
TOUCHWOOD,Touchwood Entertainment Limited,EQ,21-JAN-2020
TOYAMSL,Toyam Sports Limited,EQ,17-AUG-2026
TPHQ,Teamo Productions HQ Limited,EQ,30-JAN-2009
TPLPLASTEH,TPL Plastech Limited,EQ,20-MAY-2015
TRACXN,Tracxn Technologies Limited,EQ,20-OCT-2022
TRANSCOR,Transcorp International Limited,EQ,17-AUG-2026
TRANSPEK,Transpek Industry Limited,BE,20-APR-2026
TRANSRAILL,Transrail Lighting Limited,EQ,27-DEC-2024
TRANSWORLD,TRANSWORLD SHIPPING LINES LIMITED,BE,01-MAR-1995
TRAVELFOOD,Travel Food Services Limited,EQ,14-JUL-2025
TREEHOUSE,Tree House Education & Accessories Limited,EQ,26-AUG-2011
TREJHARA,TREJHARA SOLUTIONS LIMITED,EQ,28-DEC-2018
TREL,Transindia Real Estate Limited,EQ,10-AUG-2023
TRENT,Trent Limited,EQ,07-JUN-2004
TRF,TRF Limited,EQ,26-MAR-2010
TRIDENT,Trident Limited,EQ,21-FEB-2001
TRIGYN,Trigyn Technologies Limited,EQ,09-APR-1998
TRITONV,Triton Valves Limited,EQ,17-AUG-2026
TRITURBINE,Triveni Turbine Limited,EQ,28-OCT-2011
TRIVENI,Triveni Engineering & Industries Limited,EQ,13-DEC-2005
TRU,TruCap Finance Limited,EQ,20-JUN-2023
TRUALT,TruAlt Bioenergy Limited,EQ,03-OCT-2025
TSFINV,TSF INVESTMENTS LIMITED,EQ,26-MAR-2018
TTKHLTCARE,TTK Healthcare Limited,EQ,02-DEC-2015
TTKPRESTIG,TTK Prestige Limited,EQ,22-DEC-1999
TTL,T T Limited,EQ,22-FEB-2007
TTML,Tata Teleservices (Maharashtra) Limited,EQ,20-OCT-2000
TURTLEMINT,Turtlemint Fintech Solutions Limited,EQ,29-JUN-2026
TUTIALKA,Tuticorin Alkali Chemicals & Fertilizers Limited,EQ,17-AUG-2026
TVSELECT,TVS Electronics Limited,EQ,26-DEC-2003
TVSHLTD,TVS Holdings Limited,EQ,23-OCT-2012
TVSMOTOR,TVS Motor Company Limited,EQ,02-AUG-2000
TVSSCS,TVS Supply Chain Solutions Limited,EQ,23-AUG-2023
TVSSRICHAK,TVS Srichakra Limited,EQ,13-FEB-2007
TVTODAY,TV Today Network Limited,EQ,16-JAN-2004
TVVISION,TV Vision Limited,BE,15-SEP-2016
UBL,United Breweries Limited,EQ,28-JUL-2008
UCAL,UCAL LIMITED,BE,13-SEP-1995
UCOBANK,UCO Bank,EQ,09-OCT-2003
UDAYJEW,Uday Jewellery Industries Limited,EQ,17-AUG-2026
UDS,Updater Services Limited,EQ,04-OCT-2023
UEL,Ujaas Energy Limited,EQ,16-APR-2024
UFBL,United Foodbrands Limited,BE,07-APR-2021
UFLEX,UFLEX Limited,EQ,23-AUG-1995
UFO,UFO Moviez India Limited,EQ,14-MAY-2015
UGARSUGAR,The Ugar Sugar Works Limited,EQ,23-AUG-2010
UGROCAP,Ugro Capital Limited,EQ,11-AUG-2021
UJJIVANSFB,Ujjivan Small Finance Bank Limited,EQ,12-DEC-2019
ULTRACEMCO,UltraTech Cement Limited,EQ,24-AUG-2004
ULTRAMAR,Ultramarine & Pigments Limited,EQ,20-APR-2026
UMAEXPORTS,Uma Exports Limited,BE,07-APR-2022
UMESLTD,Usha Martin Education & Solutions Limited,EQ,12-JUL-2010
UMIYA-MRO,UMIYA BUILDCON LIMITED,EQ,01-NOV-2000
UNICHEMLAB,Unichem Laboratories Limited,EQ,07-FEB-2001
UNIDT,United Drilling Tools Limited,BE,25-SEP-2020
UNIECOM,Unicommerce Esolutions Limited,EQ,13-AUG-2024
UNIENTER,Uniphos Enterprises Limited,EQ,23-JAN-2004
UNIINFO,Uniinfo Telecom Services Limited,EQ,12-JAN-2022
UNIMECH,Unimech Aerospace and Manufacturing Limited,EQ,31-DEC-2024
UNIONBANK,Union Bank of India,EQ,24-SEP-2002
UNIPARTS,Uniparts India Limited,EQ,12-DEC-2022
UNITDSPR,United Spirits Limited,EQ,27-SEP-2001
UNITECH,Unitech Limited,EQ,08-SEP-1999
UNITEDPOLY,United Polyfab Gujarat Limited,BE,31-DEC-2021
UNITEDTEA,The United Nilgiri Tea Estates Company Limited,EQ,28-JAN-2015
UNIVASTU,Univastu India Limited,BE,22-JUN-2020
UNIVCABLES,Universal Cables Limited,EQ,17-MAY-1995
UNIVPHOTO,Universus Photo Imagings Limited,BE,14-FEB-2020
UNOMINDA,UNO Minda Limited,EQ,02-FEB-2007
UPHOT,U P Hotels Limited,EQ,17-AUG-2026
UPL,UPL Limited,EQ,23-JAN-2004
URAVIDEF,Uravi Defence and Technology Limited,BE,05-JUL-2023
URBANCO,Urban Company Limited,EQ,17-SEP-2025
URJA,Urja Global Limited,EQ,28-MAR-2017
USHAMART,Usha Martin Limited,EQ,11-OCT-2000
USK,Udayshivakumar Infra Limited,EQ,03-APR-2023
UTIAMC,UTI Asset Management Company Limited,EQ,12-OCT-2020
UTKARSHBNK,Utkarsh Small Finance Bank Limited,EQ,21-JUL-2023
UTLSOLAR,Fujiyama Power Systems Limited,EQ,20-NOV-2025
UTTAMSUGAR,Uttam Sugar Mills Limited,EQ,10-APR-2006
UYFINCORP,U. Y. Fincorp Limited,BE,03-OCT-2024
V2RETAIL,V2 Retail Limited,EQ,04-JUL-2007
VADILALIND,Vadilal Industries Limited,EQ,15-JUN-2011
VADILENT,Vadilal Enterprises Limited,EQ,17-AUG-2026
VAIBHAVGBL,Vaibhav Global Limited,EQ,05-APR-2004
VAISHALI,Vaishali Pharma Limited,EQ,15-JAN-2020
VAKRANGEE,Vakrangee Limited,EQ,03-APR-2006
VALIANTLAB,Valiant Laboratories Limited,EQ,06-OCT-2023
VALIANTORG,Valiant Organics Limited,BE,23-JUL-2021
VAML,Vedanta Aluminium Metal Limited,EQ,15-JUN-2026
VARDHACRLC,Vardhman Acrylics Limited,BE,30-SEP-2003
VARDMNPOLY,Vardhman Polytex Limited,EQ,12-MAY-2003
VARROC,Varroc Engineering Limited,EQ,06-JUL-2018
VASCONEQ,Vascon Engineers Limited,EQ,15-FEB-2010
VASUPRADA,Shri Vasuprada Plantations Limited,EQ,17-AUG-2026
VASWANI,Vaswani Industries Limited,EQ,20-SEP-2011
VBL,Varun Beverages Limited,EQ,08-NOV-2016
VCL,Vaxtex Cotfab Limited,BE,19-APR-2022
VEDAVAAG,VEDAVAAG Systems Limited,EQ,17-AUG-2026
VEDL,Vedanta Limited,EQ,13-MAY-1998
VEDPOWER,Vedanta Power Limited,EQ,15-JUN-2026
VEEDOL,Veedol Corporation Limited,EQ,16-JAN-2007
VELJAN,Veljan Denison Limited,BE,20-APR-2026
VENKEYS,Venky's (India) Limited,EQ,28-JUL-2003
VENTIVE,Ventive Hospitality Limited,EQ,30-DEC-2024
VENUSPIPES,Venus Pipes & Tubes Limited,EQ,24-MAY-2022
VENUSREM,Venus Remedies Limited,BE,20-DEC-2006
VERANDA,Veranda Learning Solutions Limited,EQ,11-APR-2022
VERTOZ,Vertoz Limited,BE,14-MAY-2020
VESUVIUS,Vesuvius India Limited,EQ,04-OCT-2002
VETO,Veto Switchgears And Cables Limited,BE,29-APR-2015
VGCL,Vibrant Global Capital Limited,EQ,17-AUG-2026
VGL,VARVEE GLOBAL LIMITED,EQ,21-NOV-2006
VGUARD,V-Guard Industries Limited,EQ,13-MAR-2008
VHL,Vardhman Holdings Limited,EQ,30-JUN-2005
VHLTD,Viceroy Hotels Limited,BE,03-APR-2024
VIDHIING,Vidhi Specialty Food Ingredients Limited,EQ,02-MAR-2016
VIDYAWIRES,Vidya Wires Limited,EQ,10-DEC-2025
VIJAYA,Vijaya Diagnostic Centre Limited,EQ,14-SEP-2021
VIJIFIN,Viji Finance Limited,BE,11-JUL-2016
VIJSOLX,Vijay Solvex Limited,EQ,17-AUG-2026
VIKASECO,Vikas EcoTech Limited,EQ,12-DEC-2011
VIKASLIFE,Vikas Lifecare Limited,EQ,08-MAY-2019
VIKRAMSOLR,Vikram Solar Limited,EQ,26-AUG-2025
VIKRAN,Vikran Engineering Limited,EQ,03-SEP-2025
VIMTALABS,Vimta Labs Limited,EQ,15-DEC-2005
VINATIORGA,Vinati Organics Limited,EQ,28-JUL-2009
VINCOFE,Vintage Coffee And Beverages Limited,EQ,18-OCT-2024
VINDHYATEL,Vindhya Telelinks Limited,EQ,08-FEB-1995
VINEETLAB,Vineet Laboratories Limited,EQ,15-JUN-2021
VINNY,Vinny Overseas Limited,EQ,28-NOV-2022
VINYLINDIA,Vinyl Chemicals (India) Limited,EQ,21-JUL-2008
VIPCLOTHNG,VIP Clothing Limited,EQ,06-AUG-2007
VIPIND,VIP Industries Limited,EQ,02-MAR-2005
VIPULLTD,Vipul Limited,BE,23-APR-2015
VIRAT,Virat Industries Limited,EQ,17-AUG-2026
VIRINCHI,Virinchi Limited,EQ,03-MAY-2023
VIRTUALG,Virtual Global Education Limited,EQ,17-AUG-2026
VISACHROME,VISA Chrome Limited,EQ,17-MAR-2006
VISAKAIND,Visaka Industries Limited,EQ,28-AUG-1996
VISHAL,Vishal Fabrics Limited,EQ,17-AUG-2026
VISHNU,Vishnu Chemicals Limited,EQ,05-MAR-2015
VISHWARAJ,Vishwaraj Sugar Industries Limited,EQ,15-OCT-2019
VISL,Vedanta Iron and Steel Limited,EQ,15-JUN-2026
VITAL,Vital Chemtech Limited,BE,11-MAR-2026
VIVIANA,Viviana Power Tech Limited,BE,02-JUN-2026
VIVIDHA,Visagar Polytex Limited,EQ,21-MAY-2013
VIVIMEDLAB,Vivimed Labs Limited,BE,17-AUG-2005
VIVOBIOT,Vivo Bio Tech Limited,EQ,17-AUG-2026
VIYASH,Viyash Scientific Limited,EQ,10-MAR-2016
VLEGOV,VL E-Governance & IT Solutions Limited,BE,14-AUG-2023
VLSFINANCE,VLS Finance Limited,EQ,25-MAY-1995
VMART,V-Mart Retail Limited,EQ,20-FEB-2013
VMM,Vishal Mega Mart Limited,EQ,18-DEC-2024
VMSTMT,VMS TMT Limited,EQ,24-SEP-2025
VOEPL,Virtuoso Optoelectronics Limited,EQ,01-JUL-2026
VOGL,Vedanta Oil and Gas Limited,EQ,15-JUN-2026
VOITHPAPR,Voith Paper Fabrics India Limited,EQ,17-AUG-2026
VOLTAMP,Voltamp Transformers Limited,EQ,20-SEP-2006
VOLTAS,Voltas Limited,EQ,12-APR-1995
VPRPL,Vishnu Prakash R Punglia Limited,EQ,05-SEP-2023
VRAJ,Vraj Iron and Steel Limited,EQ,03-JUL-2024
VRLLOG,VRL Logistics Limited,EQ,30-APR-2015
VSSL,Vardhman Special Steels Limited,EQ,17-MAY-2012
VSTIND,VST Industries Limited,EQ,05-SEP-2003
VSTL,Vibhor Steel Tubes Limited,EQ,20-FEB-2024
VSTTILLERS,V.S.T Tillers Tractors Limited,EQ,20-JUN-2011
VTL,Vardhman Textiles Limited,EQ,14-JAN-2003
VTMLTD,VTM Limited,EQ,17-AUG-2026
WAAREEENER,Waaree Energies Limited,EQ,28-OCT-2024
WAAREEINDO,Indosolar Limited,EQ,29-SEP-2010
WAAREERTL,Waaree Renewable Technologies Limited,EQ,09-APR-2025
WABAG,VA Tech Wabag Limited,EQ,13-OCT-2010
WAKEFIT,Wakefit Innovations Limited,EQ,15-DEC-2025
WALCHANNAG,Walchandnagar Industries Limited,EQ,18-SEP-1996
WANBURY,Wanbury Limited,EQ,29-JAN-2007
WARDINMOBI,Wardwizard Innovations & Mobility Limited,EQ,17-AUG-2026
WATERBASE,Waterbase Limited,EQ,17-AUG-2026
WCIL,Western Carriers (India) Limited,EQ,24-SEP-2024
WEALTH,Wealth First Portfolio Managers Limited,EQ,20-JAN-2021
WEBELSOLAR,Websol Energy System Limited,EQ,15-MAY-2007
WEIZMANIND,Weizmann Limited,EQ,10-MAY-1995
WEL,Wonder Electricals Limited,EQ,17-JAN-2022
WELCORP,Welspun Corp Limited,EQ,24-MAY-2005
WELENT,Welspun Enterprises Limited,EQ,04-NOV-2004
WELINV,Welspun Investments and Commercials Limited,BE,20-SEP-2010
WELSPLSOL,Welspun Specialty Solutions Limited,EQ,20-APR-2026
WELSPUNLIV,Welspun Living Limited,EQ,04-DEC-2003
WENDT,Wendt (India) Limited,EQ,07-AUG-2006
WESTLIFE,WESTLIFE FOODWORLD LIMITED,EQ,05-JUN-2023
WEWIN,WE WIN LIMITED,EQ,15-JUN-2022
WEWORK,WeWork India Management Limited,EQ,10-OCT-2025
WHBRADY,WH Brady & Company Limited,EQ,17-AUG-2026
WHEELS,Wheels India Limited,EQ,07-APR-2000
WHIRLPOOL,Whirlpool of India Limited,EQ,06-APR-2010
WILLAMAGOR,Williamson Magor & Company Limited,EQ,08-FEB-1995
WINDLAS,Windlas Biotech Limited,EQ,16-AUG-2021
WINDMACHIN,Windsor Machines Limited,EQ,17-AUG-2011
WIPL,The Western India Plywoods Limited,EQ,17-APR-2017
WIPRO,Wipro Limited,EQ,08-NOV-1995
WOCKPHARMA,Wockhardt Limited,EQ,23-FEB-2000
WONDERLA,Wonderla Holidays Limited,EQ,09-MAY-2014
WORTHPERI,Worth Peripherals Limited,EQ,04-AUG-2020
WPIL,WPIL Limited,EQ,20-APR-2026
WSI,W S Industries (I) Limited,EQ,01-AUG-2007
WSTCSTPAPR,West Coast Paper Mills Limited,EQ,17-JAN-2001
XCHANGING,Xchanging Solutions Limited,EQ,09-MAR-2005
XELPMOC,Xelpmoc Design And Tech Limited,EQ,04-FEB-2019
XPROINDIA,Xpro India Limited,EQ,27-APR-2004
XTGLOBAL,Xtglobal Infotech Limited,EQ,16-SEP-2024
XTRANET,Xtranet Technologies Limited,EQ,30-JUL-2026
YASHO,Yasho Industries Limited,EQ,21-AUG-2023
YATHARTH,Yatharth Hospital & Trauma Care Services Limited,EQ,07-AUG-2023
YATRA,Yatra Online Limited,EQ,28-SEP-2023
YESBANK,Yes Bank Limited,EQ,12-JUL-2005
YOGI,Yogi Limited,EQ,17-AUG-2026
YUKEN,Yuken India Limited,EQ,02-SEP-2021
ZAGGLE,Zaggle Prepaid Ocean Services Limited,EQ,22-SEP-2023
ZEEL,Zee Entertainment Enterprises Limited,EQ,09-SEP-1998
ZEELEARN,Zee Learn Limited,BE,20-DEC-2010
ZEEMEDIA,Zee Media Corporation Limited,EQ,10-JAN-2007
ZENITHEXPO,Zenith Exports Limited,EQ,10-JUL-1996
ZENITHSTL,Zenith Steel Pipes & Industries Limited,EQ,30-APR-2007
ZENSARTECH,Zensar Technologies Limited,EQ,09-JUL-2003
ZENTEC,Zen Technologies Limited,EQ,30-MAR-2015
ZFCVINDIA,ZF Commercial Vehicle Control Systems India Limited,EQ,01-OCT-2008
ZFSTEERING,ZF Steering Gear (India) Limited,EQ,20-APR-2026
ZIMLAB,Zim Laboratories Limited,EQ,25-NOV-2022
ZODIAC,Zodiac Energy Limited,EQ,14-DEC-2021
ZODIACLOTH,Zodiac Clothing Company Limited,EQ,27-SEP-1995
ZOTA,Zota Health Care LImited,EQ,19-AUG-2019
ZSARACOM,Saraswati Commercial India Limited,EQ,20-APR-2026
ZUARI,Zuari Agro Chemicals Limited,EQ,27-NOV-2012
ZUARIIND,ZUARI INDUSTRIES LIMITED,EQ,12-APR-1995
ZYDUSLIFE,Zydus Lifesciences Limited,EQ,18-APR-2000
ZYDUSWELL,Zydus Wellness Limited,EQ,13-NOV-2009
