Symbol,Company,LastClose,HighH,HighHDate,HighC,HighCDate,AvgVol20d,is_fno,Band,ListingDate,LastDate
20MICRONS,20 Microns Limited,204.19,241.7,2025-08-22,234.36,2025-08-22,172917,False,20.0,2008-10-06,2026-08-21
21STCENMGM,21st Century Management Services Limited,43.31,57.98,2025-08-21,56.84,2025-08-21,12107,False,2.0,1995-05-03,2026-08-21
360ONE,360 ONE WAM LIMITED,1199.0,1236.2,2026-01-16,1203.0,2026-08-20,939878,True,,2019-09-19,2026-08-21
3IINFOLTD,3i Infotech Limited,23.36,27.8,2026-08-12,27.6,2026-08-11,1527110,False,,2021-10-22,2026-08-21
3MINDIA,3M India Limited,33640.0,38030.0,2026-02-10,37635.0,2026-02-10,4072,False,20.0,2004-08-13,2026-08-21
3PLAND,3P Land Holdings Limited,32.11,50.18,2025-08-25,48.0,2025-08-25,5450,False,20.0,1995-07-19,2026-08-21
5PAISA,5Paisa Capital Limited,384.25,416.95,2026-08-19,405.6,2026-08-19,79212,False,20.0,2017-11-16,2026-08-21
63MOONS,63 moons technologies limited,795.5,1007.7,2025-09-09,980.4,2025-08-21,1676457,False,20.0,2005-06-20,2026-08-21
A2ZINFRA,A2Z Infra Engineering Limited,15.46,22.64,2025-09-04,21.94,2025-09-03,625091,False,5.0,2010-12-23,2026-08-21
AAATECH,AAA Technologies Limited,95.71,136.0,2025-10-07,125.44,2025-10-06,28571,False,20.0,2022-11-28,2026-08-21
AADHARHFC,Aadhar Housing Finance Limited,462.55,563.0,2026-07-06,556.5,2026-07-06,374583,False,20.0,2024-05-15,2026-08-21
AAKASH,Aakash Exploration Services Limited,8.71,13.4,2026-03-06,11.9,2026-03-05,144944,False,20.0,2020-09-29,2026-08-21
AAREYDRUGS,Aarey Drugs & Pharmaceuticals Limited,81.2,100.0,2025-11-06,99.25,2025-11-06,125828,False,5.0,2021-08-06,2026-08-21
AARON,Aaron Industries Limited,137.64,258.0,2025-08-25,238.85,2025-08-25,49323,False,20.0,2020-11-06,2026-08-21
AARTECH,Aartech Solonics Limited,48.29,64.75,2025-10-24,62.93,2025-10-24,87310,False,,2023-07-10,2026-08-21
AARTIDRUGS,Aarti Drugs Limited,417.4,534.55,2025-09-19,525.35,2025-09-19,223109,False,20.0,2003-09-19,2026-08-21
AARTIIND,Aarti Industries Limited,527.2,541.7,2026-08-13,538.2,2026-08-13,1794832,False,20.0,1995-02-08,2026-08-21
AARTIPHARM,Aarti Pharmalabs Limited,816.8,946.1,2025-09-16,939.5,2025-09-15,1290904,False,20.0,2023-01-30,2026-08-21
AARTISURF,Aarti Surfactants Limited,572.95,677.7,2026-08-14,658.55,2026-08-14,104031,False,,2020-07-14,2026-08-21
AARVI,Aarvi Encon Limited,152.5,168.4,2026-07-10,161.75,2026-07-22,40848,False,20.0,2020-06-24,2026-08-21
AAVAS,Aavas Financiers Limited,1355.3,1771.9,2025-11-13,1736.4,2025-11-13,67270,False,20.0,2018-10-08,2026-08-21
ABAN,Aban Offshore Limited,16.71,52.14,2025-08-25,49.57,2025-08-25,44189,False,,1995-03-29,2026-08-21
ABB,ABB India Limited,7424.0,7924.5,2026-07-16,7735.0,2026-08-06,300476,True,,1995-02-08,2026-08-21
ABBOTINDIA,Abbott India Limited,26230.0,32900.0,2025-08-21,32635.0,2025-08-21,8908,False,20.0,2010-01-08,2026-08-21
ABCAPITAL,Aditya Birla Capital Limited,413.0,430.7,2026-08-03,424.7,2026-08-05,3936027,True,,2017-09-01,2026-08-21
ABCOTS,A B Cotspin India Limited,209.42,504.0,2025-09-24,456.5,2025-09-23,16339,False,20.0,2025-09-24,2026-08-21
ABDL,Allied Blenders and Distillers Limited,595.0,711.7,2026-07-06,702.7,2026-07-06,328580,False,10.0,2024-07-02,2026-08-21
ABFRL,Aditya Birla Fashion and Retail Limited,54.35,94.95,2025-09-22,93.48,2025-09-22,7764840,False,20.0,2013-07-17,2026-08-21
ABINFRA,A B Infrabuild Limited,12.63,23.56,2026-02-23,21.97,2025-09-05,10573210,False,20.0,2024-11-08,2026-08-21
ABLBL,Aditya Birla Lifestyle Brands Limited,86.12,151.33,2025-09-09,149.15,2025-09-09,1121990,False,20.0,2025-06-23,2026-08-21
ABMINTLLTD,ABM International Limited,55.92,72.8,2026-08-14,69.37,2026-08-13,6461,False,,2021-09-09,2026-08-21
ABREL,Aditya Birla Real Estate Limited,1406.3,1965.3,2025-09-18,1931.1,2025-09-17,173140,False,20.0,2003-06-27,2026-08-21
ABSLAMC,Aditya Birla Sun Life AMC Limited,1008.4,1224.9,2026-06-22,1199.0,2026-06-23,193074,False,20.0,2021-10-11,2026-08-21
ACC,ACC Limited,1307.4,1987.0,2025-11-24,1913.7,2025-11-24,181528,False,20.0,1996-11-20,2026-08-21
ACCELYA,Accelya Solutions India Limited,1138.6,1527.0,2025-10-21,1501.4,2025-10-16,6384,False,20.0,1999-12-01,2026-08-21
ACCURACY,Accuracy Shipping Limited,4.59,7.51,2025-09-17,7.35,2025-08-21,56020,False,,2020-12-11,2026-08-21
ACE,Action Construction Equipment Limited,1182.2,1196.0,2026-08-19,1184.8,2026-08-18,464306,False,20.0,2006-09-26,2026-08-21
ACEINTEG,Ace Integrated Solutions Limited,17.89,29.94,2025-09-10,27.09,2025-09-09,4145,False,20.0,2022-11-04,2026-08-21
ACI,Archean Chemical Industries Limited,497.85,726.0,2025-09-11,715.6,2025-09-17,217895,False,20.0,2022-11-21,2026-08-21
ACL,Andhra Cements Limited,45.2,109.99,2025-09-08,104.76,2025-09-05,17009,False,20.0,2023-05-10,2026-08-21
ACMESOLAR,Acme Solar Holdings Limited,401.6,411.3,2026-08-21,401.6,2026-08-21,2296701,False,20.0,2024-11-13,2026-08-21
ACUTAAS,Acutaas Chemicals Limited,3169.0,3740.0,2026-07-06,3694.8,2026-07-03,343045,False,20.0,2021-09-14,2026-08-21
ADANIENSOL,Adani Energy Solutions Limited,1541.9,1789.0,2026-07-21,1741.6,2026-07-21,2174185,True,,2015-07-31,2026-08-21
ADANIENT,Adani Enterprises Limited,2997.0,3245.0,2026-07-06,3212.1,2026-07-03,1007830,True,,1997-06-04,2026-08-21
ADANIGREEN,Adani Green Energy Limited,1320.0,1631.5,2026-07-14,1604.5,2026-07-14,1512488,True,,2018-06-18,2026-08-21
ADANIPORTS,Adani Ports and Special Economic Zone Limited,1700.0,1891.1,2026-07-03,1883.2,2026-07-02,2238051,True,,2007-11-27,2026-08-21
ADANIPOWER,Adani Power Limited,205.5,254.2,2026-05-29,248.91,2026-05-28,14384440,True,,2009-08-20,2026-08-21
ADFFOODS,ADF Foods Limited,267.6,346.95,2026-07-02,320.4,2026-07-03,202717,False,20.0,2010-09-15,2026-08-21
ADL,Archidply Decor Limited,71.98,109.9,2025-10-10,94.4,2025-08-21,1113,False,20.0,2020-10-01,2026-08-21
ADOR,Ador Welding Limited,1617.6,1701.9,2026-08-20,1684.0,2026-08-20,48379,False,20.0,1995-05-10,2026-08-21
ADROITINFO,Adroit Infotech Limited,10.04,12.2,2025-09-19,11.81,2025-10-23,41316,False,20.0,1997-08-13,2026-08-21
ADSL,Allied Digital Services Limited,108.49,209.53,2025-09-17,203.19,2025-09-18,110800,False,20.0,2007-07-25,2026-08-21
ADVANCE,Advance Agrolife Limited,119.2,154.0,2025-10-27,147.57,2025-10-24,680970,False,20.0,2025-10-08,2026-08-21
ADVANIHOTR,Advani Hotels & Resorts (India) Limited,49.61,68.39,2025-08-21,63.87,2025-08-22,37356,False,20.0,2007-06-25,2026-08-21
ADVENZYMES,Advanced Enzyme Technologies Limited,300.0,419.0,2026-05-11,392.1,2026-06-02,368624,False,20.0,2016-08-01,2026-08-21
AEGISLOG,Aegis Logistics Limited,1417.9,1497.8,2026-08-06,1417.9,2026-08-21,1144756,False,10.0,1996-04-03,2026-08-21
AEGISVOPAK,Aegis Vopak Terminals Limited,276.3,311.49,2026-07-13,303.49,2026-07-27,1126958,False,10.0,2025-06-02,2026-08-21
AEROENTER,Aeroflex Enterprises Limited,140.07,149.55,2026-06-23,144.99,2026-06-22,637681,False,20.0,2022-11-21,2026-08-21
AEROFLEX,Aeroflex Industries Limited,503.0,521.9,2026-06-22,510.9,2026-06-17,1642693,False,10.0,2023-08-31,2026-08-21
AERONEU,Aeroflex Neu Limited,82.97,125.37,2025-09-10,111.1,2025-09-05,54531,False,20.0,2023-01-12,2026-08-21
AETHER,Aether Industries Limited,1626.6,1692.0,2026-08-18,1640.1,2026-08-19,392608,False,20.0,2022-06-03,2026-08-21
AFCONS,Afcons Infrastructure Limited,278.9,479.4,2025-10-10,465.7,2025-10-09,1031775,False,20.0,2024-11-04,2026-08-21
AFFLE,Affle 3i Limited,1718.7,2185.9,2025-09-22,2146.7,2025-09-22,492835,False,20.0,2019-08-08,2026-08-21
AFFORDABLE,Affordable Robotic & Automation Limited,166.81,405.0,2025-08-21,398.7,2025-08-22,16377,False,,2024-10-23,2026-08-21
AFIL,Akme Fintrade (India) Limited,9.33,11.1,2026-06-22,10.91,2026-06-19,675649,False,20.0,2024-06-26,2026-08-21
AFSL,Abans Financial Services Limited,201.34,229.0,2025-09-04,225.75,2025-09-04,23517,False,20.0,2022-12-23,2026-08-21
AGARIND,Agarwal Industrial Corporation Limited,491.8,1006.0,2025-09-24,990.8,2025-09-24,242840,False,20.0,2014-05-26,2026-08-21
AGARWALEYE,Dr. Agarwal's Health Care Limited,500.2,568.0,2025-10-16,560.7,2026-08-10,2692606,False,20.0,2025-02-04,2026-08-21
AGI,AGI Greenpac Limited,753.6,967.0,2025-08-22,945.65,2025-08-21,163204,False,20.0,2000-05-31,2026-08-21
AGIIL,Agi Infra Limited,291.25,434.4,2026-05-04,419.15,2026-05-15,1415399,False,20.0,2024-07-15,2026-08-21
AGRITECH,Agri-Tech (India) Limited,103.02,187.19,2025-12-17,173.01,2025-12-17,2940,False,5.0,2014-01-28,2026-08-21
AGROPHOS,Agro Phos India Limited,25.74,47.47,2025-09-24,46.08,2025-08-26,20118,False,20.0,2019-03-08,2026-08-21
AHCL,Anlon Healthcare Limited,14.28,17.27,2025-11-28,16.86,2025-11-28,3680395,False,20.0,2025-09-03,2026-08-21
AHLADA,Ahlada Engineers Limited,37.93,72.0,2025-09-23,68.33,2025-09-24,25711,False,20.0,2021-01-28,2026-08-21
AHLEAST,Asian Hotels (East) Limited,139.93,175.3,2026-04-23,170.07,2026-04-23,2587,False,20.0,2010-08-11,2026-08-21
AHLUCONT,Ahluwalia Contracts (India) Limited,696.2,1077.95,2025-11-18,1053.7,2025-11-18,59017,False,20.0,2009-12-14,2026-08-21
AHLWEST,Asian Hotels (West) Limited,559.95,751.4,2026-05-22,715.65,2026-05-21,439,False,,2010-08-05,2026-08-21
AIAENG,AIA Engineering Limited,4348.9,5180.0,2026-06-30,5081.4,2026-06-30,61566,False,20.0,2005-12-14,2026-08-21
AIIL,Authum Investment & Infrastructure Limited,552.25,683.0,2026-01-13,667.9,2026-01-13,512634,False,20.0,2024-04-23,2026-08-21
AIRAN,Airan Limited,15.03,27.49,2025-09-19,26.83,2025-09-19,47288,False,20.0,2019-05-03,2026-08-21
AIROLAM,Airo Lam limited,89.0,125.0,2025-08-22,114.54,2025-09-16,3591,False,20.0,2021-10-13,2026-08-21
AJANTPHARM,Ajanta Pharma Limited,3639.8,3796.0,2026-08-18,3718.2,2026-08-17,109769,False,20.0,2000-05-29,2026-08-21
AJAXENGG,Ajax Engineering Limited,565.65,728.5,2025-09-01,719.3,2025-08-29,75611,False,10.0,2025-02-17,2026-08-21
AJMERA,Ajmera Realty & Infra India Limited,117.96,221.4,2025-11-03,214.74,2025-09-23,352189,False,20.0,2009-06-16,2026-08-21
AJOONI,Ajooni Biotech Limited,3.72,5.94,2025-09-18,5.85,2025-09-18,253418,False,20.0,2021-05-07,2026-08-21
AKASH,Akash Infra-Projects Limited,24.97,36.0,2025-09-18,34.09,2026-01-09,9913,False,20.0,2019-10-11,2026-08-21
AKG,Akg Exim Limited,8.99,15.07,2025-10-13,14.64,2026-02-10,73083,False,20.0,2021-02-16,2026-08-21
AKI,AKI India Limited,4.18,10.48,2025-09-23,10.04,2025-09-22,159947,False,20.0,2023-04-06,2026-08-21
AKSHAR,Akshar Spintex Limited,0.41,0.76,2025-10-13,0.73,2025-10-10,1024138,False,20.0,2022-05-23,2026-08-21
AKSHARCHEM,AksharChem India Limited,303.22,330.8,2025-08-28,305.64,2026-08-14,9792,False,,2017-03-28,2026-08-21
AKSHOPTFBR,Aksh Optifibre Limited,7.66,9.0,2025-10-09,8.6,2025-10-08,265625,False,,2000-08-18,2026-08-21
AKUMS,Akums Drugs and Pharmaceuticals Limited,750.0,775.0,2026-08-12,760.95,2026-08-11,383972,False,10.0,2024-08-06,2026-08-21
ALANKIT,Alankit Limited,8.16,14.92,2025-08-21,14.68,2025-08-21,116347,False,20.0,2015-06-30,2026-08-21
ALBERTDAVD,Albert David Limited,864.15,903.0,2025-11-03,883.05,2025-11-03,23244,False,20.0,2016-06-14,2026-08-21
ALEMBICLTD,Alembic Limited,92.73,109.91,2025-08-21,107.86,2025-09-16,345245,False,20.0,1999-09-22,2026-08-21
ALICON,Alicon Castalloy Limited,741.1,1022.0,2025-10-27,984.1,2025-10-27,64157,False,20.0,2006-09-29,2026-08-21
ALIVUS,Alivus Life Sciences Limited,1350.9,1418.0,2026-08-11,1398.7,2026-08-18,175078,False,20.0,2021-08-06,2026-08-21
ALKALI,Alkali Metals Limited,67.87,107.38,2025-10-09,103.26,2025-10-09,4797,False,,2008-11-06,2026-08-21
ALKEM,Alkem Laboratories Limited,5400.0,5933.5,2026-01-13,5890.0,2026-02-11,135699,True,,2015-12-23,2026-08-21
ALKYLAMINE,Alkyl Amines Chemicals Limited,2052.7,2201.9,2025-08-25,2160.2,2025-08-21,168641,False,20.0,2007-11-26,2026-08-21
ALLCARGO,Allcargo Logistics Limited,12.17,36.55,2025-10-15,35.59,2025-11-10,35161692,False,20.0,2006-06-23,2026-08-21
ALLDIGI,Alldigi Tech Limited,814.8,1000.0,2026-02-03,981.0,2025-09-10,18454,False,20.0,2005-05-09,2026-08-21
ALLTIME,All Time Plastics Limited,203.02,334.9,2025-08-25,328.35,2025-08-25,65975,False,20.0,2025-08-14,2026-08-21
ALMONDZ,Almondz Global Securities Limited,14.16,22.1,2025-09-12,21.45,2025-08-21,292092,False,20.0,2008-06-16,2026-08-21
ALOKINDS,Alok Industries Limited,11.57,19.34,2025-09-18,18.92,2025-09-17,2357193,False,20.0,2020-02-19,2026-08-21
ALPA,Alpa Laboratories Limited,62.75,101.0,2025-08-21,98.59,2025-08-21,16385,False,20.0,2007-08-06,2026-08-21
ALPHAGEO,Alphageo (India) Limited,331.41,368.0,2026-08-18,352.26,2026-08-18,100265,False,,2007-05-11,2026-08-21
AMANTA,Amanta Healthcare Limited,195.79,195.83,2026-08-21,195.79,2026-08-21,89020,False,,2025-09-09,2026-08-21
AMBER,Amber Enterprises India Limited,7350.0,8974.0,2026-05-07,8842.5,2026-05-07,314917,True,,2018-01-30,2026-08-21
AMBICAAGAR,Ambica Agarbathies & Aroma industries Limited,24.77,29.68,2025-11-17,27.6,2025-11-17,4563,False,20.0,2004-06-29,2026-08-21
AMBIKCO,Ambika Cotton Mills Limited,1677.0,1931.0,2026-08-07,1904.3,2026-08-07,28380,False,20.0,2008-01-29,2026-08-21
AMBUJACEM,Ambuja Cements Limited,414.5,600.8,2025-09-22,591.6,2025-09-23,3154406,True,,1998-02-18,2026-08-21
AMDIND,AMD Industries Limited,54.3,68.07,2025-09-22,63.83,2025-09-22,43643,False,20.0,2007-03-19,2026-08-21
AMJLAND,Amj Land Holdings Limited,38.77,61.0,2025-09-09,58.18,2025-09-02,16401,False,20.0,1995-02-08,2026-08-21
AMNPLST,Amines & Plasticizers Limited,191.03,250.0,2025-10-23,230.57,2025-09-18,13235,False,20.0,2023-11-10,2026-08-21
AMRUTANJAN,Amrutanjan Health Care Limited,536.35,790.95,2025-09-08,768.35,2025-09-05,166019,False,20.0,2015-01-02,2026-08-21
ANANDRATHI,Anand Rathi Wealth Limited,2188.0,2230.0,2026-08-13,2198.8,2026-08-13,209484,False,20.0,2021-12-14,2026-08-21
ANANTRAJ,Anant Raj Limited,625.0,743.65,2025-10-07,735.6,2025-10-07,2181130,False,20.0,2006-09-27,2026-08-21
ANDHRAPAP,ANDHRA PAPER LIMITED,59.96,86.89,2025-10-06,85.31,2025-10-03,221930,False,20.0,2004-05-13,2026-08-21
ANDHRSUGAR,The Andhra Sugars Limited,98.84,107.23,2026-05-06,103.95,2026-05-06,1530049,False,20.0,1995-11-01,2026-08-21
ANGELONE,Angel One Limited,287.8,360.45,2026-06-19,354.8,2026-06-22,4821838,True,,2020-10-05,2026-08-21
ANIKINDS,Anik Industries Limited,45.46,98.0,2025-08-25,96.14,2025-08-28,9187,False,20.0,2008-05-21,2026-08-21
ANMOL,Anmol India Limited,10.02,17.74,2025-11-07,16.64,2025-08-21,30301,False,20.0,2021-06-04,2026-08-21
ANNAPURNA,Annapurna Swadisht Limited,151.7,287.0,2025-11-11,278.15,2025-10-20,101834,False,20.0,2026-08-12,2026-08-21
ANTELOPUS,Antelopus Selan Energy Limited,800.1,933.65,2026-06-08,915.35,2026-06-04,193236,False,20.0,2006-09-26,2026-08-21
ANTGRAPHIC,Antarctica Limited,0.74,1.22,2025-08-28,1.14,2025-08-29,159674,False,20.0,1997-12-31,2026-08-21
ANTHEM,Anthem Biosciences Limited,871.45,904.0,2026-08-17,898.0,2026-08-17,626416,False,20.0,2025-07-21,2026-08-21
ANUHPHR,Anuh Pharma Limited,76.03,94.89,2025-08-21,92.14,2025-08-21,46318,False,20.0,2024-12-20,2026-08-21
ANUP,The Anup Engineering Limited,1808.9,2576.0,2025-09-19,2536.7,2025-09-19,59028,False,20.0,2019-03-01,2026-08-21
ANURAS,Anupam Rasayan India Limited,1243.7,1415.0,2026-05-07,1376.0,2026-05-15,268115,False,20.0,2021-03-24,2026-08-21
APARINDS,Apar Industries Limited,16856.0,18465.0,2026-08-12,18000.0,2026-08-12,192610,False,20.0,2004-07-12,2026-08-21
APCL,Anjani Portland Cement Limited,102.85,148.78,2026-02-03,144.91,2026-02-03,9063,False,20.0,2017-04-10,2026-08-21
APCOTEXIND,Apcotex Industries Limited,625.05,712.0,2026-07-30,681.6,2026-07-29,665978,False,20.0,1995-09-06,2026-08-21
APEX,Apex Frozen Foods Limited,399.6,514.5,2026-04-21,501.3,2026-05-07,681029,False,20.0,2017-09-04,2026-08-21
APLAPOLLO,APL Apollo Tubes Limited,2139.0,2301.4,2026-02-12,2280.8,2026-02-11,713451,True,,2011-12-14,2026-08-21
APLLTD,Alembic Pharmaceuticals Limited,821.75,998.0,2025-11-04,978.1,2025-09-17,117755,False,20.0,2011-09-20,2026-08-21
APOLLO,Apollo Micro Systems Limited,384.55,466.5,2026-07-03,450.05,2026-07-03,4646986,False,20.0,2018-01-22,2026-08-21
APOLLOHOSP,Apollo Hospitals Enterprise Limited,8693.0,9050.0,2026-08-04,9050.0,2026-08-04,399529,True,,1996-01-10,2026-08-21
APOLLOPIPE,Apollo Pipes Limited,601.55,616.15,2026-08-21,603.25,2026-08-20,514059,False,20.0,2019-11-11,2026-08-21
APOLLOTYRE,Apollo Tyres Limited,439.7,540.5,2025-11-14,536.9,2025-11-13,822497,False,20.0,1995-05-31,2026-08-21
APOLSINHOT,Apollo Sindoori Hotels Limited,1207.4,1479.0,2025-09-04,1442.6,2025-09-05,948,False,20.0,2015-01-28,2026-08-21
APTECHT,Aptech Limited,92.51,144.3,2025-09-01,133.71,2025-09-01,57543,False,,2002-09-27,2026-08-21
APTUS,Aptus Value Housing Finance India Limited,257.75,358.75,2025-08-21,355.25,2025-08-21,1027156,False,20.0,2021-08-24,2026-08-21
AQYLON,Aqylon Nexus Limited,25.27,1714.9,2025-12-15,1698.9,2025-12-15,4771589,False,5.0,2024-04-01,2026-08-21
ARCHIDPLY,Archidply Industries Limited,97.98,113.0,2025-09-22,107.85,2025-09-23,39502,False,20.0,2008-07-04,2026-08-21
ARCHIES,Archies Limited,13.68,24.38,2025-09-24,21.69,2025-09-24,10166,False,20.0,1998-09-02,2026-08-21
ARE&M,Amara Raja Energy & Mobility Limited,919.75,1057.85,2025-09-16,1051.7,2025-09-11,1368117,False,20.0,2003-09-05,2026-08-21
ARENTERP,Rajdarshan Industries Limited,37.13,60.79,2025-12-01,59.41,2025-12-04,6925,False,20.0,1995-10-18,2026-08-21
ARFIN,Arfin India Limited,85.62,106.2,2026-05-12,99.77,2026-05-12,1455381,False,20.0,2025-07-22,2026-08-21
ARIES,Aries Agro Limited,452.7,459.9,2025-08-25,452.7,2026-08-21,73111,False,20.0,2008-01-11,2026-08-21
ARIHANTCAP,Arihant Capital Markets Limited,75.95,120.0,2025-10-24,117.13,2025-10-06,222586,False,20.0,2021-06-15,2026-08-21
ARIHANTSUP,Arihant Superstructures Limited,254.15,465.0,2025-10-07,432.1,2025-10-09,9756,False,20.0,2017-03-28,2026-08-21
ARIS,Arisinfra Solutions Limited,143.41,178.3,2025-10-23,175.58,2025-10-21,1352563,False,20.0,2025-06-25,2026-08-21
ARKADE,Arkade Developers Limited,130.98,189.64,2025-08-21,186.53,2025-08-21,445194,False,20.0,2024-09-24,2026-08-21
ARMANFIN,Arman Financial Services Limited,1966.7,2158.6,2026-08-13,2049.8,2026-08-05,57453,False,20.0,2016-06-14,2026-08-21
AROGRANITE,Aro Granite Industries Limited,25.0,45.63,2025-09-19,42.0,2025-09-19,11120,False,20.0,2007-04-24,2026-08-21
ARROWGREEN,Arrow Greentech Limited,713.15,821.6,2026-08-14,809.1,2026-08-14,30052,False,,2015-05-21,2026-08-21
ARSSBL,Anand Rathi Share and Stock Brokers Limited,511.7,794.85,2025-11-18,773.95,2025-11-18,131205,False,20.0,2025-09-30,2026-08-21
ARTEMISMED,Artemis Medicare Services Limited,326.1,333.0,2026-08-21,326.1,2026-08-21,557634,False,20.0,2020-01-23,2026-08-21
ARTNIRMAN,Art Nirman Limited,41.06,66.97,2025-10-27,64.27,2025-10-24,2121,False,20.0,2021-10-18,2026-08-21
ARVEE,Arvee Laboratories (India) Limited,165.81,290.78,2025-12-19,290.78,2025-12-19,6040,False,20.0,2021-03-22,2026-08-21
ARVIND,Arvind Limited,536.95,600.0,2026-06-30,587.1,2026-06-30,761512,False,20.0,1995-02-08,2026-08-21
ARVINDFASN,Arvind Fashions Limited,448.35,579.0,2025-09-17,566.65,2025-09-17,230551,False,20.0,2019-03-08,2026-08-21
ARVSMART,Arvind SmartSpaces Limited,667.0,693.8,2026-08-07,670.35,2026-08-17,462793,False,20.0,2015-08-26,2026-08-21
ASAHIINDIA,Asahi India Glass Limited,965.75,1074.0,2025-12-01,1066.4,2025-12-02,250134,False,20.0,1998-03-18,2026-08-21
ASAHISONG,Asahi Songwon Colors Limited,368.0,413.95,2026-08-03,394.9,2026-07-31,88133,False,,2011-08-29,2026-08-21
ASAL,Automotive Stampings and Assemblies Limited,500.1,654.65,2025-09-26,601.7,2025-09-29,21815,False,20.0,2002-03-12,2026-08-21
ASALCBR,Associated Alcohols & Breweries Ltd.,726.45,1277.0,2025-11-03,1228.5,2025-10-30,38605,False,20.0,2020-02-12,2026-08-21
ASHAPURMIN,Ashapura Minechem Limited,590.25,924.9,2026-01-07,902.45,2026-01-07,650873,False,20.0,1995-09-20,2026-08-21
ASHIANA,Ashiana Housing Limited,361.8,435.9,2026-07-21,396.05,2026-07-01,52637,False,20.0,2011-06-29,2026-08-21
ASHIMASYN,Ashima Limited,18.46,27.59,2025-08-21,26.82,2025-08-21,133918,False,20.0,1995-07-27,2026-08-21
ASHOKA,Ashoka Buildcon Limited,114.22,214.5,2025-11-04,211.59,2025-11-03,656339,False,20.0,2010-10-14,2026-08-21
ASHOKAMET,Ashoka Metcast Limited,13.75,21.0,2025-09-19,19.08,2025-09-18,12949,False,20.0,2023-06-27,2026-08-21
ASHOKLEY,Ashok Leyland Limited,173.0,215.42,2026-02-11,211.92,2026-02-26,20092456,True,,1995-05-25,2026-08-21
ASIANENE,Asian Energy Services Limited,470.3,491.0,2026-08-21,484.9,2026-08-20,826810,False,20.0,2021-12-09,2026-08-21
ASIANHOTNR,Asian Hotels (North) Limited,298.2,402.55,2026-07-07,358.6,2026-07-06,41838,False,20.0,2010-04-07,2026-08-21
ASIANPAINT,Asian Paints Limited,2640.0,2985.7,2025-12-04,2968.5,2025-12-05,1009870,True,,1995-05-31,2026-08-21
ASIANTILES,Asian Granito India Limited,47.41,79.06,2026-04-21,77.88,2025-12-24,17553298,False,10.0,2007-08-23,2026-08-21
ASKAUTOLTD,ASK Automotive Limited,621.15,687.7,2026-08-06,678.8,2026-08-06,1800120,False,20.0,2023-11-15,2026-08-21
ASMS,Avio Smart Market Stack Limited,6.99,17.6,2025-09-09,16.89,2025-09-09,172275,False,,2023-02-09,2026-08-21
ASPINWALL,Aspinwall and Company Limited,247.49,299.8,2026-01-01,273.0,2025-09-24,2148,False,20.0,2016-06-14,2026-08-21
ASTEC,Astec LifeSciences Limited,601.85,941.75,2025-11-26,918.75,2025-11-25,40462,False,20.0,2009-11-25,2026-08-21
ASTERDM,Aster DM Quality Care Limited,761.55,891.3,2026-08-10,869.7,2026-08-07,5078785,False,20.0,2018-02-26,2026-08-21
ASTRAL,Astral Limited,1528.5,1768.7,2026-03-11,1746.3,2026-03-11,964863,True,,2007-03-20,2026-08-21
ASTRAMICRO,Astra Microwave Products Limited,1662.2,1960.0,2026-07-31,1861.6,2026-07-31,644547,False,20.0,2004-11-01,2026-08-21
ASTRAZEN,AstraZeneca Pharma India Limited,7415.5,9849.5,2025-11-03,9827.5,2025-11-03,18106,False,20.0,2001-05-04,2026-08-21
ATALREAL,Atal Realtech Limited,33.48,36.7,2026-08-14,36.13,2026-08-14,11344038,False,20.0,2023-05-12,2026-08-21
ATAM,Atam Valves Limited,54.21,111.0,2025-11-03,109.53,2025-11-03,21419,False,20.0,2023-05-10,2026-08-21
ATGL,Adani Total Gas Limited,646.1,859.85,2026-05-29,808.55,2026-05-28,1012896,False,20.0,2018-11-05,2026-08-21
ATHERENERG,Ather Energy Limited,1462.0,1580.0,2026-08-12,1569.4,2026-08-12,4349117,False,20.0,2025-05-06,2026-08-21
ATL,Allcargo Terminals Limited,24.86,40.51,2025-09-25,38.39,2025-09-25,202341,False,20.0,2023-08-10,2026-08-21
ATLANTAA,ATLANTAA LIMITED,38.3,73.39,2025-10-07,68.06,2025-10-07,133088,False,20.0,2006-09-25,2026-08-21
ATLANTAELE,Atlanta Electricals Limited,1846.9,2152.6,2026-06-04,2151.5,2026-06-04,149727,False,10.0,2025-09-29,2026-08-21
ATLASCYCLE,Atlas Cycles (Haryana) Limited,97.45,135.0,2025-09-01,134.05,2025-08-29,7087,False,20.0,1996-10-23,2026-08-21
ATUL,Atul Limited,6509.5,7180.0,2026-05-07,7108.0,2026-05-06,66135,False,20.0,1998-05-06,2026-08-21
ATULAUTO,Atul Auto Limited,483.05,596.55,2026-08-05,580.95,2026-08-05,455356,False,20.0,2013-06-26,2026-08-21
AUBANK,AU Small Finance Bank Limited,1108.2,1108.2,2026-08-21,1108.2,2026-08-21,1761638,True,,2017-07-10,2026-08-21
AURIONPRO,Aurionpro Solutions Limited,695.55,1393.0,2025-08-21,1363.6,2025-08-21,240566,False,20.0,2005-10-25,2026-08-21
AUROPHARMA,Aurobindo Pharma Limited,1621.3,1682.4,2026-08-13,1667.0,2026-08-12,1001542,True,,2000-07-19,2026-08-21
AURUM,Aurum PropTech Limited,227.82,264.64,2026-07-15,250.82,2026-07-15,241125,False,20.0,2015-08-19,2026-08-21
AURUS,AURUS GEM CORPORATION LIMITED,4.68,7.49,2025-09-16,7.21,2025-09-15,18133,False,20.0,2013-11-05,2026-08-21
AUSOMENT,Ausom Enterprise Limited,146.83,178.0,2026-01-19,164.97,2026-01-19,5308,False,5.0,1996-04-17,2026-08-21
AUTOAXLES,Automotive Axles Limited,1744.8,2115.0,2026-02-04,2109.3,2026-02-04,15245,False,20.0,2003-05-29,2026-08-21
AUTOIND,Autoline Industries Limited,92.94,104.0,2026-08-13,103.44,2026-08-13,119696,False,,2007-01-31,2026-08-21
AVADHSUGAR,Avadh Sugar & Energy Limited,834.8,853.5,2026-08-21,834.8,2026-08-21,606340,False,20.0,2017-07-28,2026-08-21
AVALON,Avalon Technologies Limited,2183.8,2351.0,2026-08-20,2245.6,2026-08-19,597632,False,20.0,2023-04-18,2026-08-21
AVANTEL,Avantel Limited,160.22,215.0,2025-10-10,211.66,2025-10-06,711065,False,20.0,2024-07-31,2026-08-21
AVANTIFEED,Avanti Feeds Limited,847.5,1593.8,2026-04-21,1503.4,2026-04-20,453799,False,20.0,2015-04-15,2026-08-21
AVG,AVG Logistics Limited,186.17,264.43,2025-10-08,242.43,2025-09-19,14911,False,,2023-05-12,2026-08-21
AVL,Aditya Vision Limited,601.35,705.0,2026-06-25,668.55,2026-06-29,167354,False,20.0,2024-11-06,2026-08-21
AVONMORE,Avonmore Capital & Management Services Limited,13.23,23.9,2025-09-10,21.74,2025-09-09,367352,False,20.0,2023-01-04,2026-08-21
AVROIND,AVRO INDIA LIMITED,8.59,16.0,2025-08-25,15.75,2025-08-22,555530,False,20.0,2022-04-07,2026-08-21
AVTNPL,AVT Natural Products Limited,87.53,92.45,2026-08-18,88.47,2026-08-20,414954,False,20.0,2007-01-10,2026-08-21
AWFIS,Awfis Space Solutions Limited,268.2,639.4,2025-11-11,629.6,2025-11-11,224306,False,20.0,2024-05-30,2026-08-21
AWHCL,Antony Waste Handling Cell Limited,383.85,616.0,2025-09-17,604.55,2025-09-17,150018,False,20.0,2021-01-01,2026-08-21
AWL,AWL Agri Business Limited,188.12,282.9,2025-11-21,277.6,2025-11-24,2732885,False,20.0,2022-02-08,2026-08-21
AXISBANK,Axis Bank Limited,1245.8,1418.3,2026-02-03,1403.0,2026-02-25,5566549,True,,1998-11-16,2026-08-21
AXISCADES,AXISCADES Technologies Limited,1597.5,2211.0,2026-05-11,2173.6,2026-05-08,158985,False,10.0,2000-12-21,2026-08-21
AXITA,Axita Cotton Limited,7.67,12.2,2025-12-31,12.07,2025-12-30,738288,False,20.0,2022-06-21,2026-08-21
AYMSYNTEX,AYM Syntex Limited,258.2,281.22,2026-07-02,271.9,2026-08-17,48759,False,20.0,2015-08-14,2026-08-21
AZAD,Azad Engineering Limited,2837.8,2986.6,2026-08-17,2899.9,2026-08-17,676791,False,20.0,2023-12-28,2026-08-21
BAFNAPH,Bafna Pharmaceuticals Limited,242.45,290.7,2026-08-10,285.0,2026-08-07,38952,False,,2020-02-27,2026-08-21
BAGFILMS,B.A.G Films and Media Limited,4.35,8.0,2025-10-23,7.74,2025-10-23,97931,False,20.0,2003-10-17,2026-08-21
BAIDFIN,Baid Finserv Limited,9.92,12.98,2025-12-16,12.47,2025-12-15,55560,False,20.0,2023-01-20,2026-08-21
BAJAJ-AUTO,Bajaj Auto Limited,11700.0,11863.0,2026-08-11,11856.0,2026-08-03,256176,True,,2008-05-26,2026-08-21
BAJAJCON,Bajaj Consumer Care Limited,478.35,692.0,2026-07-13,670.25,2026-07-10,575484,False,20.0,2010-08-18,2026-08-21
BAJAJELEC,Bajaj Electricals Limited,351.65,653.8,2025-09-24,604.85,2025-09-17,944390,False,20.0,2007-11-02,2026-08-21
BAJAJFINSV,Bajaj Finserv Limited,2032.5,2195.0,2025-10-23,2176.6,2025-10-23,1356932,True,,2008-05-26,2026-08-21
BAJAJHCARE,Bajaj Healthcare Limited,322.0,515.9,2025-09-25,507.25,2025-09-24,127512,False,20.0,2021-11-25,2026-08-21
BAJAJHFL,Bajaj Housing Finance Limited,84.85,117.0,2025-09-16,115.92,2025-09-16,3094262,False,10.0,2024-09-16,2026-08-21
BAJAJHIND,Bajaj Hindusthan Sugar Limited,23.13,23.98,2026-08-20,23.33,2026-08-20,35051589,False,20.0,1995-05-10,2026-08-21
BAJAJHLDNG,Bajaj Holdings & Investment Limited,11320.0,13880.0,2025-09-17,13700.0,2025-08-21,42346,True,,1995-03-15,2026-08-21
BAJAJINDEF,Indef Manufacturing Limited,215.85,442.6,2025-10-08,425.25,2025-10-10,21590,False,20.0,2025-02-21,2026-08-21
BAJEL,Bajel Projects Limited,191.78,226.69,2025-09-19,224.57,2025-09-19,330485,False,20.0,2023-12-19,2026-08-21
BAJFINANCE,Bajaj Finance Limited,1095.0,1176.4,2026-08-03,1158.8,2026-08-05,8287183,True,,2003-04-01,2026-08-21
BALAJEE,Shree Tirupati Balajee Agro Trading Company Limited,26.88,59.9,2025-09-01,58.22,2025-08-29,28659,False,20.0,2024-09-12,2026-08-21
BALAJITELE,Balaji Telefilms Limited,97.8,141.32,2025-09-26,136.93,2025-09-23,373533,False,20.0,2000-11-22,2026-08-21
BALAMINES,Balaji Amines Limited,2078.2,2443.6,2026-07-13,2414.9,2026-07-10,209291,False,20.0,2007-04-05,2026-08-21
BALAXI,BALAXI PHARMACEUTICALS LIMITED,22.4,49.65,2025-08-21,47.95,2025-08-21,36331,False,10.0,2015-11-30,2026-08-21
BALKRISHNA,Balkrishna Paper Mills Limited,17.27,25.97,2025-09-25,24.68,2025-10-03,15448,False,20.0,2015-07-28,2026-08-21
BALKRISIND,Balkrishna Industries Limited,2350.8,2775.0,2026-02-10,2716.3,2026-02-10,559000,False,20.0,2006-01-27,2026-08-21
BALMLAWRIE,Balmer Lawrie & Company Limited,174.64,238.2,2025-09-15,235.7,2025-09-15,125779,False,20.0,1995-07-06,2026-08-21
BALPHARMA,Bal Pharma Limited,85.93,98.85,2026-05-27,96.43,2026-05-28,25154,False,20.0,2006-05-08,2026-08-21
BALRAMCHIN,Balrampur Chini Mills Limited,729.35,780.95,2026-08-20,767.1,2026-08-20,3428113,False,20.0,1995-02-08,2026-08-21
BALUFORGE,Balu Forge Industries Limited,555.4,697.0,2025-09-12,684.55,2025-09-12,1582470,False,20.0,2024-04-29,2026-08-21
BANARBEADS,Banaras Beads Limited,112.3,164.7,2025-10-30,151.16,2025-10-30,2683,False,20.0,1995-07-07,2026-08-21
BANARISUG,Bannari Amman Sugars Limited,4019.7,4338.0,2026-08-20,4240.7,2026-08-20,5323,False,20.0,2003-05-28,2026-08-21
BANCOINDIA,Banco Products (I) Limited,623.7,879.8,2025-10-06,875.05,2025-10-06,157468,False,20.0,2006-12-22,2026-08-21
BANDHANBNK,Bandhan Bank Limited,175.1,220.76,2026-07-15,216.74,2026-06-16,8562278,True,,2018-03-27,2026-08-21
BANG,Bang Overseas Limited,28.69,62.07,2025-11-18,59.28,2025-10-10,15984,False,20.0,2008-02-20,2026-08-21
BANKA,Banka BioLoo Limited,78.0,97.88,2025-09-17,94.69,2026-07-02,3900,False,5.0,2020-10-29,2026-08-21
BANKBARODA,Bank of Baroda,247.0,325.5,2026-02-26,324.45,2026-02-26,7997836,True,,1997-02-19,2026-08-21
BANKINDIA,Bank of India,142.79,178.36,2026-02-27,177.2,2026-02-26,7115620,True,,1997-04-30,2026-08-21
BANSALWIRE,Bansal Wire Industries Limited,322.3,379.8,2025-08-21,372.8,2025-08-21,147042,False,20.0,2024-07-10,2026-08-21
BANSWRAS,Banswara Syntex Limited,122.1,144.0,2026-06-19,137.79,2026-06-19,37900,False,20.0,2007-04-11,2026-08-21
BASF,BASF India Limited,3902.7,4829.9,2025-10-03,4687.5,2025-10-03,85639,False,20.0,1995-05-17,2026-08-21
BASML,Bannari Amman Spinning Mills Limited,25.09,31.9,2025-11-27,31.25,2025-12-01,67968,False,,2005-11-14,2026-08-21
BATAINDIA,Bata India Limited,701.05,1282.5,2025-09-15,1274.0,2025-09-16,730243,False,20.0,2003-06-18,2026-08-21
BAYERCROP,Bayer Cropscience Limited,4071.5,5649.5,2025-08-21,5594.5,2025-08-21,22285,False,20.0,2010-01-08,2026-08-21
BBL,Bharat Bijlee Limited,2389.7,3411.0,2025-10-16,3318.5,2025-10-09,37618,False,20.0,2006-11-21,2026-08-21
BBOX,Black Box Limited,775.65,1103.0,2026-06-05,1078.2,2026-06-04,480574,False,10.0,2003-07-22,2026-08-21
BBTC,The Bombay Burmah Trading Corporation Limited,1427.4,2135.0,2025-10-23,2103.1,2025-10-23,34881,False,20.0,1996-04-03,2026-08-21
BBTCL,B&B Triplewall Containers Limited,240.11,262.0,2026-08-17,248.14,2026-08-20,26621,False,20.0,2022-11-23,2026-08-21
BCG,Brightcom Group Limited,9.15,17.7,2025-08-21,16.71,2025-08-21,6185702,False,20.0,2015-05-08,2026-08-21
BCLIND,Bcl Industries Limited,36.5,44.9,2025-09-22,43.16,2025-09-22,810775,False,20.0,2021-03-04,2026-08-21
BCONCEPTS,Brand Concepts Limited,161.96,449.0,2025-09-24,397.4,2025-09-24,13162,False,20.0,2022-01-11,2026-08-21
BDL,Bharat Dynamics Limited,1359.0,1654.0,2025-09-22,1631.6,2025-09-19,1782878,True,,2018-03-23,2026-08-21
BEARDSELL,Beardsell Limited,25.99,38.6,2025-09-25,37.01,2025-09-25,18786,False,20.0,2015-01-13,2026-08-21
BECTORFOOD,Mrs. Bectors Food Specialities Limited,254.83,299.0,2025-09-04,294.4,2025-09-04,2995796,False,20.0,2020-12-24,2026-08-21
BEDMUTHA,Bedmutha Industries Limited,108.42,154.9,2025-09-09,147.47,2025-09-10,4126,False,10.0,2010-10-14,2026-08-21
BEL,Bharat Electronics Limited,414.0,473.45,2026-03-06,468.45,2026-03-06,13517572,True,,2000-07-19,2026-08-21
BELLACASA,Bella Casa Fashion & Retail Limited,228.07,497.35,2025-10-15,471.7,2025-10-23,11208,False,20.0,2025-07-18,2026-08-21
BELRISE,Belrise Industries Limited,231.77,268.2,2026-08-12,261.35,2026-08-12,5201637,False,20.0,2025-05-28,2026-08-21
BEML,BEML Limited,1935.4,2275.75,2025-10-24,2235.5,2025-10-15,473847,False,20.0,2003-11-05,2026-08-21
BEPL,Bhansali Engineering Polymers Limited,125.82,138.5,2026-07-21,127.77,2026-07-20,1732363,False,20.0,2005-03-21,2026-08-21
BERGEPAINT,Berger Paints (I) Limited,524.4,594.55,2025-11-21,590.1,2025-11-20,527320,False,20.0,1999-11-24,2026-08-21
BESTAGRO,Best Agrolife Limited,18.24,34.4,2026-01-16,30.11,2026-01-13,5460431,False,10.0,2024-04-10,2026-08-21
BETA,Beta Drugs Limited,2327.7,2807.9,2026-08-12,2668.3,2026-08-11,45279,False,20.0,2025-11-24,2026-08-21
BFINVEST,BF Investment Limited,451.55,584.7,2026-07-13,535.25,2026-07-13,46469,False,20.0,2011-01-14,2026-08-21
BFUTILITIE,BF Utilities Limited,523.85,898.7,2025-09-23,857.65,2025-09-23,63378,False,20.0,2007-05-03,2026-08-21
BGRENERGY,BGR Energy Systems Limited,239.0,490.8,2025-10-24,467.43,2025-10-23,51352,False,,2008-01-03,2026-08-21
BHAGCHEM,Bhagiradha Chemicals & Industries Limited,280.2,316.9,2026-08-03,301.25,2026-07-09,177707,False,20.0,2021-10-18,2026-08-21
BHAGERIA,Bhageria Industries Limited,212.7,244.6,2025-10-24,235.94,2025-10-24,27976,False,,2016-03-02,2026-08-21
BHAGYANGR,Bhagyanagar India Limited,394.5,432.3,2026-06-30,431.85,2026-06-30,146600,False,5.0,2017-05-17,2026-08-21
BHANDARI,Bhandari Hosiery Exports Limited,3.05,5.25,2025-09-02,5.17,2025-08-21,117564,False,10.0,2017-01-30,2026-08-21
BHARATFORG,Bharat Forge Limited,2063.0,2295.0,2026-08-10,2265.2,2026-08-07,1245232,True,,2003-04-04,2026-08-21
BHARATGEAR,Bharat Gears Limited,100.94,154.2,2025-09-29,146.66,2025-09-29,25408,False,,1996-04-03,2026-08-21
BHARATRAS,Bharat Rasayan Limited,1295.0,2987.5,2025-10-24,2942.0,2025-10-24,12588,False,20.0,1995-10-11,2026-08-21
BHARATSE,Bharat Seats Limited,228.19,263.18,2026-07-13,254.62,2026-07-13,489287,False,20.0,2025-03-24,2026-08-21
BHARATWIRE,Bharat Wire Ropes Limited,188.79,262.0,2026-05-11,252.83,2026-05-11,137874,False,20.0,2016-04-01,2026-08-21
BHARTIARTL,Bharti Airtel Limited,1946.0,2174.5,2025-11-21,2162.7,2025-11-21,6716374,True,,2002-02-15,2026-08-21
BHARTIHEXA,Bharti Hexacom Limited,1591.2,1955.6,2025-10-29,1914.3,2025-10-29,190076,False,20.0,2024-04-12,2026-08-21
BHEL,Bharat Heavy Electricals Limited,413.0,446.5,2026-07-17,435.95,2026-08-17,7881805,True,,2003-11-11,2026-08-21
BIGBLOC,Bigbloc Construction Limited,42.49,80.0,2026-01-01,78.02,2025-12-31,50883,False,20.0,2016-09-02,2026-08-21
BIKAJI,Bikaji Foods International Limited,605.75,818.7,2025-09-04,801.35,2025-09-04,101709,False,20.0,2022-11-16,2026-08-21
BIL,Bhartiya International Limited,831.1,980.0,2026-02-10,954.1,2026-02-11,10839,False,20.0,2000-04-12,2026-08-21
BILVYAPAR,BIL VYAPAR LIMITED,4.05,14.7,2025-09-25,13.91,2025-09-25,5669,False,,2006-09-27,2026-08-21
BIOCON,Biocon Limited,415.55,447.15,2026-07-16,440.7,2026-07-16,3520886,True,,2004-04-07,2026-08-21
BIOFILCHEM,Biofil Chemicals & Pharmaceuticals Limited,30.26,46.34,2026-02-04,46.34,2026-02-03,7615,False,20.0,1996-06-12,2026-08-21
BIRLACABLE,Birla Cable Limited,276.64,308.25,2026-08-13,302.99,2026-08-13,156750,False,,1995-12-06,2026-08-21
BIRLACORPN,Birla Corporation Limited,889.25,1346.1,2025-10-06,1309.4,2025-08-21,94087,False,20.0,1995-04-12,2026-08-21
BIRLAMONEY,Aditya Birla Money Limited,126.6,197.39,2025-09-09,192.3,2025-09-09,38015,False,20.0,2008-02-07,2026-08-21
BIRLANU,BirlaNu Limited,1514.2,2086.9,2025-09-10,2032.2,2025-09-09,44984,False,20.0,1995-04-26,2026-08-21
BLACKBUCK,BLACKBUCK LIMITED,634.3,748.0,2025-10-21,733.5,2025-10-21,660996,False,20.0,2024-11-22,2026-08-21
BLAL,BEML Land Assets Limited,168.43,233.8,2025-09-09,229.41,2025-09-09,17163,False,20.0,2023-04-19,2026-08-21
BLBLIMITED,BLB Limited,16.0,22.47,2026-02-23,20.48,2026-02-20,103657,False,20.0,2000-05-31,2026-08-21
BLISSGVS,Bliss GVS Pharma Limited,579.1,602.45,2026-08-20,580.15,2026-08-20,416761,False,,2010-07-26,2026-08-21
BLKASHYAP,B. L. Kashyap and Sons Limited,52.52,75.4,2025-08-21,72.83,2025-08-25,423970,False,20.0,2006-03-17,2026-08-21
BLS,BLS International Services Limited,271.29,392.85,2025-08-26,372.35,2025-08-26,1870438,False,20.0,2016-06-14,2026-08-21
BLSE,BLS E-Services Limited,320.9,328.1,2026-08-20,321.1,2026-08-20,671367,False,20.0,2024-02-06,2026-08-21
BLUECHIP,Blue Chip India Limited,1.96,4.6,2025-08-22,4.6,2025-08-22,21825,False,2.0,1997-03-12,2026-08-21
BLUECOAST,Blue Coast Hotels Limited,23.9,77.27,2025-08-21,77.27,2025-08-21,2425,False,,2000-02-16,2026-08-21
BLUEDART,Blue Dart Express Limited,5083.0,7036.0,2025-10-30,6694.0,2025-10-30,49236,False,20.0,2002-12-12,2026-08-21
BLUEJET,Blue Jet Healthcare Limited,596.15,784.0,2025-08-22,775.35,2025-08-22,1153783,False,20.0,2023-11-01,2026-08-21
BLUESTARCO,Blue Star Limited,1511.9,2040.0,2025-09-04,2016.7,2026-02-18,620279,True,,2000-06-15,2026-08-21
BLUESTONE,BlueStone Jewellery and Lifestyle Limited,846.4,926.0,2026-08-13,894.5,2026-08-12,6570515,False,20.0,2025-08-19,2026-08-21
BLUSPRING,Bluspring Enterprises Limited,128.98,131.82,2026-07-03,128.98,2026-08-21,534862,False,10.0,2025-06-11,2026-08-21
BMWVENTLTD,BMW Ventures Limited,58.13,78.0,2025-10-01,74.1,2025-10-01,93079,False,20.0,2025-10-01,2026-08-21
BODALCHEM,Bodal Chemicals Limited,78.97,81.9,2026-05-21,78.99,2026-05-21,281887,False,,2011-08-22,2026-08-21
BOHRAIND,Bohra Industries Limited,14.8,30.91,2025-08-21,29.18,2025-08-25,14172,False,10.0,2022-10-27,2026-08-21
BOMDYEING,Bombay Dyeing & Mfg Company Limited,111.65,195.45,2025-09-11,188.86,2025-09-11,443186,False,20.0,1995-04-26,2026-08-21
BORANA,Borana Weaves Limited,307.95,420.0,2026-02-26,415.4,2026-02-25,36194,False,20.0,2025-05-27,2026-08-21
BOROLTD,Borosil Limited,254.18,397.95,2025-09-24,373.6,2025-09-23,84398,False,20.0,2020-07-22,2026-08-21
BORORENEW,BOROSIL RENEWABLES LIMITED,549.4,721.0,2025-11-12,699.3,2025-11-11,407032,False,20.0,2018-05-25,2026-08-21
BOROSCI,Borosil Scientific Limited,128.4,180.8,2026-06-29,173.52,2026-06-30,98666,False,20.0,2024-06-07,2026-08-21
BOSCH-HCIL,BOSCH HOME COMFORT INDIA LIMITED,1725.3,1801.7,2026-08-20,1772.0,2026-08-20,73678,False,20.0,2000-01-03,2026-08-21
BOSCHLTD,Bosch Limited,48200.0,49130.0,2026-08-19,48750.0,2026-08-20,48543,True,,2003-05-12,2026-08-21
BPCL,Bharat Petroleum Corporation Limited,311.0,391.65,2026-02-05,388.3,2026-02-09,5086908,True,,1995-09-13,2026-08-21
BPL,BPL Limited,49.76,91.28,2025-09-04,86.92,2025-09-03,47211,False,20.0,1995-06-14,2026-08-21
BRIGADE,Brigade Enterprises Limited,639.3,802.01,2025-10-31,781.05,2025-11-03,537621,False,20.0,2007-12-31,2026-08-21
BRIGHOTEL,Brigade Hotel Ventures Limited,59.13,89.4,2025-09-02,87.1,2025-08-29,118749,False,20.0,2025-07-31,2026-08-21
BRITANNIA,Britannia Industries Limited,5365.0,6336.0,2025-09-04,6300.5,2025-09-11,359843,True,,1998-11-05,2026-08-21
BRNL,Bharat Road Network Limited,17.24,26.5,2025-11-24,25.62,2025-11-17,25975,False,20.0,2017-09-18,2026-08-21
BROOKS,Brooks Laboratories Limited,60.0,163.9,2025-09-15,159.04,2025-09-12,21897,False,,2011-09-05,2026-08-21
BSE,BSE Limited,3241.0,4446.8,2026-05-27,4403.3,2026-05-26,4248906,True,,2017-02-03,2026-08-21
BSHSL,Bombay Super Hybrid Seeds Limited,87.07,150.0,2025-08-26,145.56,2025-08-28,7396,False,10.0,2020-10-28,2026-08-21
BSL,BSL Limited,122.23,208.0,2025-09-02,203.29,2025-11-11,2436,False,20.0,1995-07-27,2026-08-21
BSOFT,BIRLASOFT LIMITED,303.75,474.0,2026-02-11,465.5,2026-02-10,1865602,False,20.0,1999-11-24,2026-08-21
BTML,Bodhi Tree Multimedia Limited,7.86,10.5,2025-09-18,9.45,2025-09-17,1570749,False,20.0,2023-02-15,2026-08-21
BURNPUR,Burnpur Cement Limited,14.2,33.0,2026-08-10,33.0,2026-08-10,16311,False,,2008-01-03,2026-08-21
BUTTERFLY,Butterfly Gandhimathi Appliances Limited,647.4,823.85,2025-11-06,780.2,2026-07-13,34010,False,20.0,2014-04-28,2026-08-21
BVCL,Barak Valley Cements Limited,42.13,69.99,2025-09-09,67.7,2025-09-08,14633,False,20.0,2007-11-23,2026-08-21
BYKE,The Byke Hospitality Ltd,32.37,76.73,2025-09-08,74.77,2025-09-08,29383,False,,2015-04-15,2026-08-21
CALSOFT,California Software Company Limited,27.82,29.89,2026-08-20,28.47,2026-08-19,228249,False,5.0,2000-06-28,2026-08-21
CAMLINFINE,Camlin Fine Sciences Limited,109.45,235.0,2025-09-17,231.02,2025-09-17,1672007,False,20.0,2015-01-20,2026-08-21
CAMPUS,Campus Activewear Limited,228.15,297.0,2025-09-04,285.4,2025-10-13,824958,False,20.0,2022-05-09,2026-08-21
CAMS,Computer Age Management Services Limited,753.0,844.9,2026-05-08,836.3,2026-05-08,1323731,True,,2021-05-07,2026-08-21
CANBK,Canara Bank,129.96,162.89,2026-02-26,158.93,2026-02-25,17701086,True,,2002-12-23,2026-08-21
CANFINHOME,Can Fin Homes Limited,830.45,971.5,2025-12-26,950.2,2026-02-09,189738,False,20.0,1995-05-10,2026-08-21
CANHLIFE,Canara HSBC Life Insurance Company Limited,155.24,166.69,2026-07-21,155.24,2026-08-21,618711,False,20.0,2025-10-17,2026-08-21
CANTABIL,Cantabil Retail India Limited,244.81,321.5,2026-02-06,311.0,2026-02-12,301834,False,20.0,2010-10-12,2026-08-21
CAPACITE,Capacit'e Infraprojects Limited,214.54,334.0,2025-09-18,321.15,2025-09-18,396954,False,20.0,2017-09-25,2026-08-21
CAPITALSFB,Capital Small Finance Bank Limited,284.7,323.7,2026-05-08,305.25,2026-07-20,26890,False,20.0,2024-02-14,2026-08-21
CAPLIPOINT,Caplin Point Laboratories Limited,2560.8,2699.0,2026-07-15,2671.5,2026-07-16,105498,False,20.0,2014-06-23,2026-08-21
CAPTRUST,Capital Trust Limited,19.49,51.51,2025-08-22,51.1,2025-08-21,94149,False,,2017-01-16,2026-08-21
CARBORUNIV,Carborundum Universal Limited,1169.8,1306.9,2026-06-19,1241.7,2026-06-19,237453,False,20.0,1996-04-03,2026-08-21
CARERATING,CARE Ratings Limited,1674.4,1838.0,2026-05-15,1800.4,2026-05-15,52285,False,20.0,2012-12-26,2026-08-21
CARRARO,Carraro India Limited,531.4,667.55,2026-04-16,608.5,2026-05-26,153242,False,20.0,2024-12-30,2026-08-21
CARTRADE,Cartrade Tech Limited,3072.9,3290.5,2025-11-17,3268.0,2025-11-17,711433,False,20.0,2021-08-20,2026-08-21
CARYSIL,CARYSIL LIMITED,1155.4,1280.9,2026-07-15,1251.7,2026-08-10,111246,False,20.0,2021-01-14,2026-08-21
CASTROLIND,Castrol India Limited,187.77,211.4,2025-08-21,208.68,2025-08-21,3219276,False,20.0,2014-03-14,2026-08-21
CCAVENUE,AvenuesAI Limited,15.16,20.5,2025-11-19,20.12,2025-11-19,16126811,False,20.0,2016-04-04,2026-08-21
CCCL,Consolidated Construction Consortium Limited,15.49,28.87,2025-09-17,27.34,2025-09-17,234954,False,20.0,2007-10-15,2026-08-21
CCHHL,Country Club Hospitality & Holidays Limited,12.99,19.99,2025-08-25,18.77,2025-08-25,17589,False,20.0,2015-02-03,2026-08-21
CCL,CCL Products (India) Limited,1082.3,1242.2,2026-07-13,1229.7,2026-07-13,178584,False,20.0,2004-06-07,2026-08-21
CDSL,Central Depository Services (India) Limited,1388.9,1673.7,2025-11-20,1655.3,2025-11-12,1129691,True,,2017-06-30,2026-08-21
CEATLTD,CEAT Limited,3563.4,4438.0,2025-10-23,4302.7,2025-10-23,86033,False,20.0,2008-02-01,2026-08-21
CEIGALL,Ceigall India Limited,314.35,405.7,2026-06-30,395.95,2026-06-29,358663,False,10.0,2024-08-08,2026-08-21
CELEBRITY,Celebrity Fashions Limited,6.75,14.2,2025-08-25,13.08,2025-08-22,20422,False,20.0,2006-01-12,2026-08-21
CELLO,Cello World Limited,361.45,673.8,2025-10-30,660.6,2025-10-29,2268795,False,20.0,2023-11-06,2026-08-21
CEMPRO,Cemindia Projects Limited,1276.4,1649.2,2026-07-21,1639.6,2026-07-21,599653,False,5.0,1999-02-10,2026-08-21
CENTENKA,Century Enka Limited,569.15,671.65,2026-07-29,621.6,2026-08-03,335895,False,20.0,1995-05-10,2026-08-21
CENTEXT,Century Extrusions Limited,20.64,34.75,2025-10-10,33.95,2025-10-10,620011,False,20.0,2004-07-20,2026-08-21
CENTRALBK,Central Bank of India,31.29,40.92,2026-02-26,40.44,2026-02-26,4776294,False,20.0,2007-08-21,2026-08-21
CENTRUM,Centrum Capital Limited,23.28,40.0,2025-08-25,39.57,2025-08-22,474583,False,20.0,2018-04-04,2026-08-21
CENTUM,Centum Electronics Limited,3439.0,3968.8,2026-08-10,3861.2,2026-08-10,58107,False,20.0,2007-10-05,2026-08-21
CENTURYPLY,Century Plyboards (India) Limited,762.4,859.0,2026-02-03,844.0,2025-12-12,100968,False,20.0,2006-03-23,2026-08-21
CERA,Cera Sanitaryware Limited,5865.5,6740.0,2026-06-22,6661.5,2026-06-22,12769,False,20.0,2007-11-02,2026-08-21
CESC,CESC Limited,155.09,204.5,2026-05-04,198.72,2026-05-04,1601525,False,20.0,1995-02-08,2026-08-21
CEWATER,Concord Enviro Systems Limited,260.0,579.0,2025-08-26,569.15,2025-08-25,128282,False,20.0,2024-12-27,2026-08-21
CGCL,Capri Global Capital Limited,224.03,264.53,2026-07-10,258.89,2026-07-16,4062194,False,20.0,2010-10-29,2026-08-21
CGPOWER,CG Power and Industrial Solutions Limited,867.0,980.9,2026-07-02,976.5,2026-07-01,3245852,True,,1995-03-01,2026-08-21
CHALET,Chalet Hotels Limited,861.95,1070.1,2025-09-17,1064.6,2025-09-16,107466,False,20.0,2019-02-07,2026-08-21
CHAMBLFERT,Chambal Fertilizers & Chemicals Limited,431.15,580.7,2025-09-03,569.75,2025-09-03,419616,False,20.0,1995-06-14,2026-08-21
CHEMBOND,Chembond Material Technologies Limited,172.63,209.99,2025-09-01,202.56,2026-05-07,5531,False,20.0,2019-11-20,2026-08-21
CHEMBONDCH,Chembond Chemicals Limited,284.38,290.0,2026-08-21,284.38,2026-08-21,19968,False,,2025-07-23,2026-08-21
CHEMCON,Chemcon Speciality Chemicals Limited,185.48,295.0,2025-09-25,283.29,2025-09-25,17398,False,,2020-10-01,2026-08-21
CHEMFAB,Chemfab Alkalis Limited,356.75,764.0,2025-08-21,705.35,2025-08-21,3366,False,20.0,2018-04-25,2026-08-21
CHEMPLASTS,Chemplast Sanmar Limited,176.89,460.0,2025-08-21,444.55,2025-08-21,349843,False,20.0,2021-08-24,2026-08-21
CHENNPETRO,Chennai Petroleum Corporation Limited,1393.5,1489.7,2026-08-19,1440.3,2026-08-19,2796202,False,20.0,2000-06-07,2026-08-21
CHEVIOT,Cheviot Company Limited,1166.2,1370.5,2026-05-07,1358.6,2026-05-07,8354,False,20.0,2022-06-20,2026-08-21
CHOICEIN,Choice International Limited,808.6,860.5,2026-01-05,850.3,2026-01-02,501738,False,20.0,2022-04-08,2026-08-21
CHOLAFIN,Cholamandalam Investment and Finance Company Limited,1862.9,1952.5,2026-08-06,1940.0,2026-08-06,1485050,True,,1996-05-15,2026-08-21
CHOLAHLDNG,Cholamandalam Financial Holdings Limited,1561.8,2064.0,2025-11-06,2019.5,2025-09-19,221075,False,20.0,2017-09-25,2026-08-21
CIEINDIA,CIE Automotive India Limited,401.05,526.0,2026-02-23,497.25,2026-02-25,461284,False,20.0,2007-08-30,2026-08-21
CIFL,Capital India Finance Limited,20.32,39.69,2026-01-14,38.53,2025-12-26,91825,False,20.0,2025-04-17,2026-08-21
CINELINE,Cineline India Limited,88.03,97.4,2025-11-06,93.88,2025-12-26,25576,False,20.0,2012-06-13,2026-08-21
CINEVISTA,Cinevista Limited,14.21,22.8,2025-09-25,21.46,2025-09-25,11181,False,20.0,2000-05-02,2026-08-21
CIPLA,Cipla Limited,1432.2,1673.0,2025-10-23,1663.6,2025-10-21,914834,True,,1995-02-08,2026-08-21
CLCIND,CLC Industries Limited,48.15,280.0,2026-01-29,280.0,2026-01-29,8534,False,,2006-12-20,2026-08-21
CLEAN,Clean Science and Technology Limited,825.5,1256.8,2025-08-21,1195.7,2025-09-17,568157,False,20.0,2021-07-19,2026-08-21
CLEDUCATE,CL Educate Limited,61.01,120.8,2025-08-22,116.99,2025-08-25,24139,False,,2017-03-31,2026-08-21
CLSEL,Chaman Lal Setia Exports Limited,288.35,321.0,2026-02-13,300.05,2026-06-12,76913,False,20.0,2021-05-12,2026-08-21
CMSINFO,CMS Info Systems Limited,247.0,450.85,2025-08-21,446.9,2025-08-21,760263,False,20.0,2021-12-31,2026-08-21
CNL,Creative Newtech Limited,1247.7,1275.0,2026-08-18,1264.15,2026-08-18,221739,False,20.0,2019-08-05,2026-08-21
COALINDIA,Coal India Limited,405.2,491.25,2026-04-30,481.65,2026-06-04,7291633,True,,2010-11-04,2026-08-21
COASTCORP,Coastal Corporation Limited,40.55,66.7,2026-05-15,62.93,2026-05-07,235101,False,20.0,2021-10-08,2026-08-21
COCHINSHIP,Cochin Shipyard Limited,1480.5,1979.9,2025-09-22,1926.9,2025-09-25,1068706,True,,2017-08-11,2026-08-21
COFFEEDAY,Coffee Day Enterprises Limited,29.08,51.46,2025-09-01,50.03,2025-08-29,450900,False,,2015-11-02,2026-08-21
COFORGE,Coforge Limited,1891.7,1989.7,2025-12-08,1977.9,2025-12-05,3367511,True,,2004-08-30,2026-08-21
COHANCE,Cohance Lifesciences Limited,463.0,1038.9,2025-09-08,1019.8,2025-09-09,1358782,False,20.0,2020-03-09,2026-08-21
COLPAL,Colgate Palmolive (India) Limited,1889.0,2504.0,2025-09-04,2464.6,2025-09-04,439325,True,,2007-12-17,2026-08-21
COMPUSOFT,Compucom Software Limited,13.98,20.75,2025-09-12,20.12,2025-08-21,33395,False,20.0,2012-03-02,2026-08-21
COMSYN,Commercial Syn Bags Limited,286.17,298.0,2026-08-17,289.77,2026-08-20,1486304,False,10.0,2024-01-23,2026-08-21
CONCOR,Container Corporation of India Limited,515.05,569.8,2025-09-16,564.15,2025-09-16,2413319,True,,1997-05-07,2026-08-21
CONCORDBIO,Concord Biotech Limited,1571.3,1801.9,2025-08-22,1767.6,2025-08-22,222961,False,20.0,2023-08-18,2026-08-21
CONFIPET,Confidence Petroleum India Limited,74.8,86.4,2026-08-10,83.77,2026-08-03,3643726,False,20.0,2019-06-13,2026-08-21
CONSOFINVT,Consolidated Finvest & Holdings Limited,272.5,320.0,2026-08-06,312.05,2026-08-05,10383,False,,2005-03-29,2026-08-21
CONTROLPR,Control Print Limited,573.8,899.0,2025-09-22,828.6,2025-09-23,19608,False,20.0,2016-06-24,2026-08-21
CORALFINAC,Coral India Finance & Housing Limited,34.53,50.9,2025-09-15,48.63,2025-09-15,175227,False,20.0,1996-03-25,2026-08-21
CORDSCABLE,Cords Cable Industries Limited,241.33,259.4,2026-05-29,243.58,2026-05-28,37303,False,,2008-02-13,2026-08-21
COROMANDEL,Coromandel International Limited,1996.1,2500.0,2025-08-21,2428.9,2025-08-21,97784,False,20.0,1995-05-31,2026-08-21
COSMOFIRST,COSMO FIRST LIMITED,922.95,1042.4,2025-08-21,1025.2,2025-08-25,145122,False,20.0,1995-05-25,2026-08-21
COUNCODOS,Country Condo's Limited,6.65,8.89,2025-09-05,8.22,2025-09-05,83126,False,,2009-01-22,2026-08-21
CPCAP,CP Capital Limited,121.32,160.9,2025-09-08,152.9,2025-09-09,44893,False,20.0,2010-10-06,2026-08-21
CPEDU,Career Point Edutech Limited,201.2,338.75,2025-10-29,331.0,2025-10-28,28307,False,20.0,2025-09-05,2026-08-21
CPPLUS,Aditya Infotech Limited,3475.5,4094.0,2026-08-13,3899.1,2026-08-12,251277,False,5.0,2025-08-05,2026-08-21
CRAFTSMAN,Craftsman Automation Limited,10644.5,10960.0,2026-08-18,10890.5,2026-08-18,64847,False,20.0,2021-03-25,2026-08-21
CRAMC,Canara Robeco Asset Management Company Limited,264.7,353.4,2025-10-27,350.6,2025-10-27,310988,False,20.0,2025-10-16,2026-08-21
CREATIVEYE,Creative Eye Limited,6.36,8.83,2025-09-16,8.17,2025-09-19,19291,False,20.0,2000-12-20,2026-08-21
CREDITACC,CREDITACCESS GRAMEEN LIMITED,1496.1,1634.0,2026-07-31,1614.0,2026-07-30,422618,False,20.0,2018-08-23,2026-08-21
CREST,Crest Ventures Limited,361.8,418.0,2025-11-28,404.45,2026-06-22,5265,False,20.0,2006-12-27,2026-08-21
CRISIL,Crisil Limited,4514.5,5429.5,2025-08-21,5400.5,2025-08-21,43871,False,20.0,1995-06-28,2026-08-21
CRIZAC,Crizac Limited,172.84,387.95,2025-09-08,374.25,2025-09-08,378835,False,10.0,2025-07-09,2026-08-21
CROMPTON,Crompton Greaves Consumer Electricals Limited,252.0,337.5,2025-09-02,335.15,2025-09-01,3907123,True,,2016-05-13,2026-08-21
CROWN,Crown Lifters Limited,105.07,191.0,2025-09-10,183.02,2025-09-10,9570,False,20.0,2022-02-08,2026-08-21
CSBBANK,CSB Bank Limited,322.9,574.4,2026-01-05,557.45,2026-01-05,399772,False,20.0,2019-12-04,2026-08-21
CSLFINANCE,CSL Finance Limited,230.17,324.7,2025-12-23,321.7,2025-12-22,25973,False,20.0,2022-07-21,2026-08-21
CTE,Cambridge Technology Enterprises Limited,49.53,59.93,2025-10-31,59.05,2025-10-30,33506,False,5.0,2007-02-07,2026-08-21
CUB,City Union Bank Limited,217.3,245.38,2026-07-28,238.14,2026-07-28,4179035,False,20.0,1998-08-25,2026-08-21
CUBEXTUB,Cubex Tubings Limited,79.11,143.69,2025-12-30,129.49,2026-01-29,47809,False,20.0,1996-04-24,2026-08-21
CUMMINSIND,Cummins India Limited,5107.5,6100.0,2026-05-29,6027.5,2026-05-28,466323,True,,1995-03-29,2026-08-21
CUPID,Cupid Limited,284.58,299.0,2026-08-14,294.86,2026-08-13,35024749,False,20.0,2016-09-16,2026-08-21
CURAA,Cura Technologies Limited,72.59,337.0,2025-08-25,337.0,2025-08-25,759,False,20.0,2025-03-21,2026-08-21
CYBERMEDIA,Cyber Media (India) Limited,16.9,22.81,2025-09-12,21.73,2025-09-11,13883,False,20.0,2005-06-10,2026-08-21
CYBERTECH,Cybertech Systems And Software Limited,134.88,274.8,2025-10-03,270.89,2025-10-03,10714,False,,1999-01-27,2026-08-21
CYIENT,Cyient Limited,892.65,1284.7,2025-09-17,1272.2,2025-09-16,589373,False,20.0,1998-09-30,2026-08-21
CYIENTDLM,Cyient DLM Limited,721.15,764.8,2026-08-18,737.45,2026-08-17,549972,False,20.0,2023-07-10,2026-08-21
DABUR,Dabur India Limited,400.5,577.0,2025-09-04,552.7,2025-09-04,2116150,True,,1999-04-28,2026-08-21
DALBHARAT,Dalmia Bharat Limited,1880.0,2496.3,2025-09-17,2476.2,2025-09-17,179855,True,,2019-01-22,2026-08-21
DALMIASUG,Dalmia Bharat Sugar and Industries Limited,497.95,517.0,2026-08-20,508.1,2026-08-20,1276144,False,20.0,1996-01-17,2026-08-21
DAMCAPITAL,Dam Capital Advisors Limited,144.47,286.0,2025-11-07,263.22,2025-11-07,260027,False,20.0,2024-12-27,2026-08-21
DAMODARIND,Damodar Industries Limited,27.18,38.8,2025-09-19,36.79,2025-09-19,3041,False,,2016-07-04,2026-08-21
DANGEE,Dangee Dums Limited,2.87,5.08,2025-10-13,4.62,2025-10-10,51902,False,10.0,2020-11-13,2026-08-21
DATAMATICS,Datamatics Global Services Limited,819.25,1054.0,2025-09-05,1021.2,2025-09-01,112294,False,20.0,2004-05-07,2026-08-21
DATAPATTNS,Data Patterns (India) Limited,4829.9,5000.0,2026-08-21,4866.2,2026-06-22,885277,False,20.0,2021-12-24,2026-08-21
DAVANGERE,Davangere Sugar Company Limited,2.99,5.5,2026-01-22,5.15,2026-01-20,8964194,False,20.0,2024-01-25,2026-08-21
DBCORP,D.B.Corp Limited,205.86,287.9,2025-09-11,284.05,2025-09-16,98239,False,20.0,2010-01-06,2026-08-21
DBEIL,Deepak Builders & Engineers India Limited,6.66,18.56,2025-09-29,17.92,2025-09-24,132488,False,,2024-10-28,2026-08-21
DBL,Dilip Buildcon Limited,414.6,585.0,2025-09-24,575.45,2025-09-17,559194,False,20.0,2016-08-11,2026-08-21
DBOL,Dhampur Bio Organics Limited,131.15,139.0,2026-08-20,135.61,2026-08-20,345180,False,20.0,2022-09-08,2026-08-21
DBREALTY,Valor Estate Limited,106.08,184.8,2025-09-03,180.16,2025-09-03,659094,False,5.0,2010-02-24,2026-08-21
DBSTOCKBRO,DB (International) Stock Brokers Limited,30.32,48.5,2026-07-08,44.67,2026-07-08,32712,False,,2012-02-29,2026-08-21
DCAL,Dishman Carbogen Amcis Limited,173.54,321.95,2025-09-23,314.4,2025-09-22,384047,False,20.0,2017-09-21,2026-08-21
DCBBANK,DCB Bank Limited,203.59,205.9,2026-04-27,203.59,2026-08-21,2079087,False,20.0,2006-10-27,2026-08-21
DCI,Dc Infotech And Communication Limited,381.35,475.0,2026-04-08,400.45,2026-04-07,48676,False,20.0,2022-10-19,2026-08-21
DCM,DCM  Limited,80.92,105.0,2025-09-08,101.46,2025-09-08,5846,False,,1995-03-29,2026-08-21
DCMFINSERV,DCM Financial Services Limited,5.43,8.55,2026-03-17,8.15,2026-03-16,18890,False,10.0,1997-05-21,2026-08-21
DCMNVL,DCM Nouvelle Limited,171.6,181.63,2026-08-12,179.27,2026-08-14,23310,False,5.0,2019-07-16,2026-08-21
DCMSHRIRAM,DCM Shriram Limited,1082.1,1414.4,2025-09-17,1379.7,2025-09-17,244560,False,20.0,1995-04-12,2026-08-21
DCMSRIND,DCM Shriram Industries Limited,51.24,181.9,2025-10-01,176.4,2025-10-21,309373,False,20.0,2021-12-24,2026-08-21
DCW,DCW Limited,44.73,81.31,2025-08-21,79.6,2025-08-22,915602,False,20.0,1995-05-25,2026-08-21
DCXINDIA,DCX Systems Limited,175.49,286.0,2025-09-15,279.3,2025-09-19,483073,False,20.0,2022-11-11,2026-08-21
DDEVPLSTIK,Ddev Plastiks Industries Limited,277.85,360.0,2025-10-06,350.7,2025-09-16,225864,False,20.0,2025-01-15,2026-08-21
DECCANCE,Deccan Cements Limited,554.15,1164.9,2025-09-11,1139.8,2025-09-24,26298,False,20.0,2007-08-02,2026-08-21
DEEDEV,DEE Development Engineers Limited,646.1,760.0,2026-06-18,738.75,2026-06-17,158360,False,5.0,2024-06-26,2026-08-21
DEEPAKFERT,Deepak Fertilizers and Petrochemicals Corporation Limited,1449.2,1681.0,2026-08-04,1664.3,2026-07-02,491499,False,20.0,2003-01-17,2026-08-21
DEEPAKNTR,Deepak Nitrite Limited,1747.1,1904.4,2025-09-24,1875.9,2026-05-08,521048,False,20.0,2010-09-29,2026-08-21
DEEPINDS,Deep Industries Limited,688.05,720.0,2026-08-19,717.95,2026-08-18,1080265,False,20.0,2021-04-27,2026-08-21
DELHIVERY,Delhivery Limited,450.7,524.0,2026-07-10,520.3,2026-07-10,3664092,True,,2022-05-24,2026-08-21
DELPHIFX,DELPHI WORLD MONEY LIMITED,6.51,18.25,2026-02-13,16.87,2025-12-19,72882,False,,2011-06-28,2026-08-21
DELTACORP,Delta Corp Limited,58.62,97.18,2025-09-03,95.22,2025-09-03,856059,False,20.0,2007-11-02,2026-08-21
DELTAMAGNT,Delta Manufacturing Limited,58.49,93.45,2025-09-08,89.86,2025-09-18,22418,False,20.0,1995-10-18,2026-08-21
DEN,Den Networks Limited,28.17,37.55,2025-08-21,36.85,2025-08-21,285355,False,20.0,2009-11-24,2026-08-21
DENORA,De Nora India Limited,828.95,960.35,2026-06-24,949.2,2026-06-24,7230,False,20.0,1997-08-07,2026-08-21
DENTA,Denta Water and Infra Solutions Limited,286.4,479.6,2025-10-07,467.65,2025-10-06,301132,False,20.0,2025-01-29,2026-08-21
DEVIT,Dev Information Technology Limited,24.9,50.89,2025-08-21,48.41,2025-08-21,78570,False,20.0,2022-02-15,2026-08-21
DEVX,Dev Accelerator Limited,35.68,64.05,2025-09-17,64.05,2025-09-17,118581,False,20.0,2025-09-17,2026-08-21
DEVYANI,Devyani International Limited,144.4,191.0,2025-09-11,188.9,2025-09-11,8589755,False,20.0,2021-08-16,2026-08-21
DGCONTENT,Digicontent Limited,24.85,41.14,2025-08-25,39.19,2025-08-22,35208,False,20.0,2019-06-18,2026-08-21
DHAMPURSUG,Dhampur Sugar Mills Limited,185.23,192.89,2026-08-20,189.76,2026-08-20,1225624,False,20.0,1995-03-29,2026-08-21
DHANBANK,Dhanlaxmi Bank Limited,33.73,36.85,2026-07-07,36.22,2026-07-07,1625176,False,20.0,2004-04-01,2026-08-21
DHANUKA,Dhanuka Agritech Limited,980.3,1654.4,2025-09-03,1645.0,2025-09-02,48233,False,20.0,2011-06-29,2026-08-21
DHARMAJ,Dharmaj Crop Guard Limited,270.0,386.5,2025-08-25,372.4,2025-09-05,82012,False,20.0,2022-12-08,2026-08-21
DHRUV,Dhruv Consultancy Services Limited,24.35,68.95,2025-08-28,66.0,2025-08-26,6286,False,5.0,2021-11-25,2026-08-21
DHUNINV,Dhunseri Investments Limited,975.65,1573.1,2025-10-17,1464.3,2025-10-21,2803,False,20.0,2011-03-18,2026-08-21
DIACABS,Diamond Power Infrastructure Limited,356.1,379.0,2026-08-12,368.5,2026-08-14,3437563,False,,2023-09-15,2026-08-21
DIAMINESQ,Diamines & Chemicals Limited,241.11,418.8,2025-09-04,379.1,2025-09-03,18724,False,20.0,2023-09-25,2026-08-21
DIAMONDYD,Prataap Snacks Limited,1179.3,1245.0,2026-08-11,1227.4,2026-08-07,76049,False,20.0,2017-10-05,2026-08-21
DICIND,DIC India Limited,593.9,630.95,2026-08-17,595.0,2025-09-03,20617,False,20.0,1995-08-30,2026-08-21
DIFFNKG,Diffusion Engineers Limited,401.45,453.9,2026-08-07,443.9,2026-08-06,249010,False,20.0,2024-10-04,2026-08-21
DIGIDRIVE,Digidrive Distributors Limited,17.9,34.37,2025-09-11,32.99,2025-09-15,22226,False,20.0,2024-01-10,2026-08-21
DIGISPICE,DiGiSPICE Technologies Limited,16.99,35.5,2025-09-16,32.57,2025-09-16,84866,False,5.0,2008-05-27,2026-08-21
DIGITIDE,Digitide Solutions Limited,97.01,216.45,2025-08-21,212.15,2025-08-21,378378,False,20.0,2025-06-11,2026-08-21
DIGJAMLMTD,Digjam Limited,51.64,59.75,2025-09-15,58.83,2025-09-02,23511,False,20.0,2021-10-18,2026-08-21
DISHTV,Dish TV India Limited,2.77,5.99,2025-09-16,5.75,2025-09-17,723854,False,5.0,2007-04-18,2026-08-21
DIVGIITTS,Divgi Torqtransfer Systems Limited,1217.9,1318.8,2026-08-14,1301.05,2026-08-14,277166,False,20.0,2023-03-14,2026-08-21
DIVISLAB,Divi's Laboratories Limited,8597.0,8674.0,2026-08-12,8600.0,2026-08-12,533478,True,,2003-03-12,2026-08-21
DIXON,Dixon Technologies (India) Limited,14850.0,18471.0,2025-09-25,18331.0,2025-09-18,367971,True,,2017-09-18,2026-08-21
DJML,DJ Mediaprint & Logistics Limited,108.64,124.8,2026-07-03,121.87,2026-07-03,356411,False,20.0,2022-12-05,2026-08-21
DLF,DLF Limited,678.1,794.8,2025-09-17,786.75,2025-09-16,3348456,True,,2007-07-05,2026-08-21
DLINKINDIA,D-Link (India) Limited,435.75,549.2,2026-07-09,546.05,2026-07-09,215309,False,20.0,2009-12-18,2026-08-21
DMART,Avenue Supermarts Limited,3906.0,4949.5,2025-09-04,4829.3,2025-09-04,531426,True,,2017-03-21,2026-08-21
DMCC,DMCC SPECIALITY CHEMICALS LIMITED,284.3,347.15,2025-08-21,336.75,2025-08-21,147712,False,19.0,2021-12-01,2026-08-21
DNAMEDIA,Diligent Media Corporation Limited,2.6,5.44,2025-09-10,5.2,2025-09-10,74803,False,20.0,2017-12-11,2026-08-21
DODLA,Dodla Dairy Limited,1138.4,1500.0,2025-09-04,1462.3,2025-09-05,36438,False,20.0,2021-06-28,2026-08-21
DOLATALGO,Dolat Algotech Limited,76.51,95.76,2026-01-05,93.67,2026-01-07,182937,False,20.0,2024-01-12,2026-08-21
DOLLAR,Dollar Industries Limited,273.2,396.0,2025-09-29,387.5,2025-09-16,183799,False,20.0,2017-04-21,2026-08-21
DOLPHIN,Dolphin Offshore Enterprises (India) Limited,645.1,656.25,2026-08-20,645.1,2026-08-21,133049,False,10.0,2023-08-21,2026-08-21
DOMS,DOMS Industries Limited,2206.3,2770.0,2025-09-04,2692.2,2025-09-04,48797,False,20.0,2023-12-20,2026-08-21
DONEAR,Donear Industries Limited,87.52,116.51,2025-11-27,106.53,2025-11-27,20996,False,20.0,2006-12-20,2026-08-21
DPABHUSHAN,D. P. Abhushan Limited,1482.4,1670.0,2025-11-21,1643.0,2025-11-20,38559,False,20.0,2020-11-03,2026-08-21
DPSCLTD,DPSC Limited,7.13,13.31,2025-09-29,13.0,2025-09-18,85420,False,,2008-04-21,2026-08-21
DPWIRES,D P Wires Limited,158.54,306.95,2025-09-08,299.98,2025-09-08,5427,False,,2020-01-17,2026-08-21
DRCSYSTEMS,DRC Systems India Limited,12.6,23.68,2025-09-11,22.97,2025-09-11,47732,False,20.0,2021-03-10,2026-08-21
DREAMFOLKS,Dreamfolks Services Limited,68.92,160.0,2025-10-14,154.13,2025-08-22,63399,False,20.0,2022-09-06,2026-08-21
DREDGECORP,Dredging Corporation of India Limited,1116.5,1286.0,2026-06-04,1232.5,2026-06-03,228232,False,20.0,2004-01-15,2026-08-21
DRREDDY,Dr. Reddy's Laboratories Limited,1174.7,1414.9,2026-06-29,1375.7,2026-06-29,1697847,True,,2003-05-30,2026-08-21
DSKULKARNI,DS Kulkarni Developers Limited,16.14,16.14,2026-08-21,16.14,2026-08-21,190,False,,1995-02-08,2026-08-21
DSSL,Dynacons Systems & Solutions Limited,1097.1,1924.8,2026-05-25,1895.1,2026-05-25,31741,False,5.0,2011-12-01,2026-08-21
DTIL,Dhunseri Tea & Industries Limited,138.69,202.0,2025-08-22,199.63,2025-08-22,7013,False,20.0,2015-01-20,2026-08-21
DUCON,Ducon Infratechnologies Limited,3.35,6.45,2025-09-16,6.31,2025-09-16,478385,False,20.0,2012-10-09,2026-08-21
DVL,Dhunseri Ventures Limited,269.49,380.6,2025-09-25,369.5,2025-10-06,46604,False,20.0,2008-01-11,2026-08-21
DWARKESH,Dwarikesh Sugar Industries Limited,53.63,56.45,2026-08-20,55.38,2026-08-20,4706570,False,20.0,2004-12-31,2026-08-21
DYCL,Dynamic Cables Limited,458.8,520.0,2025-08-21,465.35,2026-08-17,532910,False,20.0,2022-07-27,2026-08-21
DYNAMATECH,Dynamatic Technologies Limited,11588.0,12875.0,2026-05-08,12530.0,2026-05-08,20901,False,20.0,2006-09-14,2026-08-21
DYNPRO,Dynemic Products Limited,235.0,415.8,2025-08-25,403.1,2025-08-25,18117,False,20.0,2017-07-19,2026-08-21
E2E,E2E Networks Limited,621.6,698.0,2026-08-17,686.15,2026-08-17,1810542,False,,2022-04-12,2026-08-21
EASEMYTRIP,Easy Trip Planners Limited,6.25,10.6,2026-02-18,9.63,2026-02-18,21637711,False,20.0,2021-03-19,2026-08-21
EASTSILK,Eastern Silk Industries Limited,64.2,99.25,2025-12-08,94.53,2025-12-05,1813,False,,1996-07-03,2026-08-21
EBGNG,GNG Electronics Limited,606.2,689.5,2026-07-02,674.85,2026-07-02,682754,False,10.0,2025-07-30,2026-08-21
ECLERX,eClerx Services Limited,1815.7,2497.5,2026-02-03,2473.5,2026-02-03,233842,False,20.0,2007-12-31,2026-08-21
ECOSMOBLTY,Ecos (India) Mobility & Hospitality Limited,109.82,302.0,2025-08-21,292.05,2025-08-22,72605,False,,2024-09-04,2026-08-21
EDELWEISS,Edelweiss Financial Services Limited,128.68,133.9,2026-06-23,130.28,2026-06-22,4193716,False,20.0,2007-12-12,2026-08-21
EFCIL,EFC (I) Limited,191.61,347.6,2025-08-21,338.15,2025-08-29,325083,False,20.0,2025-08-20,2026-08-21
EICHERMOT,Eicher Motors Limited,8010.0,8230.0,2026-02-27,8190.0,2026-02-26,488900,True,,2004-09-07,2026-08-21
EIDPARRY,EID Parry India Limited,797.3,1196.4,2025-08-25,1178.0,2025-08-22,542844,False,20.0,1995-05-10,2026-08-21
EIEL,Enviro Infra Engineers Limited,194.73,276.1,2025-09-22,271.52,2025-09-22,914429,False,20.0,2024-11-29,2026-08-21
EIFFL,Euro India Fresh Foods Limited,258.6,381.96,2026-06-22,356.54,2026-06-22,12619,False,,2021-10-12,2026-08-21
EIHAHOTELS,EIH Associated Hotels Limited,294.7,434.9,2025-09-09,423.4,2025-09-09,20227,False,20.0,2008-04-08,2026-08-21
EIHOTEL,EIH Limited,302.75,434.8,2025-09-09,418.15,2025-09-08,195232,False,20.0,1995-02-08,2026-08-21
EIMCOELECO,Eimco Elecon (India) Limited,2182.9,2380.0,2025-10-09,2322.8,2025-09-16,46180,False,20.0,1996-04-17,2026-08-21
EKC,Everest Kanto Cylinder Limited,111.38,154.55,2025-10-27,151.72,2025-10-24,222547,False,20.0,2005-12-15,2026-08-21
ELDEHSG,Eldeco Housing And Industries Limited,835.4,1044.1,2026-01-01,1000.9,2026-01-01,9583,False,20.0,2022-04-12,2026-08-21
ELECON,Elecon Engineering Company Limited,451.55,634.9,2025-09-19,628.3,2025-09-17,466408,False,20.0,2006-09-29,2026-08-21
ELECTCAST,Electrosteel Castings Limited,73.87,108.71,2025-08-21,105.44,2025-08-21,1135362,False,20.0,2003-06-20,2026-08-21
ELECTHERM,Electrotherm (India) Limited,1052.2,1277.0,2026-07-06,1230.5,2026-07-06,24721,False,10.0,2007-08-20,2026-08-21
ELGIEQUIP,Elgi Equipments Limited,634.35,644.0,2026-08-20,637.8,2026-08-19,742841,False,20.0,1995-11-22,2026-08-21
ELGIRUBCO,Elgi Rubber Company Limited,60.07,90.5,2025-09-01,83.45,2025-09-01,77483,False,20.0,2011-08-10,2026-08-21
ELIN,Elin Electronics Limited,100.62,234.0,2025-09-23,228.92,2025-09-09,232497,False,20.0,2022-12-30,2026-08-21
ELLEN,Ellenbarrie Industrial Gases Limited,328.5,559.8,2025-09-15,552.95,2025-09-09,837070,False,10.0,2025-07-01,2026-08-21
EMAMILTD,Emami Limited,402.6,634.2,2025-08-21,619.25,2025-08-21,631235,False,20.0,2006-08-03,2026-08-21
EMAMIPAP,Emami Paper Mills Limited,115.81,133.7,2026-07-23,122.88,2026-07-23,53287,False,,2019-05-30,2026-08-21
EMAMIREAL,Emami Realty Limited,70.53,129.0,2025-08-26,126.42,2025-08-25,11232,False,5.0,2010-07-28,2026-08-21
EMBDL,Embassy Developments Limited,64.87,105.7,2025-09-18,104.21,2025-09-18,2439242,False,10.0,2007-03-23,2026-08-21
EMCURE,Emcure Pharmaceuticals Limited,1863.0,2048.0,2026-08-10,2009.6,2026-08-13,161654,False,10.0,2024-07-10,2026-08-21
EMIL,Electronics Mart India Limited,186.71,196.74,2026-08-13,193.61,2026-08-12,15040550,False,20.0,2022-10-17,2026-08-21
EMKAY,Emkay Global Financial Services Limited,239.85,409.9,2025-09-24,379.55,2025-09-24,28900,False,20.0,2006-04-28,2026-08-21
EMMBI,Emmbi Industries Limited,82.59,116.9,2025-11-17,115.46,2025-11-17,7896,False,,2010-02-24,2026-08-21
EMSLIMITED,EMS Limited,394.35,593.85,2025-09-08,583.85,2025-09-18,479063,False,20.0,2023-09-21,2026-08-21
EMUDHRA,eMudhra Limited,540.85,763.5,2025-08-22,749.65,2025-08-21,244681,False,20.0,2022-06-01,2026-08-21
ENDURANCE,Endurance Technologies Limited,3029.5,3079.9,2025-09-09,3041.2,2025-09-10,161975,False,20.0,2016-10-19,2026-08-21
ENERGYDEV,Energy Development Company Limited,16.35,29.69,2025-11-19,27.37,2025-11-19,26719,False,20.0,2007-11-02,2026-08-21
ENGINERSIN,Engineers India Limited,244.91,267.0,2026-05-07,262.35,2026-05-06,2285756,False,20.0,1997-08-20,2026-08-21
ENIL,Entertainment Network (India) Limited,102.38,174.58,2025-08-28,170.99,2025-08-26,34034,False,20.0,2006-02-15,2026-08-21
ENRIN,Siemens Energy India Limited,3435.6,3968.0,2026-05-29,3872.1,2026-05-29,787826,False,20.0,2025-06-19,2026-08-21
ENTERO,Entero Healthcare Solutions Limited,1423.6,1467.8,2026-08-13,1448.0,2026-08-13,194817,False,20.0,2024-02-16,2026-08-21
EPACK,EPACK Durable Limited,202.8,409.5,2025-09-03,403.0,2025-09-08,389950,False,20.0,2024-01-30,2026-08-21
EPACKPEB,EPack Prefab Technologies Limited,234.35,344.0,2025-11-07,330.05,2025-11-10,1847413,False,20.0,2025-10-01,2026-08-21
EPIGRAL,Epigral Limited,1126.0,1911.6,2025-08-22,1893.5,2025-08-21,93741,False,20.0,2021-08-18,2026-08-21
EPL,EPL Limited,265.61,274.03,2026-08-21,270.1,2026-08-20,2095789,False,20.0,2002-02-11,2026-08-21
EQUIPPP,Equippp Social Impact Technologies Limited,24.06,25.89,2026-07-28,25.03,2026-07-27,30469,False,,2021-05-19,2026-08-21
EQUITASBNK,Equitas Small Finance Bank Limited,76.6,83.9,2026-07-15,83.07,2026-07-13,3191122,False,20.0,2020-11-02,2026-08-21
ERIS,Eris Lifesciences Limited,1328.2,1818.8,2025-08-26,1801.7,2025-08-26,106160,False,20.0,2017-06-29,2026-08-21
ESABINDIA,Esab India Limited,6210.0,7319.5,2026-05-07,7150.5,2026-05-06,9174,False,20.0,1995-11-01,2026-08-21
ESAFSFB,ESAF Small Finance Bank Limited,43.94,44.25,2026-08-05,43.94,2026-08-21,4845226,False,,2023-11-10,2026-08-21
ESCORTS,Escorts Kubota Limited,3086.6,4180.0,2025-09-04,3962.1,2026-01-05,124850,False,20.0,1995-03-01,2026-08-21
ESSARSHPNG,Essar Shipping Limited,16.97,43.26,2025-10-30,41.13,2025-10-30,350285,False,20.0,2011-11-15,2026-08-21
ESSENTIA,Integra Essentia Limited,1.14,2.08,2025-10-30,1.97,2025-08-21,4202079,False,5.0,2013-08-20,2026-08-21
ESTER,Ester Industries Limited,95.14,132.45,2025-10-07,120.03,2025-10-07,308606,False,20.0,2011-06-20,2026-08-21
ETERNAL,ETERNAL LIMITED,328.0,368.45,2025-10-16,354.35,2025-10-15,29136237,True,,2021-07-23,2026-08-21
ETHOSLTD,Ethos Limited,2840.5,3245.9,2025-11-27,3196.4,2025-11-27,175355,False,20.0,2022-05-30,2026-08-21
EUREKAFORB,Eureka Forbes Limited,415.0,668.3,2025-11-28,652.8,2025-12-01,194951,False,20.0,2024-09-11,2026-08-21
EUROBOND,Euro Panel Products Limited,157.38,253.9,2025-09-09,242.74,2025-09-01,8969,False,20.0,2025-08-01,2026-08-21
EUROPRATIK,Euro Pratik Sales Limited,263.15,390.0,2025-11-17,381.8,2025-11-17,195066,False,20.0,2025-09-23,2026-08-21
EUROTEXIND,Eurotex Industries and Exports Limited,14.0,23.8,2026-06-11,23.58,2025-11-03,452,False,,1996-01-31,2026-08-20
EVEREADY,Eveready Industries India Limited,348.95,475.2,2025-09-05,468.05,2025-09-03,99243,False,20.0,2005-04-27,2026-08-21
EVERESTIND,Everest Industries Limited,434.5,750.0,2025-09-24,720.1,2025-09-24,13297,False,,1995-03-29,2026-08-21
EXCELINDUS,Excel Industries Limited,1089.0,1348.8,2025-08-21,1301.9,2025-08-22,68667,False,20.0,2004-06-16,2026-08-21
EXICOM,Exicom Tele-Systems Limited,159.87,182.9,2026-06-22,178.01,2026-07-03,1399569,False,20.0,2024-03-05,2026-08-21
EXIDEIND,Exide Industries Limited,459.6,496.4,2026-08-11,490.65,2026-08-12,5858545,False,20.0,2003-06-17,2026-08-21
EXPLEOSOL,Expleo Solutions Limited,898.75,1175.1,2025-11-14,1118.5,2025-11-27,458470,False,20.0,2009-10-26,2026-08-21
EXXARO,Exxaro Tiles Limited,6.09,10.33,2025-11-07,9.92,2025-11-06,318687,False,20.0,2021-08-16,2026-08-21
FABTECH,Fabtech Technologies Limited,146.82,262.8,2025-10-28,255.41,2025-10-28,90881,False,20.0,2025-10-07,2026-08-21
FACT,Fertilizers and Chemicals Travancore Limited,783.3,1058.6,2026-06-16,1015.9,2025-08-25,102768,False,20.0,1995-04-12,2026-08-21
FAIRCHEMOR,Fairchem Organics Limited,659.95,846.8,2026-07-28,846.8,2026-07-28,24755,False,,2020-12-24,2026-08-21
FAZE3Q,Faze Three Limited,498.9,650.05,2026-06-25,621.85,2026-06-26,44996,False,10.0,2022-11-18,2026-08-21
FCL,Fineotex Chemical Limited,47.43,47.9,2026-08-21,47.43,2026-08-21,12637321,False,10.0,2015-01-15,2026-08-21
FCSSOFT,FCS Software Solutions Limited,1.49,2.54,2025-08-25,2.51,2025-10-23,1712556,False,10.0,2005-09-21,2026-08-21
FDC,FDC Limited,348.6,527.8,2025-09-19,486.85,2025-09-19,295184,False,20.0,1997-08-07,2026-08-21
FEDERALBNK,The Federal Bank  Limited,361.0,371.7,2026-08-03,371.7,2026-08-03,4301911,True,,1995-02-08,2026-08-21
FEDFINA,Fedbank Financial Services Limited,156.84,178.48,2026-01-14,176.39,2026-01-15,933433,False,20.0,2023-11-30,2026-08-21
FIBERWEB,Fiberweb (India) Limited,25.89,52.47,2025-08-26,48.53,2025-08-21,39489,False,10.0,2022-02-16,2026-08-21
FIEMIND,Fiem Industries Limited,2198.8,2674.8,2026-08-12,2645.9,2026-08-12,141075,False,20.0,2006-10-19,2026-08-21
FILATEX,Filatex India Limited,83.06,87.27,2026-08-18,86.75,2026-08-18,4211852,False,20.0,2011-08-29,2026-08-21
FILATFASH,Filatex Fashions Limited,0.18,0.68,2025-09-18,0.64,2025-09-18,23688630,False,5.0,2024-05-06,2026-08-21
FINCABLES,Finolex Cables Limited,1260.5,1374.0,2026-08-12,1329.35,2026-08-18,1990267,False,20.0,1995-02-15,2026-08-21
FINEORG,Fine Organic Industries Limited,5159.9,5407.0,2026-06-30,5334.1,2026-06-29,40954,False,20.0,2018-07-02,2026-08-21
FINKURVE,Finkurve Financial Services Limited,76.32,134.9,2025-10-06,123.73,2025-10-10,202065,False,20.0,2025-10-01,2026-08-21
FINOPB,Fino Payments Bank Limited,145.93,339.0,2025-10-21,336.0,2025-10-15,453502,False,20.0,2021-11-12,2026-08-21
FINPIPE,Finolex Industries Limited,160.44,222.5,2025-09-15,220.76,2025-09-15,474746,False,20.0,1995-02-08,2026-08-21
FIRSTCRY,Brainbees Solutions Limited,196.33,438.7,2025-09-08,409.35,2025-09-09,877852,False,20.0,2024-08-13,2026-08-21
FISCHER,Fischer Medical Ventures Limited,38.14,124.7,2025-09-24,117.71,2025-10-31,1880295,False,20.0,2025-07-10,2026-08-21
FIVESTAR,Five-Star Business Finance Limited,520.95,666.0,2025-10-31,660.0,2025-11-03,618008,False,20.0,2022-11-21,2026-08-21
FLAIR,Flair Writing Industries Limited,248.8,348.8,2025-09-04,340.25,2025-09-08,158350,False,10.0,2023-12-01,2026-08-21
FLEXITUFF,Flexituff Ventures International Limited,2.76,29.49,2025-09-03,28.44,2025-09-03,106609,False,,2011-10-19,2026-08-21
FLUOROCHEM,Gujarat Fluorochemicals Limited,4621.9,4958.9,2026-08-13,4737.8,2026-08-14,237758,False,20.0,2019-10-16,2026-08-21
FMGOETZE,Federal-Mogul Goetze (India) Limited.,472.1,577.4,2025-09-08,573.7,2025-09-08,47324,False,20.0,1995-02-08,2026-08-21
FMNL,Future Market Networks Limited,8.77,14.35,2025-08-26,13.79,2025-09-18,24090,False,,2010-12-31,2026-08-21
FOCUS,Focus Lighting and Fixtures Limited,70.0,99.9,2025-09-12,97.65,2025-09-10,35845,False,,2021-11-24,2026-08-21
FOODSIN,Foods & Inns Limited,54.43,95.9,2025-09-08,94.1,2025-09-08,108728,False,20.0,2021-11-16,2026-08-21
FORCEMOT,FORCE MOTORS LTD,17770.0,26450.0,2026-02-18,25776.0,2026-02-17,92095,True,,2024-02-14,2026-08-21
FORTIS,Fortis Healthcare Limited,907.1,1104.3,2025-10-17,1097.9,2025-10-21,1551743,True,,2007-05-09,2026-08-21
FOSECOIND,Foseco India Limited,5346.0,6846.0,2025-09-08,6499.5,2025-08-25,6856,False,20.0,2003-05-05,2026-08-21
FSL,Firstsource Solutions Limited,276.05,381.4,2025-08-25,375.8,2025-09-19,6580309,False,20.0,2007-02-22,2026-08-21
FUSION,Fusion Finance Limited,200.12,243.0,2026-07-13,237.14,2026-07-13,893665,False,20.0,2022-11-15,2026-08-21
GABRIEL,Gabriel India Limited,1420.6,1600.0,2026-08-05,1587.7,2026-08-05,337138,False,20.0,2005-04-20,2026-08-21
GAEL,Gujarat Ambuja Exports Limited,177.46,184.99,2026-08-21,183.36,2026-08-20,2145748,False,20.0,2000-10-11,2026-08-21
GAIL,GAIL (India) Limited,172.0,186.87,2025-11-27,185.3,2025-11-17,12394803,True,,1997-04-02,2026-08-21
GALAPREC,Gala Precision Engineering Limited,1089.3,1260.0,2026-07-06,1234.0,2026-07-06,57584,False,20.0,2024-09-09,2026-08-21
GALAXYSURF,Galaxy Surfactants Limited,2333.0,2648.0,2026-08-17,2508.4,2026-08-14,93146,False,20.0,2018-02-08,2026-08-21
GALLANTT,Gallantt Ispat Limited,584.4,948.0,2026-04-16,927.1,2026-04-16,120183,False,10.0,2006-04-04,2026-08-21
GANDHAR,Gandhar Oil Refinery (India) Limited,250.43,303.17,2026-07-24,282.46,2026-07-24,3677765,False,20.0,2023-11-30,2026-08-21
GANDHITUBE,Gandhi Special Tubes Limited,892.35,1031.8,2025-09-08,1003.8,2025-09-08,13591,False,20.0,2007-01-31,2026-08-21
GANECOS,Ganesha Ecosphere Limited,1082.1,1400.0,2025-08-22,1392.4,2025-08-21,130867,False,20.0,2015-03-09,2026-08-21
GANESHBE,Ganesh Benzoplast Limited,123.96,129.99,2026-07-28,124.93,2026-07-28,849306,False,,2021-09-16,2026-08-21
GANESHCP,Ganesh Consumer Products Limited,161.24,309.95,2025-10-06,305.55,2025-10-06,216176,False,20.0,2025-09-29,2026-08-21
GANESHHOU,GANESH HOUSING LIMITED,809.65,920.15,2025-08-21,899.85,2025-08-22,53726,False,20.0,2007-03-02,2026-08-21
GANGAFORGE,Ganga Forging Limited,2.05,4.15,2025-10-15,4.02,2025-10-14,9555757,False,5.0,2021-07-06,2026-08-21
GANGESSECU,Ganges Securities Limited,121.93,178.15,2025-10-17,169.77,2025-08-21,2712,False,20.0,2017-07-28,2026-08-21
GARFIBRES,Garware Technical Fibres Limited,802.6,870.45,2025-08-21,838.85,2026-08-06,81582,False,20.0,2007-04-03,2026-08-21
GARUDA,Garuda Construction and Engineering Limited,183.95,249.3,2025-11-07,242.37,2025-11-07,1055389,False,20.0,2024-10-15,2026-08-21
GATECH,GACM Technologies Limited,0.9,0.93,2025-09-24,0.9,2026-08-21,23740715,False,,2016-07-25,2026-08-21
GATECHDVR,GACM Technologies Limited,0.51,0.67,2026-05-12,0.64,2025-09-23,1199611,False,,2017-10-10,2026-08-21
GATEWAY,Gateway Distriparks Limited,53.6,70.5,2025-08-21,69.25,2025-08-21,1540540,False,20.0,2022-03-22,2026-08-21
GAYAHWS,Gayatri Highways Limited,1.95,4.76,2025-10-07,4.54,2025-10-06,239829,False,20.0,2018-06-28,2026-08-21
GAYAPROJ,Gayatri Projects Limited,21.76,26.0,2026-06-18,25.26,2026-06-17,450072,False,,2011-08-22,2026-08-21
GCSL,Gretex Corporate Services Limited,488.9,542.8,2026-08-06,531.1,2026-07-27,632272,False,20.0,2025-09-04,2026-08-21
GEECEE,GeeCee Ventures Limited,366.65,393.9,2025-09-08,386.95,2025-09-03,3900,False,,2006-10-04,2026-08-21
GEEKAYWIRE,Geekay Wires Limited,22.43,40.62,2025-09-08,38.72,2025-09-08,95978,False,20.0,2020-03-06,2026-08-21
GEMAROMA,Gem Aromatics Limited,175.79,349.6,2025-08-26,319.05,2025-08-26,108821,False,20.0,2025-08-26,2026-08-21
GENCON,Generic Engineering Construction and Projects Limited,42.18,59.96,2026-02-25,58.67,2026-02-24,271084,False,20.0,2021-02-16,2026-08-21
GENESYS,Genesys International Corporation Limited,179.35,647.9,2025-09-02,633.35,2025-09-02,704841,False,20.0,2003-01-23,2026-08-21
GENUSPAPER,Genus Paper & Boards Limited,11.23,19.78,2025-08-25,19.35,2025-08-25,105507,False,20.0,2015-02-16,2026-08-21
GENUSPOWER,Genus Power Infrastructures Limited,337.95,364.5,2025-08-22,361.05,2025-08-25,2422370,False,20.0,2005-07-08,2026-08-21
GEOJITFSL,Geojit Financial Services Limited,80.72,85.39,2025-09-23,82.92,2026-07-20,319210,False,20.0,2005-07-01,2026-08-21
GESHIP,The Great Eastern Shipping Company Limited,1311.3,1798.0,2026-05-19,1719.6,2026-05-21,1123521,False,20.0,2006-11-27,2026-08-21
GFLLIMITED,GFL Limited,55.35,81.0,2025-10-21,77.13,2025-10-21,121578,False,20.0,1995-05-25,2026-08-21
GHCL,GHCL Limited,442.4,667.2,2025-10-30,656.55,2025-10-21,154950,False,20.0,2003-07-31,2026-08-21
GHCLTEXTIL,GHCL Textiles Limited,122.49,129.44,2026-08-20,127.94,2026-08-18,1418740,False,20.0,2023-06-12,2026-08-21
GICHSGFIN,GIC Housing Finance Limited,137.68,184.0,2025-12-26,180.04,2025-08-21,105908,False,20.0,1996-05-08,2026-08-21
GICL,Globe International Carriers Limited,23.81,169.95,2025-09-25,165.65,2025-09-25,265450,False,5.0,2026-02-18,2026-08-21
GICRE,General Insurance Corporation of India,355.75,417.95,2026-04-16,409.35,2026-05-04,526385,False,20.0,2017-10-25,2026-08-21
GILLANDERS,Gillanders Arbuthnot & Company Limited,96.13,131.89,2025-09-04,126.9,2025-10-10,7852,False,20.0,2009-12-14,2026-08-21
GILLETTE,Gillette India Limited,7498.5,10740.0,2025-09-04,10548.0,2025-09-04,18767,False,20.0,2003-07-30,2026-08-21
GINNIFILA,Ginni Filaments Limited,45.45,57.85,2026-07-06,54.65,2026-07-06,52952,False,,1995-05-10,2026-08-21
GIPCL,Gujarat Industries Power Company Limited,172.64,202.05,2025-09-03,197.61,2025-09-03,738451,False,20.0,1995-02-08,2026-08-21
GKENERGY,GK Energy Limited,123.3,239.6,2025-10-23,233.23,2025-10-23,509034,False,10.0,2025-09-26,2026-08-21
GKWLIMITED,GKW Limited,1606.5,1985.4,2025-10-06,1849.7,2026-06-18,495,False,20.0,2009-07-20,2026-08-21
GLAND,Gland Pharma Limited,2819.3,3039.8,2026-08-14,2970.2,2026-08-14,920361,False,20.0,2020-11-20,2026-08-21
GLAXO,GlaxoSmithKline Pharmaceuticals Limited,2902.2,3054.9,2026-08-19,3032.4,2026-08-19,167078,False,20.0,2000-12-15,2026-08-21
GLENMARK,Glenmark Pharmaceuticals Limited,2317.9,2474.0,2026-04-29,2417.9,2026-05-05,499590,True,,2000-02-07,2026-08-21
GLFL,Gujarat Lease Financing Limited,5.94,9.34,2025-11-03,8.9,2025-10-31,5093,False,5.0,1995-02-08,2026-08-21
GLOBAL,Global Education Limited,106.98,121.9,2026-05-08,119.95,2026-05-08,76186,False,20.0,2020-12-07,2026-08-21
GLOBALE,Globale Tessile Limited,11.81,15.4,2026-04-22,14.2,2026-05-06,4094,False,5.0,2024-08-27,2026-08-21
GLOBALVECT,Global Vectra Helicorp Limited,152.51,248.0,2025-10-17,243.14,2025-10-16,23442,False,20.0,2006-10-27,2026-08-21
GLOBE,GLOBE ENTERPRISES (INDIA) LIMITED,1.97,3.29,2026-01-05,3.15,2026-01-06,519676,False,20.0,2020-10-07,2026-08-21
GLOBECIVIL,Globe Civil Projects Limited,42.0,85.3,2025-08-21,82.32,2025-08-21,88887,False,20.0,2025-07-01,2026-08-21
GLOBUSSPR,Globus Spirits Limited,906.4,1257.9,2025-08-22,1248.8,2025-08-22,102285,False,20.0,2009-09-23,2026-08-21
GLOSTERLTD,Gloster Limited,601.0,756.45,2026-07-02,749.45,2026-07-02,2514,False,20.0,2024-04-26,2026-08-21
GLOTTIS,Glottis Limited,66.66,93.0,2025-10-07,83.71,2025-10-08,38259,False,,2025-10-07,2026-08-21
GMBREW,GM Breweries Limited,887.25,1328.8,2026-01-06,1264.2,2025-10-24,21804,False,20.0,1995-08-23,2026-08-21
GMDCLTD,Gujarat Mineral Development Corporation Limited,570.0,771.9,2026-04-17,746.75,2026-04-16,1473323,False,20.0,1997-12-17,2026-08-21
GMMPFAUDLR,GMM Pfaudler Limited,1022.35,1307.5,2025-11-03,1297.7,2025-11-03,481931,False,20.0,2018-03-05,2026-08-21
GMRAIRPORT,GMR AIRPORTS LIMITED,99.63,115.64,2026-07-07,114.98,2026-07-07,9578238,True,,2006-08-21,2026-08-21
GMRP&UI,GMR Power and Urban Infra Limited,96.58,136.95,2025-09-16,132.19,2025-11-20,772948,False,20.0,2022-03-23,2026-08-21
GNA,GNA Axles Limited,562.85,601.65,2026-07-16,592.0,2026-07-16,496451,False,20.0,2016-09-26,2026-08-21
GNFC,Gujarat Narmada Valley Fertilizers and Chemicals Limited,582.8,619.0,2026-08-18,609.75,2026-08-18,657895,False,20.0,1995-05-17,2026-08-21
GOACARBON,Goa Carbon Limited,350.7,494.9,2025-10-08,474.7,2025-09-18,12998,False,20.0,2007-06-05,2026-08-21
GOCLCORP,GOCL Corporation Limited,400.6,459.9,2026-06-22,445.3,2026-06-22,157738,False,20.0,2014-06-26,2026-08-21
GOCOLORS,Go Fashion (India) Limited,344.8,760.9,2025-09-10,740.5,2025-09-09,344363,False,20.0,2021-11-30,2026-08-21
GODAVARIB,Godavari Biorefineries Limited,244.25,353.0,2026-04-24,334.9,2026-04-23,594199,False,20.0,2024-10-30,2026-08-21
GODFRYPHLP,Godfrey Phillips India Limited,2117.0,3947.0,2025-09-16,3713.0,2025-08-21,651268,True,,1996-07-24,2026-08-21
GODIGIT,Go Digit General Insurance Limited,262.9,381.4,2025-09-24,372.35,2025-08-21,935866,False,20.0,2024-05-23,2026-08-21
GODREJAGRO,Godrej Agrovet Limited,574.55,769.7,2025-08-21,754.0,2025-08-21,201127,False,20.0,2017-10-16,2026-08-21
GODREJCP,Godrej Consumer Products Limited,933.0,1309.0,2025-09-04,1283.8,2025-09-02,2456089,True,,2001-06-20,2026-08-21
GODREJIND,Godrej Industries Limited,1230.0,1443.0,2026-07-10,1417.7,2026-07-10,111554,False,20.0,2003-02-25,2026-08-21
GODREJPROP,Godrej Properties Limited,2035.0,2352.0,2025-10-27,2320.3,2025-10-27,619382,True,,2010-01-05,2026-08-21
GOKEX,Gokaldas Exports Limited,797.6,954.9,2025-11-20,949.35,2025-11-20,279351,False,20.0,2005-04-27,2026-08-21
GOKUL,Gokul Refoils and Solvent Limited,42.55,45.89,2025-09-19,44.89,2025-09-17,159952,False,20.0,2008-06-04,2026-08-21
GOKULAGRO,Gokul Agro Resources Limited,242.8,257.99,2026-08-20,243.69,2026-08-20,798235,False,20.0,2016-03-11,2026-08-21
GOLDIAM,Goldiam International Limited,360.35,398.2,2026-08-11,384.05,2026-08-11,1392767,False,20.0,2005-08-29,2026-08-21
GOLDTECH,AION-TECH SOLUTIONS LIMITED,49.65,72.5,2025-09-01,70.77,2025-08-21,19909,False,,2001-04-11,2026-08-21
GOODLUCK,Goodluck India Limited,490.9,557.37,2026-07-13,543.13,2026-07-13,1013648,False,,2015-01-08,2026-08-21
GOPAL,Gopal Snacks Limited,282.3,398.0,2025-09-10,386.65,2025-09-16,232547,False,10.0,2024-03-14,2026-08-21
GOYALALUM,Goyal Aluminiums Limited,6.41,11.37,2026-01-07,10.34,2026-01-06,64867,False,20.0,2022-11-04,2026-08-21
GPIL,Godawari Power And Ispat limited,245.09,320.0,2026-05-20,305.85,2026-05-20,2047238,False,20.0,2006-04-25,2026-08-21
GPPL,Gujarat Pipavav Port Limited,163.54,200.09,2026-01-08,193.61,2025-12-19,2038191,False,20.0,2010-09-09,2026-08-21
GPTHEALTH,GPT Healthcare Limited,150.64,175.0,2026-07-31,170.49,2026-07-31,232008,False,20.0,2024-02-29,2026-08-21
GPTINFRA,GPT Infraprojects Limited,112.41,150.0,2026-06-23,135.56,2026-06-22,128935,False,20.0,2016-07-11,2026-08-21
GRANULES,Granules India Limited,858.15,910.0,2026-07-16,903.25,2026-07-16,617482,False,20.0,2005-06-20,2026-08-21
GRAPHITE,Graphite India Limited,710.75,802.4,2026-05-15,774.45,2026-05-15,1393250,False,20.0,2003-02-07,2026-08-21
GRASIM,Grasim Industries Limited,3308.0,3411.1,2026-08-10,3380.5,2026-08-10,923163,True,,1995-05-10,2026-08-21
GRAVITA,Gravita India Limited,1821.7,1913.6,2025-12-29,1875.4,2025-12-26,261838,False,20.0,2010-11-16,2026-08-21
GREAVESCOT,Greaves Cotton Limited,192.48,271.9,2026-07-14,263.6,2026-07-10,2003646,False,20.0,2004-09-09,2026-08-21
GREENLAM,Greenlam Industries Limited,253.0,278.63,2025-09-16,273.7,2026-08-07,251792,False,20.0,2015-03-02,2026-08-21
GREENPANEL,Greenpanel Industries Limited,160.97,333.8,2025-09-12,322.15,2025-09-11,274261,False,20.0,2019-10-23,2026-08-21
GREENPLY,Greenply Industries Limited,293.5,334.4,2026-07-22,329.65,2026-07-22,169801,False,20.0,1996-03-06,2026-08-21
GREENPOWER,Orient Green Power Company Limited,9.48,14.93,2025-11-04,14.43,2025-08-21,1647966,False,20.0,2010-10-08,2026-08-21
GRINDWELL,Grindwell Norton Limited,2059.8,2455.0,2026-07-16,2382.3,2026-07-16,38390,False,20.0,2006-09-11,2026-08-21
GRINFRA,G R Infraprojects Limited,870.35,1345.0,2025-09-22,1323.5,2025-09-19,46735,False,20.0,2021-07-19,2026-08-21
GRMOVER,GRM Overseas Limited,86.71,185.45,2025-12-24,171.12,2026-01-13,1250394,False,20.0,2022-09-07,2026-08-21
GROBTEA,The Grob Tea Company Limited,927.0,1236.2,2025-09-23,1204.0,2025-10-31,221,False,20.0,2016-07-14,2026-08-21
GRPLTD,GRP Limited,2039.4,2491.0,2025-08-22,2309.8,2025-08-25,2470,False,20.0,2015-02-12,2026-08-21
GRSE,Garden Reach Shipbuilders & Engineers Limited,2601.5,3339.0,2026-04-29,3093.8,2026-05-07,527953,False,20.0,2018-10-10,2026-08-21
GRWRHITECH,Garware Hi-Tech Films Limited,7123.5,7990.0,2026-08-06,7409.5,2026-08-05,81279,False,20.0,2022-02-03,2026-08-21
GSFC,Gujarat State Fertilizers & Chemicals Limited,158.23,220.59,2025-09-04,217.7,2025-09-03,699627,False,20.0,1995-09-06,2026-08-21
GSLSU,Global Surfaces Limited,33.05,139.67,2025-11-19,133.46,2025-11-14,106298,False,5.0,2023-03-23,2026-08-21
GSS,GSS Infotech Limited,12.68,33.97,2025-08-28,32.8,2025-08-28,50942,False,20.0,2008-03-07,2026-08-21
GTECJAINX,G-TEC JAINX EDUCATION LIMITED,29.98,38.35,2026-06-08,38.35,2026-06-08,9605,False,,2020-11-13,2026-08-21
GTL,GTL Limited,7.28,11.26,2025-09-18,10.64,2025-09-18,273340,False,20.0,1995-03-29,2026-08-21
GTLINFRA,GTL Infrastructure Limited,1.23,1.67,2026-06-05,1.61,2026-06-05,33651762,False,20.0,2006-11-09,2026-08-21
GTPL,GTPL Hathway Limited,54.25,118.95,2025-09-18,117.78,2025-08-25,81356,False,20.0,2017-07-04,2026-08-21
GUFICBIO,Gufic Biosciences Limited,431.5,448.0,2026-06-30,433.0,2026-08-10,106617,False,20.0,2004-10-19,2026-08-21
GUJALKALI,Gujarat Alkalies and Chemicals Limited,684.25,815.0,2026-05-06,801.6,2026-05-05,105782,False,20.0,1997-08-07,2026-08-21
GUJAPOLLO,Gujarat Apollo Industries Limited,358.5,556.0,2025-08-26,525.55,2025-08-28,9084,False,20.0,2007-06-04,2026-08-21
GUJENERGY,GUJARAT ENERGY LIMITED,263.35,452.0,2025-09-11,442.85,2025-09-16,1957075,False,20.0,2015-09-15,2026-08-21
GUJRAFFIA,Gujarat Raffia Industries Limited,41.22,88.0,2025-10-27,86.18,2025-10-24,4439,False,10.0,1996-10-09,2026-08-21
GUJTHEM,Gujarat Themis Biosyn Limited,381.2,479.0,2025-10-27,469.9,2025-10-27,100647,False,20.0,2025-02-25,2026-08-21
GULFOILLUB,Gulf Oil Lubricants India Limited,1139.9,1329.0,2025-09-16,1313.1,2025-09-11,113219,False,20.0,2014-07-31,2026-08-21
GULFPETRO,GP Petroleums Limited,67.17,69.25,2026-08-21,67.53,2026-08-20,353799,False,,2004-09-24,2026-08-21
GULPOLY,Gulshan Polyols Limited,190.71,227.63,2026-08-07,214.95,2026-06-09,622139,False,20.0,2015-01-28,2026-08-21
GVKPIL,GVK Power & Infrastructure Limited,2.24,4.06,2025-09-19,3.99,2025-09-18,636911,False,,2006-02-27,2026-08-21
GVPIL,GE Power India Limited,667.35,1084.0,2026-06-22,1055.2,2026-06-17,258781,False,5.0,2000-04-19,2026-08-21
GVPTECH,GVP Infotech Limited,7.34,11.19,2025-12-19,10.42,2025-09-01,63892,False,20.0,2022-09-06,2026-08-21
GVT&D,GE Vernova T&D India Limited,4127.2,5650.0,2026-06-23,5533.5,2026-06-19,1070506,True,,2008-06-30,2026-08-21
HAL,Hindustan Aeronautics Limited,5000.0,5149.9,2026-08-17,5099.0,2026-08-18,1154286,True,,2018-03-28,2026-08-21
HALEOSLABS,HALEOS LABS LIMITED,1465.0,1774.0,2026-05-11,1690.1,2026-05-12,603,False,20.0,2017-08-17,2026-08-21
HAPPSTMNDS,Happiest Minds Technologies Limited,444.55,635.0,2025-08-21,597.25,2025-08-21,2231655,False,20.0,2020-09-17,2026-08-21
HAPPYFORGE,Happy Forgings Limited,2211.8,2340.0,2026-08-19,2328.2,2026-08-20,144693,False,5.0,2023-12-27,2026-08-21
HARDWYN,Hardwyn India Limited,9.08,20.2,2026-06-01,19.49,2026-05-04,2856220,False,20.0,2022-04-12,2026-08-21
HARIOMPIPE,Hariom Pipe Industries Limited,348.5,572.2,2025-09-22,550.15,2025-09-19,128077,False,20.0,2022-04-13,2026-08-21
HARRMALAYA,Harrisons  Malayalam Limited,197.89,237.9,2026-04-24,230.9,2026-04-23,20197,False,20.0,1995-02-08,2026-08-21
HARSHA,Harsha Engineers International Limited,437.6,469.0,2026-05-07,438.75,2026-05-07,195139,False,20.0,2022-09-26,2026-08-21
HATHWAY,Hathway Cable & Datacom Limited,10.68,15.25,2025-09-17,15.08,2025-09-19,1292649,False,20.0,2010-02-25,2026-08-21
HATSUN,Hatsun Agro Product Limited,984.7,1179.0,2025-10-28,1146.65,2025-10-29,47991,False,20.0,2014-06-20,2026-08-21
HAVELLS,Havells India Limited,1268.0,1621.1,2025-09-17,1614.8,2025-09-16,883470,True,,2001-03-21,2026-08-21
HAVISHA,Sri Havisha Hospitality and Infrastructure Limited,1.42,2.42,2025-10-21,2.28,2025-10-21,87035,False,20.0,2000-02-16,2026-08-21
HBLENGINE,HBL Engineering Limited,702.55,1122.0,2025-11-10,1098.8,2025-11-10,997993,False,20.0,2007-01-04,2026-08-21
HBSL,HB Stockholdings Limited,55.13,108.8,2025-11-10,100.42,2025-11-10,5235,False,10.0,2018-07-23,2026-08-21
HCC,Hindustan Construction Company Limited,21.03,30.0,2025-09-23,29.46,2025-09-23,20459923,False,20.0,2003-04-01,2026-08-21
HCG,Healthcare Global Enterprises Limited,725.95,804.65,2025-10-24,776.3,2025-10-29,187584,False,20.0,2016-03-30,2026-08-21
HCL-INSYS,HCL Infosystems Limited,11.09,16.5,2025-11-06,16.08,2025-09-03,161295,False,20.0,1997-01-01,2026-08-21
HCLTECH,HCL Technologies Limited,1302.5,1780.1,2026-02-03,1729.6,2026-01-28,2420001,True,,2000-01-06,2026-08-21
HDBFS,HDB Financial Services Limited,695.85,811.8,2025-08-21,800.05,2025-08-25,513775,False,20.0,2025-07-02,2026-08-21
HDFCAMC,HDFC Asset Management Company Limited,2610.0,2967.25,2025-10-16,2946.0,2025-08-25,702934,True,,2018-08-06,2026-08-21
HDFCBANK,HDFC Bank Limited,726.95,1020.5,2025-10-23,1009.5,2025-11-27,26799031,True,,1995-11-08,2026-08-21
HDFCLIFE,HDFC Life Insurance Company Limited,554.8,807.0,2025-08-21,795.45,2025-08-21,3445739,True,,2017-11-17,2026-08-21
HEADSUP,Heads UP Ventures Limited,6.69,12.95,2025-10-09,11.72,2025-10-08,22989,False,20.0,2016-12-14,2026-08-21
HEALTHX,Health X Platform Limited,300.85,363.0,2026-01-13,337.6,2026-07-13,8059,False,20.0,2010-10-05,2026-08-21
HECPROJECT,HEC Infra Projects Limited,115.97,165.35,2025-08-25,161.42,2025-08-25,19481,False,20.0,2021-12-30,2026-08-21
HEG,HEG Limited,710.75,749.0,2026-08-18,739.25,2026-08-18,1863324,False,20.0,1995-05-10,2026-08-21
HEIDELBERG,HeidelbergCement India Limited,158.98,220.9,2025-09-11,219.53,2025-09-11,81002,False,20.0,1995-03-15,2026-08-21
HEMIPROP,Hemisphere Properties India Limited,130.58,190.69,2025-10-03,184.0,2025-10-03,358565,False,20.0,2020-10-22,2026-08-21
HERANBA,Heranba Industries Limited,164.88,379.0,2025-08-25,376.05,2025-08-25,43577,False,20.0,2021-03-05,2026-08-21
HERITGFOOD,Heritage Foods Limited,380.85,540.0,2025-09-18,533.45,2025-09-23,344440,False,20.0,1996-11-27,2026-08-21
HEROMOTOCO,Hero MotoCorp Limited,5735.0,6388.5,2025-12-05,6350.5,2025-12-05,738814,True,,2003-04-11,2026-08-21
HESTERBIO,Hester Biosciences Limited,2367.8,2683.6,2026-07-30,2545.0,2026-07-13,30195,False,20.0,2015-03-13,2026-08-21
HEXATRADEX,Hexa Tradex Limited,158.03,194.89,2025-09-17,182.38,2025-09-03,6289,False,10.0,2012-04-20,2026-08-21
HEXT,Hexaware Technologies Limited,532.45,829.4,2025-08-25,825.35,2025-08-25,935105,False,20.0,2025-02-19,2026-08-21
HFCL,HFCL Limited,228.01,234.4,2026-08-19,230.03,2026-08-18,24174776,False,5.0,2011-03-09,2026-08-21
HGINFRA,H.G. Infra Engineering Limited,511.9,1049.95,2025-09-16,1033.6,2025-09-17,309240,False,20.0,2018-03-09,2026-08-21
HGM,HandsOn Global Management (HGM) Limited,44.72,82.4,2025-09-15,81.55,2025-09-12,6706,False,20.0,2006-09-27,2026-08-21
HGS,Hinduja Global Solutions Limited,402.25,556.0,2025-08-25,547.1,2025-08-22,20945,False,20.0,2007-06-19,2026-08-21
HIKAL,Hikal Limited,215.61,282.7,2025-09-24,269.8,2025-09-17,405460,False,20.0,2001-02-14,2026-08-21
HILINFRA,Highway Infrastructure Limited,45.76,107.18,2025-08-21,104.37,2025-08-21,76916,False,20.0,2025-08-12,2026-08-21
HILTON,Hilton Metal Forging Limited,20.24,56.65,2025-09-12,55.86,2025-08-21,78369,False,,2007-05-24,2026-08-21
HIMATSEIDE,Himatsingka Seide Limited,72.12,134.7,2025-09-08,131.64,2025-09-19,513476,False,20.0,1995-02-08,2026-08-21
HINDALCO,Hindalco Industries Limited,1034.0,1176.0,2026-05-29,1149.7,2026-05-28,4819493,True,,1997-01-08,2026-08-21
HINDCOMPOS,Hindustan Composites Limited,411.5,550.0,2026-04-16,500.25,2025-09-12,3445,False,20.0,1996-05-08,2026-08-21
HINDCON,Hindcon Chemicals Limited,22.21,37.75,2025-10-23,33.44,2025-10-23,23368,False,10.0,2021-07-05,2026-08-21
HINDCOPPER,Hindustan Copper Limited,572.7,760.05,2026-01-29,760.05,2026-01-29,11395817,False,20.0,2010-09-15,2026-08-21
HINDOILEXP,Hindustan Oil Exploration Company Limited,156.2,188.65,2026-06-09,183.03,2026-06-09,493777,False,20.0,2003-09-23,2026-08-21
HINDPETRO,Hindustan Petroleum Corporation Limited,363.25,508.45,2026-01-05,499.05,2025-12-31,6046183,True,,1998-06-17,2026-08-21
HINDUNILVR,Hindustan Unilever Limited,2015.0,2750.0,2025-09-04,2692.6,2025-08-26,1866244,True,,1995-07-06,2026-08-21
HINDWAREAP,Hindware Home Innovation Limited,198.63,392.7,2025-10-17,380.85,2025-10-21,196490,False,20.0,2019-12-26,2026-08-21
HINDZINC,Hindustan Zinc Limited,594.9,733.0,2026-01-27,727.2,2026-01-27,5449446,True,,2006-11-21,2026-08-21
HIRECT,Hirect Limited,1273.7,1399.0,2026-07-16,1339.4,2026-08-03,122749,False,20.0,2006-12-26,2026-08-21
HISARMETAL,Hisar Metal Industries Limited,149.16,195.99,2025-09-03,192.6,2025-09-03,2760,False,20.0,2017-01-05,2026-08-21
HITECH,Hi-Tech Pipes Limited,81.37,127.5,2025-09-22,122.59,2025-09-22,591265,False,20.0,2018-05-07,2026-08-21
HITECHCORP,Hitech Corporation Limited,331.5,338.4,2026-08-17,332.3,2026-08-14,11244,False,,2007-12-20,2026-08-21
HITECHGEAR,The Hi-Tech Gears Limited,546.3,897.45,2025-10-13,876.05,2025-10-13,3381,False,,2002-01-21,2026-08-21
HLEGLAS,HLE Glascoat Limited,319.0,661.95,2025-11-03,645.0,2025-11-03,460115,False,10.0,2023-02-09,2026-08-21
HLVLTD,HLV LIMITED,6.58,12.6,2025-09-18,12.37,2025-08-21,213391,False,20.0,1995-07-19,2026-08-21
HMAAGRO,HMA Agro Industries Limited,21.97,34.24,2025-11-18,33.03,2025-09-23,2454981,False,20.0,2023-07-04,2026-08-21
HMVL,Hindustan Media Ventures Limited,92.1,108.16,2026-08-04,104.45,2026-08-04,108591,False,,2010-07-21,2026-08-21
HNDFDS,Hindustan Foods Limited,644.8,677.75,2026-08-19,653.25,2026-08-20,120481,False,20.0,2023-06-06,2026-08-21
HOMEFIRST,Home First Finance Company India Limited,1193.7,1375.0,2025-08-25,1330.4,2025-08-25,148049,False,20.0,2021-02-03,2026-08-21
HONASA,Honasa Consumer Limited,481.9,509.8,2026-08-17,502.8,2026-08-14,2142194,False,20.0,2023-11-07,2026-08-21
HONAUT,Honeywell Automation India Limited,36700.0,41495.0,2026-07-29,40105.0,2026-07-29,6457,False,20.0,2003-07-18,2026-08-21
HONDAPOWER,Honda India Power Products Limited,2068.3,3149.9,2025-08-21,3015.9,2025-08-21,4286,False,20.0,2003-04-01,2026-08-21
HPAL,HP Adhesives Limited,35.03,53.0,2025-11-03,52.27,2025-11-03,141042,False,20.0,2021-12-27,2026-08-21
HPIL,Hindprakash Industries Limited,126.1,164.0,2025-09-08,153.05,2025-09-08,4331,False,20.0,2022-11-07,2026-08-21
HPL,HPL Electric & Power Limited,317.45,516.7,2025-08-21,497.3,2025-08-21,95658,False,20.0,2016-10-04,2026-08-21
HSCL,Himadri Speciality Chemical Limited,654.4,819.5,2026-07-21,800.9,2026-07-21,6787982,False,20.0,2007-03-02,2026-08-21
HTMEDIA,HT Media Limited,27.57,31.3,2026-08-05,28.66,2026-08-05,389158,False,20.0,2005-09-01,2026-08-21
HUBTOWN,Hubtown Limited,194.54,365.7,2025-08-25,363.65,2025-08-25,678128,False,20.0,2007-02-07,2026-08-21
HUDCO,Housing & Urban Development Corporation Limited,186.09,246.85,2025-11-18,243.93,2025-11-18,2124075,False,20.0,2017-05-19,2026-08-21
HUHTAMAKI,Huhtamaki India Limited,273.85,330.0,2026-07-27,318.68,2026-07-24,815627,False,20.0,2004-10-01,2026-08-21
HYBRIDFIN,Hybrid Financial Services Limited,17.25,33.62,2025-10-23,33.62,2025-10-23,8601,False,,2022-12-05,2026-08-21
HYUNDAI,Hyundai Motor India Limited,2218.8,2890.0,2025-09-22,2809.3,2025-09-19,888871,True,,2024-10-22,2026-08-21
IBULLSLTD,Indiabulls Limited,25.58,32.5,2026-07-14,31.59,2026-07-15,10065319,False,5.0,2011-08-18,2026-08-21
ICDSLTD,ICDS Limited,41.12,62.32,2025-09-29,59.36,2025-09-26,1415,False,20.0,1999-11-17,2026-08-21
ICEMAKE,Ice Make Refrigeration Limited,721.7,920.0,2026-05-26,885.95,2026-05-26,37865,False,20.0,2020-10-12,2026-08-21
ICICIBANK,ICICI Bank Limited,1420.0,1480.0,2026-07-20,1463.1,2026-07-21,10512905,True,,1997-09-17,2026-08-21
ICICIGI,ICICI Lombard General Insurance Company Limited,1617.0,2064.9,2025-11-13,2042.9,2025-11-17,759335,True,,2017-09-27,2026-08-21
ICICIPRULI,ICICI Prudential Life Insurance Company Limited,515.0,706.8,2026-01-13,688.45,2026-01-06,1484762,True,,2016-09-29,2026-08-21
ICIL,Indo Count Industries Limited,443.55,463.8,2026-07-03,443.8,2026-08-19,1907364,False,20.0,2005-09-12,2026-08-21
ICRA,ICRA Limited,4964.8,6982.0,2025-09-23,6734.0,2025-09-16,46128,False,20.0,2007-04-13,2026-08-21
IDBI,IDBI Bank Limited,82.24,118.38,2026-01-05,116.01,2026-02-27,4016320,False,20.0,1995-09-20,2026-08-21
IDEA,Vodafone Idea Limited,13.94,15.34,2026-06-15,15.01,2026-06-18,381715270,True,,2007-03-09,2026-08-21
IDEAFORGE,Ideaforge Technology Limited,812.5,992.25,2026-06-08,964.9,2026-06-09,447329,False,5.0,2023-07-07,2026-08-21
IDFCFIRSTB,IDFC First Bank Limited,86.75,88.76,2026-07-27,86.75,2026-08-21,22516373,True,,2015-11-06,2026-08-21
IEX,Indian Energy Exchange Limited,123.7,160.27,2026-01-09,154.78,2026-01-07,4948412,True,,2017-10-23,2026-08-21
IFBAGRO,IFB Agro Industries Limited,1001.5,1790.0,2026-01-08,1753.2,2026-01-08,6878,False,20.0,1996-04-03,2026-08-21
IFBIND,IFB Industries Limited,1393.2,2019.8,2025-10-31,1956.0,2025-10-29,75827,False,20.0,1995-03-29,2026-08-21
IFCI,IFCI Limited,80.91,95.8,2026-06-17,90.07,2026-06-17,22493930,False,20.0,1995-04-26,2026-08-21
IFGLEXPOR,IFGL Refractories Limited,211.77,338.0,2025-10-06,303.0,2025-10-06,65655,False,20.0,2017-11-14,2026-08-21
IGARASHI,Igarashi Motors India Limited,444.1,558.0,2025-10-10,543.25,2025-09-19,485358,False,20.0,2003-10-09,2026-08-21
IGCL,Indogulf Cropsciences Limited,72.81,118.99,2025-09-08,115.33,2025-09-08,148466,False,20.0,2025-07-03,2026-08-21
IGIL,International Gemological Institute Limited,340.6,392.0,2025-09-17,386.3,2025-09-17,658989,False,10.0,2024-12-20,2026-08-21
IGL,Indraprastha Gas Limited,147.87,223.5,2025-10-08,220.12,2025-10-07,1900063,False,20.0,2003-12-26,2026-08-21
IGPL,IG Petrochemicals Limited,475.2,532.45,2026-08-06,514.45,2026-08-05,91264,False,20.0,2007-01-29,2026-08-21
IIFL,IIFL Finance Limited,679.8,687.1,2026-08-21,679.8,2026-08-21,2199973,False,20.0,2005-05-17,2026-08-21
IIFLCAPS,IIFL Capital Services Limited,335.65,411.3,2026-01-07,395.5,2026-01-07,285679,False,20.0,2019-09-20,2026-08-21
IITL,Industrial Investment Trust Limited,149.59,216.0,2025-09-30,203.87,2025-09-30,139875,False,20.0,2010-08-17,2026-08-21
IKIO,IKIO Technologies Limited,191.66,252.9,2025-08-21,229.22,2025-08-21,205886,False,20.0,2023-06-16,2026-08-21
IKS,Inventurus Knowledge Solutions Limited,1786.2,1933.0,2026-07-10,1928.1,2026-07-10,159862,False,20.0,2024-12-19,2026-08-21
IMAGICAA,Imagicaaworld Entertainment Limited,48.87,61.9,2025-08-25,58.75,2025-08-25,833374,False,20.0,2015-04-06,2026-08-21
IMFA,Indian Metals & Ferro Alloys Limited,1383.8,1679.9,2026-04-29,1653.9,2026-04-29,229030,False,20.0,2010-07-23,2026-08-21
IMPAL,India Motor Parts and Accessories Limited,1092.4,1238.9,2026-07-07,1205.8,2026-07-06,2249,False,20.0,2005-10-07,2026-08-21
INCREDIBLE,INCREDIBLE INDUSTRIES LIMITED,33.01,52.87,2025-09-08,47.02,2025-09-19,5744,False,20.0,2016-07-01,2026-08-21
INDBANK,Indbank Merchant Banking Services Limited,32.41,47.15,2025-10-07,45.95,2025-10-07,29201,False,20.0,2008-10-08,2026-08-21
INDGN,Indegene Limited,567.8,596.8,2025-09-17,586.55,2025-09-19,794073,False,20.0,2024-05-13,2026-08-21
INDHOTEL,The Indian Hotels Company Limited,730.0,811.95,2025-08-21,795.65,2025-08-21,1533842,True,,1996-07-03,2026-08-21
INDIACEM,The India Cements Limited,370.9,485.8,2026-01-08,478.55,2026-01-16,152770,False,20.0,2000-05-31,2026-08-21
INDIAGLYCO,India Glycols Limited,1146.5,1222.0,2025-11-20,1184.45,2026-07-27,254770,False,20.0,2005-07-01,2026-08-21
INDIAMART,Indiamart Intermesh Limited,1742.2,2685.0,2025-08-25,2670.5,2025-08-22,128188,False,20.0,2019-07-04,2026-08-21
INDIANB,Indian Bank,876.9,1000.9,2026-04-15,991.55,2026-02-26,1314342,True,,2007-03-01,2026-08-21
INDIANCARD,Indian Card Clothing Company Limited,209.5,303.05,2025-09-11,294.5,2025-09-10,3285,False,20.0,1997-01-08,2026-08-21
INDIANHUME,Indian Hume Pipe Company Limited,392.55,432.0,2026-07-15,424.9,2025-12-24,56317,False,20.0,1995-08-30,2026-08-21
INDIASHLTR,India Shelter Finance Corporation Limited,675.25,968.75,2025-08-29,952.1,2025-08-28,169243,False,20.0,2023-12-20,2026-08-21
INDIGO,InterGlobe Aviation Limited,5110.0,6149.5,2025-08-25,6116.0,2025-08-25,587672,True,,2015-11-10,2026-08-21
INDIGOPNTS,Indigo Paints Limited,1151.8,1345.9,2025-11-18,1326.0,2025-11-18,194131,False,20.0,2021-02-02,2026-08-21
INDIQUBE,Indiqube Spaces Limited,189.1,243.8,2025-09-22,237.92,2025-09-19,75834,False,20.0,2025-07-30,2026-08-21
INDNIPPON,India Nippon Electricals Limited,1105.7,1278.2,2026-07-21,1241.6,2026-07-21,34583,False,20.0,1997-05-07,2026-08-21
INDOAMIN,Indo Amines Limited,122.35,162.9,2025-08-21,157.89,2025-08-21,60189,False,,2022-04-29,2026-08-21
INDOBORAX,Indo Borax & Chemicals Limited,511.85,524.6,2026-08-21,511.85,2026-08-21,682926,False,20.0,2022-03-29,2026-08-21
INDOCO,Indoco Remedies Limited,226.29,332.2,2025-09-11,308.6,2025-09-11,346297,False,20.0,2005-01-14,2026-08-21
INDOFARM,Indo Farm Equipment Limited,141.76,271.69,2025-10-20,265.43,2025-09-23,193007,False,20.0,2025-01-07,2026-08-21
INDORAMA,Indo Rama Synthetics (India) Limited,62.69,75.0,2025-11-03,73.88,2025-11-03,612791,False,20.0,2003-06-20,2026-08-21
INDOSTAR,IndoStar Capital Finance Limited,253.15,292.0,2026-07-29,276.5,2025-08-21,204732,False,20.0,2018-05-21,2026-08-21
INDOTECH,Indo Tech Transformers Limited,3902.5,3976.8,2026-08-07,3902.5,2026-08-21,26959,False,5.0,2006-03-16,2026-08-21
INDOTHAI,Indo Thai Securities Limited,59.66,466.35,2025-11-19,460.4,2025-11-25,1331528,False,5.0,2011-11-02,2026-08-21
INDOUS,Indo Us Biotech Limited,85.56,159.0,2025-11-27,150.82,2025-08-21,19970,False,20.0,2024-09-27,2026-08-21
INDOWIND,Indowind Energy Limited,9.17,18.94,2025-12-01,18.05,2025-08-21,136255,False,20.0,2007-09-14,2026-08-21
INDRAMEDCO,Indraprastha Medical Corporation Limited,369.7,640.85,2025-11-06,622.8,2025-11-06,616713,False,20.0,1997-04-17,2026-08-21
INDSWFTLAB,Ind-Swift Laboratories Limited,329.59,351.3,2026-08-18,346.87,2026-08-18,1765640,False,20.0,1997-07-02,2026-08-21
INDTERRAIN,Indian Terrain Fashions Limited,30.34,42.62,2025-11-10,40.77,2025-11-10,73161,False,20.0,2011-03-11,2026-08-21
INDUSINDBK,IndusInd Bank Limited,1005.6,1077.85,2026-07-22,1069.3,2026-07-22,1176812,True,,1998-01-28,2026-08-21
INDUSTOWER,Indus Towers Limited,375.75,481.5,2026-02-19,477.75,2026-02-18,5135365,True,,2012-12-28,2026-08-21
INFOBEAN,InfoBeans Technologies Limited,157.5,257.5,2026-01-07,251.23,2026-01-07,495492,False,20.0,2019-07-15,2026-08-21
INFOMEDIA,Infomedia Press Limited,5.11,8.05,2025-10-23,8.05,2025-10-20,18575,False,20.0,2006-10-12,2026-08-21
INFY,Infosys Limited,1121.0,1728.0,2026-02-03,1689.8,2026-01-16,11811041,True,,1995-02-08,2026-08-21
INGERRAND,Ingersoll Rand (India) Limited,4660.6,4768.7,2026-08-14,4714.1,2026-06-18,33760,False,20.0,1999-04-15,2026-08-21
INNOVACAP,Innova Captab Limited,1088.5,1120.0,2026-08-12,1088.5,2026-08-21,81497,False,20.0,2023-12-29,2026-08-21
INNOVANA,Innovana Thinklabs Limited,318.0,564.8,2025-09-15,554.2,2025-09-11,5194,False,20.0,2024-12-17,2026-08-21
INOXGREEN,Inox Green Energy Services Limited,178.34,279.0,2025-11-03,272.2,2025-11-03,1214015,False,20.0,2022-11-23,2026-08-21
INOXINDIA,INOX India Limited,1930.2,2119.8,2026-07-22,2093.8,2026-07-21,151973,False,20.0,2023-12-21,2026-08-21
INOXWIND,Inox Wind Limited,73.6,159.3,2025-10-29,157.25,2025-11-03,13994724,True,,2015-04-09,2026-08-21
INSECTICID,Insecticides (India) Limited,609.75,881.5,2025-08-21,862.8,2025-08-21,25197,False,20.0,2007-05-30,2026-08-21
INSPIRISYS,Inspirisys Solutions Limited,93.94,133.9,2026-06-01,132.05,2026-05-21,6260,False,,2006-10-30,2026-08-21
INTELLECT,Intellect Design Arena Limited,691.25,1244.6,2025-11-03,1198.0,2025-11-03,532625,False,20.0,2014-12-18,2026-08-21
INTENTECH,Intense Technologies Limited,84.88,149.9,2025-09-23,141.08,2025-10-09,48206,False,20.0,2017-03-23,2026-08-21
INTERARCH,Interarch Building Solutions Limited,1676.3,2762.6,2025-11-10,2623.4,2025-11-17,61630,False,20.0,2024-08-26,2026-08-21
INTLCONV,International Conveyors Limited,77.54,114.54,2025-10-07,110.73,2025-10-06,64898,False,20.0,2021-09-16,2026-08-21
INVENTURE,Inventure Growth & Securities Limited,0.86,1.72,2025-09-03,1.66,2025-09-18,1166011,False,20.0,2011-08-04,2026-08-21
IOB,Indian Overseas Bank,33.01,41.8,2025-10-23,40.88,2025-09-19,2109388,False,20.0,2000-12-07,2026-08-21
IOC,Indian Oil Corporation Limited,135.9,188.96,2026-02-27,187.47,2026-02-27,8441606,True,,1996-07-24,2026-08-21
IOLCP,IOL Chemicals and Pharmaceuticals Limited,169.52,179.6,2026-07-15,173.78,2026-07-14,3014355,False,20.0,2010-11-08,2026-08-21
IONEXCHANG,ION Exchange (India) Limited,368.65,486.0,2026-07-13,468.3,2026-07-10,415005,False,20.0,2022-02-22,2026-08-21
IPCALAB,IPCA Laboratories Limited,1911.2,1945.1,2026-08-17,1911.2,2026-08-21,674868,False,20.0,1995-02-08,2026-08-21
IPL,India Pesticides Limited,140.27,245.84,2025-08-21,235.84,2025-09-17,163352,False,20.0,2021-07-05,2026-08-21
IRB,IRB Infrastructure Developers Limited,18.95,23.95,2026-05-21,22.84,2026-05-21,10490808,False,20.0,2008-02-25,2026-08-21
IRCON,Ircon International Limited,124.72,189.5,2025-09-17,187.02,2025-09-17,1336095,False,20.0,2018-09-28,2026-08-21
IRCTC,Indian Railway Catering And Tourism Corporation Limited,484.2,739.0,2025-09-19,736.6,2025-09-19,987281,False,20.0,2019-10-14,2026-08-21
IREDA,Indian Renewable Energy Development Agency Limited,115.0,163.35,2025-09-22,160.87,2025-09-19,4887686,True,,2023-11-29,2026-08-21
IRFC,Indian Railway Finance Corporation Limited,86.4,137.17,2025-12-29,133.64,2025-12-26,7462363,True,,2021-01-29,2026-08-21
IRIS,IRIS RegTech Solutions Limited,243.89,388.1,2025-11-10,376.4,2025-11-13,32001,False,20.0,2021-11-08,2026-08-21
IRISDOREME,Iris Clothings Limited,57.0,60.2,2026-08-21,59.27,2026-08-20,1547236,False,20.0,2021-02-22,2026-08-21
IRMENERGY,IRM Energy Limited,286.15,393.0,2025-09-23,376.75,2025-09-18,184313,False,10.0,2023-10-26,2026-08-21
ISFT,Intrasoft Technologies Limited,86.18,119.07,2025-09-19,109.87,2025-09-19,54047,False,20.0,2010-04-12,2026-08-21
ISGEC,Isgec Heavy Engineering Limited,755.1,1113.9,2026-05-21,1094.95,2026-04-28,81835,False,20.0,2021-05-05,2026-08-21
ISHANCH,Ishan Dyes and Chemicals Limited,48.21,83.37,2025-10-13,81.97,2025-10-13,95759,False,20.0,2025-03-24,2026-08-21
ITC,ITC Limited,269.4,427.0,2025-09-04,421.6,2025-10-29,15410021,True,,1995-08-23,2026-08-21
ITCHOTELS,ITC Hotels Limited,164.98,253.67,2025-09-04,250.65,2025-09-03,1815054,False,20.0,2025-01-29,2026-08-21
ITDC,India Tourism Development Corporation Limited,684.3,822.0,2026-07-20,793.9,2026-07-15,325832,False,20.0,2016-12-30,2026-08-21
ITI,ITI Limited,279.25,372.85,2025-10-08,356.65,2025-10-08,340916,False,20.0,2003-09-15,2026-08-21
IVALUE,Ivalue Infosolutions Limited,286.8,340.0,2025-11-20,326.8,2025-11-13,291844,False,20.0,2025-09-25,2026-08-21
IVC,IL&FS Investment Managers Limited,8.2,9.88,2025-11-17,9.35,2025-11-17,217109,False,20.0,1999-09-15,2026-08-21
IVP,IVP Limited,185.46,194.0,2026-07-06,189.68,2026-07-06,15361,False,,1995-09-13,2026-08-21
IXIGO,Le Travenues Technology Limited,170.3,339.15,2025-10-16,335.55,2025-10-16,1005811,False,20.0,2024-06-18,2026-08-21
IZMO,IZMO Limited,854.7,1374.7,2025-09-29,1348.7,2025-09-26,101070,False,10.0,2007-02-05,2026-08-21
J&KBANK,The Jammu & Kashmir Bank Limited,149.01,201.75,2026-07-10,192.65,2026-07-10,5308978,False,20.0,1998-07-22,2026-08-21
JAGRAN,Jagran Prakashan Limited,61.96,78.9,2026-06-03,78.2,2026-06-04,210240,False,20.0,2006-02-22,2026-08-21
JAGSNPHARM,Jagsonpal Pharmaceuticals Limited,236.54,264.5,2026-06-30,250.1,2025-09-15,815722,False,20.0,2000-03-01,2026-08-21
JAIBALAJI,Jai Balaji Industries Limited,63.57,108.0,2025-09-15,105.19,2025-08-21,658696,False,5.0,2003-12-09,2026-08-21
JAICORPLTD,Jai Corp Limited,102.22,178.24,2025-09-08,172.86,2025-09-08,384191,False,20.0,1997-11-26,2026-08-21
JAINREC,Jain Resource Recycling Limited,295.85,593.95,2026-05-08,571.5,2026-05-08,1832272,False,20.0,2025-10-01,2026-08-21
JAIPURKURT,Nandani Creation Limited,26.86,42.74,2026-02-10,41.13,2026-02-09,44125,False,20.0,2021-09-02,2026-08-21
JAMNAAUTO,Jamna Auto Industries Limited,121.41,152.6,2026-02-16,148.25,2026-02-26,2674969,False,20.0,2010-12-10,2026-08-21
JARO,Jaro Institute of Technology Management and Research Limited,443.1,890.0,2025-09-30,787.2,2025-10-01,107694,False,20.0,2025-09-30,2026-08-21
JASH,Jash Engineering Limited,472.5,572.85,2026-06-23,559.8,2026-06-23,105045,False,20.0,2019-10-30,2026-08-21
JAYAGROGN,Jayant Agro Organics Limited,220.69,256.8,2025-09-22,247.85,2025-09-22,12669,False,20.0,1996-04-17,2026-08-21
JAYBARMARU,Jay Bharat Maruti Limited,125.54,207.0,2026-07-14,199.18,2026-07-14,531636,False,5.0,1996-01-03,2026-08-21
JAYNECOIND,Jayaswal Neco Industries Limited,99.89,117.0,2026-05-08,115.24,2026-05-04,4198222,False,20.0,1995-05-10,2026-08-21
JAYSREETEA,Jayshree Tea & Industries Limited,101.81,108.0,2026-08-21,101.81,2026-08-21,117257,False,20.0,1995-02-15,2026-08-21
JBMA,JBM Auto Limited,673.95,790.0,2025-09-23,741.7,2025-09-22,873839,False,20.0,2004-12-17,2026-08-21
JETFREIGHT,Jet Freight Logistics Limited,22.34,25.95,2026-07-16,24.8,2026-07-16,215345,False,20.0,2021-12-21,2026-08-21
JGCHEM,J.G.Chemicals Limited,621.85,663.1,2026-08-19,645.85,2026-08-18,984892,False,20.0,2024-03-13,2026-08-21
JHS,JHS Svendgaard Laboratories Limited,8.29,13.9,2025-10-27,13.56,2025-10-24,141157,False,20.0,2006-10-21,2026-08-21
JINDALPHOT,Jindal Photo Limited,1044.9,1616.6,2025-12-10,1555.5,2025-10-10,2042,False,20.0,2005-04-07,2026-08-21
JINDALPOLY,Jindal Poly Films Limited,637.6,1026.45,2026-03-19,1007.6,2026-03-19,25544,False,10.0,2002-01-21,2026-08-21
JINDALSAW,Jindal Saw Limited,291.65,298.4,2026-08-21,291.65,2026-08-21,1809428,False,20.0,2003-04-29,2026-08-21
JINDALSTEL,JINDAL STEEL LIMITED,1127.8,1306.2,2026-04-21,1288.8,2026-04-21,945987,True,,1999-12-29,2026-08-21
JINDRILL,Jindal Drilling And Industries Limited,642.75,693.5,2026-05-19,669.8,2026-05-22,1291624,False,20.0,2006-12-22,2026-08-21
JINDWORLD,Jindal Worldwide Limited,35.33,42.4,2026-08-03,40.41,2026-08-03,14447684,False,20.0,2010-11-25,2026-08-21
JIOFIN,Jio Financial Services Limited,244.0,329.4,2025-08-21,323.85,2025-08-21,18633762,True,,2023-08-21,2026-08-21
JISLDVREQS,Jain Irrigation Systems Limited,21.14,35.48,2025-09-18,34.89,2025-09-17,52871,False,20.0,2011-11-30,2026-08-21
JISLJALEQS,Jain Irrigation Systems Limited,27.86,59.0,2025-09-17,57.29,2025-09-12,2221473,False,20.0,2001-08-13,2026-08-21
JITFINFRA,JITF Infralogistics Limited,309.0,478.0,2025-09-09,447.2,2025-09-08,31775,False,10.0,2017-02-27,2026-08-21
JKCEMENT,JK Cement Limited,5250.0,7533.5,2025-08-21,7134.0,2025-08-21,33628,False,20.0,2006-03-14,2026-08-21
JKIL,J.Kumar Infraprojects Limited,506.3,680.0,2025-08-21,668.85,2025-08-21,100572,False,20.0,2008-02-12,2026-08-21
JKIPL,Jinkushal Industries Limited,102.32,126.95,2025-10-03,122.67,2025-11-19,31367,False,5.0,2025-10-03,2026-08-21
JKLAKSHMI,JK Lakshmi Cement Limited,559.45,989.8,2025-09-04,961.15,2025-09-03,305118,False,20.0,2006-06-19,2026-08-21
JKPAPER,JK Paper Limited,391.8,444.8,2025-10-03,426.25,2025-10-03,545607,False,20.0,2005-06-16,2026-08-21
JKTYRE,JK Tyre & Industries Limited,374.7,611.9,2026-02-11,604.9,2026-02-11,861843,False,20.0,2007-03-19,2026-08-21
JLHL,Jupiter Life Line Hospitals Limited,309.75,340.0,2026-07-30,332.4,2026-07-30,217325,False,20.0,2023-09-18,2026-08-21
JMA,Jullundur Motor Agency (Delhi) Limited,90.73,98.0,2026-06-11,95.93,2026-06-18,12923,False,20.0,2015-03-16,2026-08-21
JMFINANCIL,JM Financial Limited,128.24,199.8,2025-08-22,193.02,2025-08-22,3627126,False,20.0,2006-10-10,2026-08-21
JNKINDIA,JNK India Limited,454.35,558.0,2026-07-15,545.95,2026-07-15,349907,False,20.0,2024-04-30,2026-08-21
JOCIL,Jocil Limited,149.99,175.12,2026-05-27,164.69,2025-09-08,3018,False,,2008-10-08,2026-08-21
JPOLYINVST,Jindal Poly Investment and Finance Company Limited,964.0,1487.7,2026-03-10,1415.6,2026-03-10,20755,False,20.0,2013-11-11,2026-08-21
JPPOWER,Jaiprakash Power Ventures Limited,17.1,24.5,2026-05-29,22.87,2026-05-28,58180049,False,20.0,2005-04-18,2026-08-21
JSFB,Jana Small Finance Bank Limited,582.35,606.95,2026-08-21,584.85,2026-08-03,918408,False,20.0,2024-02-14,2026-08-21
JSL,Jindal Stainless Limited,701.35,884.0,2026-01-07,865.65,2026-01-05,391282,False,20.0,2003-11-17,2026-08-21
JSLL,Jeena Sikho Lifecare Limited,505.35,849.5,2025-09-23,837.95,2025-09-17,707399,False,20.0,2025-08-11,2026-08-21
JSWCEMENT,JSW Cement Limited,126.04,162.15,2025-09-04,159.17,2025-09-03,1189253,False,20.0,2025-08-14,2026-08-21
JSWDULUX,JSW Dulux Limited,3118.8,3745.0,2025-12-02,3633.9,2025-12-15,16450,False,20.0,2001-06-28,2026-08-21
JSWENERGY,JSW Energy Limited,544.95,617.35,2026-05-29,602.05,2026-05-28,1500954,True,,2010-01-04,2026-08-21
JSWHL,JSW Holdings Limited,11289.0,22790.0,2025-12-03,22165.0,2025-12-12,3378,False,20.0,2005-06-21,2026-08-21
JSWINFRA,JSW Infrastructure Limited,335.7,355.8,2026-07-13,351.2,2026-07-13,2977958,False,20.0,2023-10-03,2026-08-21
JSWSTEEL,JSW Steel Limited,1293.7,1335.0,2026-08-06,1330.0,2026-08-05,1546547,True,,2005-03-23,2026-08-21
JTEKTINDIA,Jtekt India Limited,126.1,188.5,2025-09-09,184.86,2025-09-23,278220,False,20.0,2004-01-12,2026-08-21
JTLIND,JTL INDUSTRIES LIMITED,79.52,87.2,2026-07-06,83.09,2026-07-06,2334458,False,20.0,2023-06-12,2026-08-21
JUBLCPL,Jubilant Agri and Consumer Products Limited,2227.8,3013.4,2025-09-02,2955.0,2025-09-01,33607,False,20.0,2025-02-14,2026-08-21
JUBLFOOD,Jubilant Foodworks Limited,506.75,667.75,2025-09-10,663.8,2025-09-09,3843073,True,,2010-02-08,2026-08-21
JUBLINGREA,Jubilant Ingrevia Limited,718.35,795.0,2026-07-22,763.8,2026-07-21,289041,False,20.0,2021-03-19,2026-08-21
JUBLPHARMA,Jubilant Pharmova Limited,880.35,1184.8,2025-10-21,1181.2,2025-11-04,276304,False,20.0,2003-06-16,2026-08-21
JUNIPER,Juniper Hotels Limited,210.08,312.5,2025-09-19,306.75,2025-09-19,359584,False,10.0,2024-02-28,2026-08-21
JUSTDIAL,Just Dial Limited,674.05,878.6,2025-10-13,860.95,2025-10-13,293648,False,10.0,2013-06-05,2026-08-21
JWL,Jupiter Wagons Limited,247.0,372.85,2025-08-21,347.55,2025-12-26,1358931,False,20.0,2010-10-18,2026-08-21
JYOTHYLAB,Jyothy Labs Limited,204.95,352.7,2025-08-25,347.15,2025-08-25,993006,False,20.0,2007-12-19,2026-08-21
JYOTICNC,Jyoti CNC Automation Limited,988.8,1055.9,2025-11-24,1041.75,2025-11-26,1488851,False,20.0,2024-01-16,2026-08-21
JYOTISTRUC,Jyoti Structures Limited,10.57,17.42,2025-09-18,17.08,2025-09-18,4796073,False,20.0,1995-07-19,2026-08-21
KABRAEXTRU,Kabra Extrusion Technik Limited,566.2,574.95,2026-08-21,566.2,2026-08-21,514355,False,20.0,1995-09-06,2026-08-21
KAJARIACER,Kajaria Ceramics Limited,1208.5,1309.7,2025-08-21,1276.5,2025-08-21,296368,False,20.0,2004-06-01,2026-08-21
KAKATCEM,Kakatiya Cement Sugar & Industries Limited,115.84,165.55,2025-10-23,159.14,2025-09-03,3485,False,5.0,1995-12-13,2026-08-21
KALAMANDIR,Sai Silks (Kalamandir) Limited,86.29,223.03,2025-10-28,200.35,2025-10-28,451803,False,20.0,2023-09-27,2026-08-21
KALPATARU,Kalpataru Limited,283.45,429.3,2025-09-11,411.25,2025-09-10,241344,False,10.0,2025-07-01,2026-08-21
KALYANI,Kalyani Commercials Limited,138.09,138.09,2026-08-20,138.09,2026-08-20,0,False,,2017-02-13,2026-08-20
KALYANIFRG,Kalyani Forge Limited,691.5,849.65,2025-10-09,788.75,2025-10-08,6526,False,20.0,2007-12-20,2026-08-21
KALYANKJIL,Kalyan Jewellers India Limited,603.55,648.95,2026-07-30,634.6,2026-07-30,18685344,True,,2021-03-26,2026-08-21
KAMATHOTEL,Kamat Hotels (I) Limited,207.66,329.8,2025-09-24,325.85,2025-10-07,63808,False,20.0,1996-05-29,2026-08-21
KAMDHENU,Kamdhenu Limited,35.22,37.06,2026-07-28,36.76,2026-07-27,638253,False,,2006-05-09,2026-08-21
KAMOPAINTS,Kamdhenu Ventures Limited,4.45,10.76,2025-08-25,10.42,2025-08-25,264526,False,20.0,2023-01-24,2026-08-21
KANANIIND,Kanani Industries Limited,1.5,2.27,2025-09-01,2.11,2025-08-29,112442,False,20.0,2011-12-14,2026-08-21
KANORICHEM,Kanoria Chemicals & Industries Limited,153.89,164.6,2026-07-24,161.75,2026-07-24,32752,False,,1995-02-08,2026-08-21
KANPRPLA,Kanpur Plastipack Limited,260.91,281.44,2026-08-21,266.18,2026-08-20,96790,False,20.0,2021-01-01,2026-08-21
KANSAINER,Kansai Nerolac Paints Limited,205.85,264.0,2025-12-24,256.85,2025-10-21,401419,False,20.0,2003-09-15,2026-08-21
KAPSTON,Kapston Services Limited,528.2,600.0,2026-08-10,588.4,2026-08-14,89215,False,20.0,2020-05-27,2026-08-21
KARMAENG,Karma Energy Limited,38.59,73.7,2025-09-25,70.8,2025-09-24,6306,False,20.0,2011-06-28,2026-08-21
KARURVYSYA,Karur Vysya Bank Limited,335.5,351.8,2026-08-03,348.1,2026-08-03,1691889,False,20.0,2000-07-26,2026-08-21
KAUSHALYA,Kaushalya Infrastructure Development Corporation Limited,872.2,1841.9,2025-09-04,1745.0,2025-09-04,230,False,,2007-12-14,2026-08-21
KAVDEFENCE,Kavveri Defence & Wireless Technologies Limited,56.9,162.87,2025-10-01,155.12,2025-09-30,105053,False,20.0,2008-01-29,2026-08-21
KAYA,Kaya Limited,382.25,487.9,2025-09-23,482.45,2025-09-23,60350,False,20.0,2015-08-14,2026-08-21
KAYNES,Kaynes Technology India Limited,3890.0,7705.0,2025-10-07,7593.0,2025-10-07,1596771,True,,2022-11-22,2026-08-21
KCP,KCP Limited,163.83,212.2,2025-09-04,209.08,2025-08-21,231712,False,20.0,1997-04-09,2026-08-21
KCPSUGIND,KCP Sugar and Industries Corporation Limited,34.81,36.95,2025-09-02,34.81,2026-08-21,576891,False,,1997-06-11,2026-08-21
KDDL,KDDL Limited,4005.4,4155.5,2026-08-05,4093.5,2026-08-18,75012,False,20.0,2016-03-23,2026-08-21
KEC,KEC International Limited,435.95,937.8,2025-09-23,883.9,2025-09-23,1220569,False,20.0,2006-03-10,2026-08-21
KECL,Kirloskar Electric Company Limited,132.23,155.0,2026-08-06,150.21,2026-08-05,426060,False,10.0,2010-03-09,2026-08-21
KEEPLEARN,DSJ Keep Learning Limited,1.91,3.21,2025-10-24,3.0,2025-10-24,65933,False,20.0,1995-03-01,2026-08-21
KEI,KEI Industries Limited,5527.6,5899.0,2026-08-18,5873.0,2026-08-17,528655,True,,2006-03-23,2026-08-21
KELLTONTEC,Kellton Tech Solutions Limited,13.56,28.13,2025-09-08,27.6,2025-09-11,1409010,False,20.0,2016-03-02,2026-08-21
KERNEX,Kernex Microsystems (India) Limited,1934.5,2580.0,2026-08-06,2549.2,2026-08-05,535162,False,20.0,2005-12-20,2026-08-21
KESORAMIND,Kesoram Industries Limited,11.5,14.26,2026-05-14,13.92,2025-12-30,559093,False,,1995-09-06,2026-08-21
KEYFINSERV,Keynote Financial Services Limited,262.5,382.1,2025-11-06,360.0,2025-11-04,1607,False,20.0,1996-06-26,2026-08-21
KFINTECH,Kfin Technologies Limited,980.0,1215.0,2025-10-28,1174.8,2025-10-28,1573998,True,,2022-12-29,2026-08-21
KHADIM,Khadim India Limited,97.0,295.8,2025-09-22,290.1,2025-09-17,27854,False,,2017-11-14,2026-08-21
KHAICHEM,Khaitan Chemicals & Fertilizers Limited,55.82,135.8,2025-09-16,132.27,2025-09-16,297880,False,20.0,2020-10-30,2026-08-21
KHAITANLTD,Khaitan (India) Limited,147.95,165.0,2026-08-10,157.13,2026-08-06,12192,False,20.0,1995-12-20,2026-08-21
KHANDSE,Khandwala Securities Limited,17.5,26.88,2025-09-22,24.89,2025-08-21,2280,False,20.0,2001-02-07,2026-08-21
KICL,Kalyani Investment Company Limited,5382.5,6554.9,2025-10-28,6298.9,2025-10-28,1458,False,20.0,2011-01-14,2026-08-21
KILITCH,Kilitch Drugs (India) Limited,162.33,219.5,2025-10-28,205.52,2026-07-01,38457,False,,2010-09-29,2026-08-21
KIMS,Krishna Institute of Medical Sciences Limited,782.5,858.0,2026-07-06,850.65,2026-07-03,604457,False,20.0,2021-06-28,2026-08-21
KINGFA,Kingfa Science & Technology (India) Limited,5813.5,6200.0,2026-08-13,6087.5,2026-08-17,24375,False,20.0,2016-11-15,2026-08-21
KIOCL,KIOCL Limited,388.1,634.55,2025-10-06,627.6,2025-10-06,330303,False,20.0,2016-11-29,2026-08-21
KIRIINDUS,Kiri Industries Limited,477.9,779.0,2026-01-01,725.3,2025-12-31,769116,False,20.0,2008-04-22,2026-08-21
KIRLOSBROS,Kirloskar Brothers Limited,1906.2,2189.2,2026-06-22,2082.3,2025-09-17,83783,False,20.0,2010-04-20,2026-08-21
KIRLOSENG,Kirloskar Oil Engines Limited,2100.8,2720.0,2026-06-23,2563.6,2026-06-24,476215,False,20.0,2010-12-24,2026-08-21
KIRLOSIND,Kirloskar Industries Limited,3685.0,4574.8,2026-06-23,4313.4,2026-06-22,9855,False,20.0,2010-06-24,2026-08-21
KIRLPNU,Kirloskar Pneumatic Company Limited,748.8,1098.55,2026-06-22,1045.75,2026-06-22,253966,False,20.0,2023-04-26,2026-08-21
KITEX,Kitex Garments Limited,124.95,232.7,2025-10-24,222.82,2025-11-20,551848,False,20.0,2012-09-25,2026-08-21
KKCL,Kewal Kiran Clothing Limited,516.45,595.0,2025-09-23,592.0,2025-09-23,70208,False,20.0,2006-04-13,2026-08-21
KMEW,Knowledge Marine & Engineering Works Limited,2725.6,2999.9,2026-08-17,2756.5,2026-08-17,123982,False,20.0,2024-11-14,2026-08-21
KMSUGAR,K.M.Sugar Mills Limited,33.55,36.0,2026-08-20,35.3,2026-08-20,442643,False,20.0,2007-05-31,2026-08-21
KNAGRI,KN Agri Resources Limited,213.7,248.55,2025-08-25,242.0,2025-08-21,19943,False,20.0,2025-12-09,2026-08-21
KNRCON,KNR Constructions Limited,127.0,220.0,2025-09-17,209.71,2025-09-22,1485773,False,20.0,2008-02-18,2026-08-21
KOHINOOR,Kohinoor Foods Limited,36.59,37.8,2026-08-21,36.59,2026-08-21,341446,False,10.0,1999-10-20,2026-08-21
KOKUYOCMLN,Kokuyo Camlin Limited,80.08,128.0,2025-09-04,118.74,2025-09-05,55038,False,20.0,2008-07-28,2026-08-21
KOLTEPATIL,Kolte - Patil Developers Limited,468.55,554.6,2026-08-11,516.6,2026-08-11,860882,False,20.0,2007-12-13,2026-08-21
KOPRAN,Kopran Limited,196.09,219.0,2026-05-29,207.46,2026-08-19,141711,False,,1999-06-09,2026-08-21
KOTAKBANK,Kotak Mahindra Bank Limited,402.8,453.2,2025-10-20,445.12,2025-10-23,9858518,True,,1995-12-20,2026-08-21
KOTARISUG,Kothari Sugars And Chemicals Limited,33.29,37.68,2025-09-03,36.14,2025-09-02,199777,False,20.0,2004-12-13,2026-08-21
KOTHARIPET,Kothari Petrochemicals Limited,132.48,174.0,2025-09-04,170.6,2025-08-25,134012,False,20.0,1996-11-02,2026-08-21
KOTHARIPRO,Kothari Products Limited,68.05,109.0,2025-09-17,97.06,2025-09-17,10631,False,20.0,1998-06-03,2026-08-21
KOTYARK,Kotyark Industries Limited,37.33,45.5,2026-06-29,45.45,2026-06-26,270461,False,,2026-03-12,2026-08-21
KPEL,K.P. Energy Limited,259.3,463.25,2025-11-04,459.6,2025-11-04,431231,False,20.0,2024-11-14,2026-08-21
KPIGREEN,KPI Green Energy Limited,312.6,542.25,2025-11-03,538.8,2025-11-03,1580565,False,20.0,2021-07-27,2026-08-21
KPIL,Kalpataru Projects International Limited,1404.5,1479.6,2026-06-23,1439.7,2026-06-22,342285,False,20.0,2000-12-15,2026-08-21
KPITTECH,KPIT Technologies Limited,589.3,1328.0,2025-09-18,1301.4,2025-09-18,4510659,True,,2019-04-22,2026-08-21
KPRMILL,K.P.R. Mill Limited,1151.6,1334.0,2026-06-24,1218.45,2026-06-24,270836,False,20.0,2007-08-28,2026-08-21
KRBL,KRBL Limited,406.95,495.0,2025-08-22,477.75,2025-08-21,619025,False,20.0,2002-01-21,2026-08-21
KREBSBIO,Krebs Biochemicals and Industries Limited,53.61,82.49,2025-09-19,79.96,2025-09-22,5561,False,20.0,1996-01-03,2026-08-21
KRIDHANINF,Kridhan Infra Limited,2.08,4.78,2025-12-16,4.52,2025-12-15,53774,False,,2015-12-11,2026-08-21
KRISHANA,Krishana Phoschem Limited,198.41,200.99,2026-08-21,198.41,2026-08-21,1350580,False,20.0,2019-08-22,2026-08-21
KRISHIVAL,Krishival Foods Limited,405.65,508.0,2025-10-23,502.8,2025-10-21,42466,False,20.0,2025-06-20,2026-08-21
KRISHNADEF,Krishna Defence And Allied Industries Limited,1026.8,1400.0,2026-06-23,1370.2,2026-06-22,127514,False,20.0,2025-12-30,2026-08-21
KRITI,Kriti Industries (India) Limited,64.34,155.9,2025-09-19,152.9,2025-09-19,27651,False,20.0,2021-11-01,2026-08-21
KRITIKA,Kritika Wires Limited,5.58,11.1,2025-09-01,9.88,2025-09-01,191723,False,20.0,2022-05-04,2026-08-21
KRITINUT,Kriti Nutrients Limited,84.46,104.53,2025-09-04,101.32,2025-08-21,29022,False,5.0,2022-10-07,2026-08-21
KRN,KRN Heat Exchanger and Refrigeration Limited,1482.1,1598.2,2026-08-19,1539.7,2026-08-17,196080,False,5.0,2024-10-03,2026-08-21
KRONOX,Kronox Lab Sciences Limited,215.18,223.42,2026-08-21,215.18,2026-08-21,1703620,False,20.0,2024-06-10,2026-08-21
KROSS,Kross Limited,206.84,237.6,2025-09-18,229.75,2025-09-17,439590,False,20.0,2024-09-16,2026-08-21
KRSNAA,Krsnaa Diagnostics Limited,561.65,894.4,2025-09-24,866.2,2025-09-23,90019,False,20.0,2021-08-16,2026-08-21
KRYSTAL,Krystal Integrated Services Limited,657.95,729.5,2025-09-03,697.15,2025-09-02,66150,False,20.0,2024-03-21,2026-08-21
KSB,Ksb Limited,801.85,1028.3,2026-04-28,1000.05,2026-04-27,184654,False,20.0,1995-02-08,2026-08-21
KSCL,Kaveri Seed Company Limited,760.1,1225.0,2025-09-18,1202.1,2025-09-17,151024,False,20.0,2007-10-04,2026-08-21
KSHITIJPOL,Kshitij Polyline Limited,2.82,7.2,2026-06-11,7.19,2026-06-11,1399264,False,5.0,2022-07-27,2026-08-21
KSL,Kalyani Steels Limited,881.15,982.55,2026-07-13,972.3,2026-07-13,49342,False,20.0,2010-05-19,2026-08-21
KSOLVES,Ksolves India Limited,272.05,354.85,2025-08-21,349.27,2026-04-17,33217,False,20.0,2022-09-23,2026-08-21
KTKBANK,The Karnataka Bank Limited,328.3,338.25,2026-08-21,335.05,2026-08-20,3875751,False,20.0,2000-05-10,2026-08-21
KUANTUM,Kuantum Papers Limited,74.19,122.09,2025-08-25,118.57,2025-08-25,183548,False,20.0,2019-10-23,2026-08-21
LAGNAM,Lagnam Spintex Limited,76.91,96.98,2025-09-17,90.38,2026-07-27,14448,False,20.0,2021-09-30,2026-08-21
LAL,Lorenzini Apparels Limited,8.76,12.77,2025-09-11,12.2,2025-09-10,183134,False,20.0,2023-04-10,2026-08-21
LALPATHLAB,Dr. Lal Path Labs Ltd.,1894.2,1988.9,2026-08-12,1968.4,2026-08-13,440007,False,20.0,2015-12-23,2026-08-21
LAMBODHARA,Lambodhara Textiles Limited,118.08,162.0,2025-09-15,152.68,2025-09-12,11743,False,20.0,2015-02-04,2026-08-21
LANCORHOL,Lancor Holdings Limited,30.95,33.8,2025-11-10,32.71,2025-11-03,217096,False,20.0,2024-03-12,2026-08-21
LANDMARK,Landmark Cars Limited,504.95,662.8,2025-09-18,658.4,2025-10-15,285884,False,20.0,2022-12-23,2026-08-21
LANDSMILL,Landsmill Green Limited,0.75,1.74,2025-09-17,1.72,2025-10-03,2705450,False,19.0,2009-08-03,2026-08-21
LAOPALA,La Opala RG Limited,173.12,262.0,2025-09-09,257.07,2025-09-09,625884,False,20.0,2007-03-16,2026-08-21
LASA,Lasa Supergenerics Limited,7.2,14.08,2025-09-16,13.92,2025-09-16,39730,False,20.0,2017-09-21,2026-08-21
LATENTVIEW,Latent View Analytics Limited,278.1,517.5,2025-12-08,502.1,2025-12-09,909356,False,20.0,2021-11-23,2026-08-21
LATTEYS,Latteys Industries Limited,23.28,37.0,2025-10-24,34.53,2025-10-23,87701,False,20.0,2023-05-23,2026-08-21
LAURUSLABS,Laurus Labs Limited,1802.0,1870.8,2026-08-10,1858.0,2026-08-11,2164643,True,,2016-12-19,2026-08-21
LAXMICOT,Laxmi Cotspin Limited,13.92,26.98,2025-08-26,25.91,2025-08-21,34853,False,20.0,2021-11-12,2026-08-21
LAXMIDENTL,Laxmi Dental Limited,198.14,377.05,2025-09-17,362.35,2025-09-16,141930,False,20.0,2025-01-20,2026-08-21
LAXMIINDIA,Laxmi India Finance Limited,128.76,180.9,2025-09-18,175.87,2025-09-18,175298,False,20.0,2025-08-05,2026-08-21
LCCINFOTEC,LCC Infotech Limited,3.55,5.89,2026-01-09,5.61,2026-01-08,80430,False,10.0,2000-03-02,2026-08-21
LEMERITE,Le Merite Exports Limited,22.78,107.57,2025-12-12,103.25,2025-12-11,393953,False,5.0,2025-12-12,2026-08-21
LEMONTREE,Lemon Tree Hotels Limited,108.33,180.68,2025-09-08,177.93,2025-09-08,2928008,False,20.0,2018-04-09,2026-08-21
LEXUS,Lexus Granito (India) Limited,14.31,39.25,2026-03-05,38.31,2026-02-27,15885,False,20.0,2023-03-13,2026-08-21
LFIC,Lakshmi Finance & Industrial Corporation Limited,140.94,240.9,2025-09-03,218.75,2025-09-03,2561,False,20.0,2015-04-15,2026-08-21
LGBBROSLTD,LG Balakrishnan & Bros Limited,1609.0,2048.0,2026-02-12,2007.8,2026-02-12,23974,False,20.0,2010-03-30,2026-08-21
LGEINDIA,LG Electronics India Limited,1623.3,1755.0,2026-08-17,1729.7,2026-08-14,955890,False,10.0,2025-10-14,2026-08-21
LGHL,Laxmi Goldorna House Limited,175.94,399.58,2025-09-24,393.96,2025-09-23,20627,False,20.0,2023-11-10,2026-08-21
LIBAS,Libas Consumer Products Limited,10.02,14.3,2025-09-18,13.67,2025-09-18,28422,False,20.0,2019-07-23,2026-08-21
LIBERTSHOE,Liberty Shoes Limited,246.75,404.95,2025-09-17,376.4,2025-09-17,37050,False,20.0,1995-09-27,2026-08-21
LICHSGFIN,LIC Housing Finance Limited,497.0,598.2,2026-05-11,593.45,2025-10-29,1785299,True,,1998-07-29,2026-08-21
LICI,Life Insurance Corporation Of India,422.25,468.48,2025-11-07,462.08,2025-11-07,18667529,True,,2022-05-17,2026-08-21
LIKHITHA,Likhitha Infrastructure Limited,210.3,272.0,2026-06-30,270.48,2026-06-29,45920,False,20.0,2020-10-15,2026-08-21
LINC,Linc Limited,96.37,139.6,2025-09-08,136.86,2025-09-05,25966,False,20.0,2015-03-09,2026-08-21
LINCOLN,Lincoln Pharmaceuticals Limited,614.05,770.0,2026-05-27,758.15,2026-05-28,83463,False,20.0,2015-12-17,2026-08-21
LINDEINDIA,Linde India Limited,6672.0,8049.0,2026-05-07,7847.5,2026-05-07,26466,False,20.0,1999-06-16,2026-08-21
LLOYDSENGG,LLOYDS ENGINEERING WORKS LIMITED,90.05,99.75,2026-08-10,96.88,2026-08-07,12756865,False,20.0,2016-07-18,2026-08-21
LLOYDSENT,Lloyds Enterprises Limited,77.59,84.7,2026-08-10,83.5,2026-08-07,4087529,False,20.0,2024-10-17,2026-08-21
LLOYDSME,Lloyds Metals And Energy Limited,1865.9,2125.0,2026-08-10,2101.2,2026-08-07,636086,False,20.0,2023-07-17,2026-08-21
LMW,LMW Limited,19849.0,20151.0,2026-08-17,20047.0,2026-08-17,7506,False,20.0,1995-03-29,2026-08-21
LODHA,Lodha Developers Limited,1242.0,1344.95,2026-07-29,1316.35,2026-07-29,2377266,True,,2021-04-19,2026-08-21
LOKESHMACH,Lokesh Machines Limited,321.4,358.25,2026-08-11,354.0,2026-08-11,16266,False,,2006-05-05,2026-08-21
LORDSCHLO,Lords Chloro Alkali Limited,134.76,233.0,2025-10-21,225.41,2025-10-21,28171,False,20.0,2023-08-28,2026-08-21
LOTUSDEV,Sri Lotus Developers and Realty Limited,164.81,207.5,2026-08-03,200.12,2026-07-31,3325352,False,,2025-08-06,2026-08-21
LOTUSEYE,Lotus Eye Hospital and Institute Limited,115.6,147.0,2026-01-30,141.38,2026-01-29,13344,False,20.0,2008-07-11,2026-08-21
LOVABLE,Lovable Lingerie Limited,71.56,104.7,2025-09-22,101.68,2025-09-19,8250,False,20.0,2011-03-24,2026-08-21
LOYALTEX,Loyal Textile Mills Limited,211.04,333.99,2026-02-09,317.95,2025-09-22,1350,False,20.0,2022-08-11,2026-08-21
LPDC,Landmark Property Development Company Limited,7.24,9.46,2025-11-26,9.0,2025-11-26,140263,False,20.0,2008-08-12,2026-08-21
LT,Larsen & Toubro Limited,4093.0,4440.0,2026-02-24,4418.1,2026-02-23,1598517,True,,2004-06-23,2026-08-21
LTF,L&T Finance Limited,317.15,338.6,2026-07-07,335.6,2026-07-06,5340898,True,,2011-08-12,2026-08-21
LTFOODS,LT Foods Limited,427.6,480.0,2025-09-19,472.75,2025-09-19,873823,False,20.0,2006-12-18,2026-08-21
LTM,LTM Limited,4487.8,6429.5,2026-01-19,6407.0,2026-01-19,506403,True,,2016-07-21,2026-08-21
LTTS,L&T Technology Services Limited,3604.6,4726.0,2025-12-04,4696.2,2025-12-23,107009,False,20.0,2016-09-23,2026-08-21
LUMAXIND,Lumax Industries Limited,5880.0,6934.5,2026-02-11,6703.0,2026-02-11,25208,False,20.0,1995-09-06,2026-08-21
LUMAXTECH,Lumax Auto Technologies Limited,1988.8,2110.0,2026-08-12,2076.3,2026-08-11,485173,False,20.0,2007-01-16,2026-08-21
LUPIN,Lupin Limited,2201.8,2529.5,2026-07-16,2514.8,2026-07-21,1161300,True,,2001-09-10,2026-08-21
LUXIND,Lux Industries Limited,1203.4,1823.35,2026-04-24,1747.05,2026-04-23,23106,False,20.0,2015-11-30,2026-08-21
LXCHEM,Laxmi Organic Industries Limited,173.21,241.0,2025-09-15,231.51,2025-09-09,1912006,False,20.0,2021-03-25,2026-08-21
LYKALABS,Lyka Labs Limited,73.62,102.99,2025-08-22,101.07,2025-09-03,16793,False,,1995-02-08,2026-08-21
M&M,Mahindra & Mahindra Limited,3412.2,3839.9,2026-01-05,3802.4,2026-01-02,2414785,True,,1996-01-03,2026-08-21
M&MFIN,Mahindra & Mahindra Financial Services Limited,381.6,415.0,2026-08-10,412.3,2026-08-10,3364469,False,20.0,2006-03-17,2026-08-21
MAANALU,Maan Aluminium Limited,119.4,184.74,2025-12-18,170.98,2025-12-22,75704,False,20.0,2007-10-22,2026-08-21
MACPOWER,Macpower CNC Machines Limited,1874.8,2000.0,2026-08-18,1983.6,2026-08-18,72121,False,20.0,2020-08-19,2026-08-21
MADHAV,Madhav Marbles and Granites Limited,36.25,49.95,2025-09-10,47.55,2025-09-10,2906,False,20.0,2007-12-20,2026-08-21
MADHUCON,Madhucon Projects Limited,5.23,8.55,2025-09-19,8.26,2025-09-18,14526,False,,2006-10-05,2026-08-21
MADRASFERT,Madras Fertilizers Limited,65.52,96.39,2025-09-04,94.35,2025-09-03,44199,False,20.0,1997-07-25,2026-08-21
MAGADSUGAR,Magadh Sugar & Energy Limited,601.3,632.0,2026-08-20,620.6,2026-08-20,83470,False,20.0,2017-07-28,2026-08-21
MAGNUM,Magnum Ventures Limited,19.25,30.25,2025-09-10,28.93,2025-09-15,38142,False,20.0,2007-09-20,2026-08-21
MAHABANK,Bank of Maharashtra,80.26,94.5,2026-06-29,93.85,2026-06-29,10162308,False,20.0,2004-04-12,2026-08-21
MAHAPEXLTD,Maha Rashtra Apex Corporation Limited,61.13,117.89,2026-03-09,111.44,2025-12-15,43616,False,20.0,1998-01-21,2026-08-21
MAHASTEEL,Mahamaya Steel Industries Limited,1154.3,1157.0,2026-08-21,1154.3,2026-08-21,21679,False,,2016-07-01,2026-08-21
MAHEPC,Mahindra EPC Irrigation Limited,107.0,182.5,2025-09-03,177.19,2025-08-21,26389,False,20.0,2020-02-14,2026-08-21
MAHESHWARI,Maheshwari Logistics Limited,73.38,75.5,2026-06-30,74.73,2026-06-30,18373,False,,2019-04-15,2026-08-21
MAHLIFE,Mahindra Lifespace Developers Limited,379.8,427.05,2025-12-01,421.7,2025-12-01,161637,False,20.0,2000-05-10,2026-08-21
MAHLOG,Mahindra Logistics Limited,401.15,450.0,2026-04-24,442.7,2026-04-23,233110,False,20.0,2017-11-10,2026-08-21
MAHSCOOTER,Maharashtra Scooters Limited,13131.0,18538.0,2025-09-15,18018.0,2025-09-17,5172,False,20.0,1995-02-08,2026-08-21
MAHSEAMLES,Maharashtra Seamless Limited,634.15,690.0,2026-04-23,675.05,2025-08-21,168203,False,20.0,2004-08-25,2026-08-21
MAITHANALL,Maithan Alloys Limited,977.1,1210.1,2026-06-18,1187.0,2025-09-18,36834,False,20.0,2011-07-05,2026-08-21
MALLCOM,Mallcom (India) Limited,974.5,1520.0,2025-10-21,1487.6,2025-10-21,2306,False,20.0,2022-02-02,2026-08-21
MALUPAPER,Malu Paper Mills Limited,31.24,45.57,2025-08-25,42.7,2025-08-25,23371,False,20.0,2006-04-05,2026-08-21
MAMATA,Mamata Machinery Limited,420.35,515.0,2025-09-19,499.4,2025-09-19,86379,False,20.0,2024-12-27,2026-08-21
MANAKALUCO,Manaksia Aluminium Company Limited,37.87,68.12,2026-01-20,64.88,2026-01-19,193610,False,20.0,2015-03-30,2026-08-21
MANAKCOAT,Manaksia Coated Metals & Industries Limited,125.37,182.82,2025-10-27,180.31,2025-10-27,531268,False,20.0,2015-03-30,2026-08-21
MANAKSIA,Manaksia Limited,58.87,73.55,2025-08-21,72.45,2025-08-21,21368,False,20.0,2008-01-08,2026-08-21
MANAKSTEEL,Manaksia Steels Limited,85.46,89.9,2026-08-07,88.13,2026-08-06,115795,False,5.0,2015-03-30,2026-08-21
MANALIPETC,Manali Petrochemicals Limited,74.02,78.72,2026-08-19,77.73,2026-08-20,1463351,False,20.0,2006-12-06,2026-08-21
MANAPPURAM,Manappuram Finance Limited,357.5,381.55,2026-07-30,371.85,2026-07-31,7501772,True,,2014-12-01,2026-08-21
MANBA,Manba Finance Limited,130.9,154.0,2026-07-28,146.37,2026-07-27,260090,False,20.0,2024-09-30,2026-08-21
MANCREDIT,Mangal Credit and Fincorp Limited,218.06,287.27,2026-08-07,257.36,2026-08-03,393809,False,20.0,2024-08-16,2026-08-21
MANGALAM,Mangalam Drugs And Organics Limited,27.68,84.21,2025-08-22,81.8,2025-08-22,22626,False,10.0,2005-05-23,2026-08-21
MANGLMCEM,Mangalam Cement Limited,1027.95,1036.65,2026-08-21,1027.95,2026-08-21,190990,False,20.0,1996-01-03,2026-08-21
MANINDS,Man Industries (India) Limited,715.4,735.0,2026-08-21,715.4,2026-08-21,1107353,False,20.0,2005-06-24,2026-08-21
MANINFRA,Man Infraconstruction Limited,108.67,169.6,2025-08-21,167.8,2025-08-21,2211615,False,20.0,2010-03-11,2026-08-21
MANKIND,Mankind Pharma Limited,2384.0,2674.0,2025-09-22,2660.6,2025-09-19,466141,True,,2023-05-09,2026-08-21
MANOMAY,Manomay Tex India Limited,217.19,259.88,2025-11-28,258.62,2025-11-28,119713,False,20.0,2023-01-18,2026-08-21
MANORAMA,Manorama Industries Limited,1927.3,2043.0,2026-08-17,1958.7,2026-08-20,977022,False,20.0,2022-07-01,2026-08-21
MANORG,Mangalam Organics Limited,470.75,637.0,2025-08-21,619.95,2026-05-11,13392,False,5.0,2021-11-02,2026-08-21
MANUGRAPH,Manugraph India Limited,16.02,24.0,2025-09-29,23.65,2025-09-01,13308,False,,2006-09-14,2026-08-21
MANYAVAR,Vedant Fashions Limited,544.15,796.55,2025-08-25,779.05,2025-08-25,2933383,False,20.0,2022-02-16,2026-08-21
MAPMYINDIA,C.E. Info Systems Limited,983.9,1998.0,2025-10-14,1949.2,2025-10-14,278813,False,20.0,2021-12-21,2026-08-21
MARALOVER,Maral Overseas Limited,56.34,65.79,2026-05-11,61.92,2026-05-11,22043,False,20.0,1995-02-08,2026-08-21
MARATHON,Marathon Nextgen Realty Limited,352.35,685.4,2025-09-22,673.2,2025-09-23,80176,False,20.0,2016-09-29,2026-08-21
MARICO,Marico Limited,849.25,889.1,2026-07-30,885.35,2026-07-30,1681990,True,,1996-05-01,2026-08-21
MARINE,Marine Electricals (India) Limited,375.65,395.0,2026-08-20,376.8,2026-08-18,1367588,False,20.0,2020-12-02,2026-08-21
MARKOLINES,Markolines Pavement Technologies Limited,171.56,191.75,2026-07-03,188.47,2026-07-02,150793,False,20.0,2025-10-14,2026-08-21
MARKSANS,Marksans Pharma Limited,321.3,345.5,2026-08-17,333.0,2026-08-14,5742677,False,20.0,2002-01-21,2026-08-21
MARUTI,Maruti Suzuki India Limited,13565.0,17370.0,2026-01-05,17292.0,2026-01-06,374983,True,,2003-07-09,2026-08-21
MASFIN,MAS Financial Services Limited,302.5,358.85,2026-05-04,347.4,2026-05-11,160530,False,20.0,2017-10-18,2026-08-21
MASKINVEST,Mask Investments Limited,146.66,246.09,2025-10-17,223.72,2025-10-16,169,False,5.0,2016-10-14,2026-08-21
MASTEK,Mastek Limited,1705.2,2625.0,2025-08-25,2607.3,2025-09-02,112200,False,20.0,1995-05-10,2026-08-21
MASTERTR,Master Trust Limited,84.99,166.89,2025-08-21,161.91,2025-10-03,378649,False,20.0,2024-11-12,2026-08-21
MATRIMONY,Matrimony.Com Limited,537.05,573.0,2026-01-23,569.45,2026-01-22,113764,False,20.0,2017-09-21,2026-08-21
MAWANASUG,Mawana Sugars Limited,152.54,158.9,2026-08-21,152.54,2026-08-21,470273,False,20.0,2009-03-20,2026-08-21
MAXESTATES,Max Estates Limited,494.85,510.0,2026-08-19,499.85,2026-08-20,143993,False,20.0,2023-10-30,2026-08-21
MAXHEALTH,Max Healthcare Institute Limited,1000.0,1256.0,2025-08-21,1250.1,2025-08-21,1910851,True,,2020-08-21,2026-08-21
MAXIND,Max India Limited,150.1,241.57,2025-09-25,224.11,2025-09-25,133961,False,20.0,2020-08-28,2026-08-21
MAYURUNIQ,Mayur Uniquoters Ltd,757.1,907.0,2026-07-03,883.8,2026-07-02,127471,False,20.0,2012-09-25,2026-08-21
MAZDA,Mazda Limited,234.41,308.0,2025-10-06,293.2,2025-09-03,8495,False,,2016-11-01,2026-08-21
MAZDOCK,Mazagon Dock Shipbuilders Limited,2552.0,3061.4,2025-09-22,2997.0,2025-09-17,938025,True,,2020-10-12,2026-08-21
MBAPL,Madhya Bharat Agro Products Limited,169.52,172.85,2026-08-17,169.52,2026-08-21,1099462,False,20.0,2019-08-22,2026-08-21
MBEL,M & B Engineering Limited,273.75,535.9,2025-11-10,514.25,2025-11-10,296119,False,20.0,2025-08-06,2026-08-21
MBLINFRA,MBL Infrastructure Limited,23.6,52.48,2025-09-17,49.07,2025-09-16,25993,False,5.0,2010-01-11,2026-08-21
MCL,M TEK COPPER LIMITED,58.23,93.2,2026-01-21,93.2,2026-01-21,66806,False,20.0,2020-08-19,2026-08-21
MCLEODRUSS,Mcleod Russel India Limited,49.31,78.41,2026-05-29,78.41,2026-05-29,258763,False,5.0,2005-07-29,2026-08-21
MCLOUD,Magellanic Cloud Limited,30.27,90.5,2025-08-21,85.12,2025-09-23,4766240,False,20.0,2025-02-07,2026-08-21
MCX,Multi Commodity Exchange of India Limited,3185.0,3480.0,2026-05-21,3441.7,2026-05-20,2625622,True,,2012-03-09,2026-08-21
MEDANTA,Global Health Limited,1409.7,1491.0,2026-08-10,1476.2,2026-08-10,256913,False,20.0,2022-11-16,2026-08-21
MEDIASSIST,Medi Assist Healthcare Services Limited,360.75,575.55,2025-11-03,571.15,2025-11-03,161838,False,20.0,2024-01-23,2026-08-21
MEDICAMEQ,Medicamen Biotech Limited,244.55,447.65,2025-11-25,415.95,2025-11-25,18139,False,20.0,2021-10-27,2026-08-21
MEDICO,Medico Remedies Limited,42.65,56.88,2025-12-24,54.24,2025-12-24,542786,False,20.0,2022-05-26,2026-08-21
MEDPLUS,Medplus Health Services Limited,689.55,1022.2,2026-05-21,953.9,2026-05-21,247831,False,20.0,2021-12-23,2026-08-21
MEGASTAR,Megastar Foods Limited,305.7,392.0,2026-07-13,383.35,2026-07-10,3892,False,20.0,2022-02-16,2026-08-21
MEIL,Mangal Electrical Industries Limited,259.55,573.7,2025-09-04,556.15,2025-09-04,36586,False,20.0,2025-08-28,2026-08-21
MENONBE,Menon Bearings Limited,274.64,291.9,2026-08-21,279.15,2026-08-20,72431,False,,2015-03-09,2026-08-21
METROBRAND,Metro Brands Limited,912.5,1340.4,2025-09-17,1321.2,2025-09-17,54226,False,20.0,2021-12-22,2026-08-21
METROPOLIS,Metropolis Healthcare Limited,556.95,609.05,2026-07-30,596.45,2026-08-03,283261,False,20.0,2019-04-15,2026-08-21
MFML,Mahalaxmi Fabric Mills Limited,19.22,36.99,2025-09-09,33.56,2025-09-09,4298,False,20.0,2024-08-27,2026-08-21
MFSL,Max Financial Services Limited,1585.0,1892.5,2026-02-23,1870.0,2026-02-23,853390,True,,2000-05-17,2026-08-21
MGEL,Mangalam Global Enterprise Limited,14.73,18.4,2025-09-26,17.99,2025-10-03,102230,False,,2020-12-23,2026-08-21
MGL,Mahanagar Gas Limited,1114.2,1378.0,2025-09-17,1363.2,2025-09-16,435537,False,20.0,2016-07-01,2026-08-21
MHLXMIRU,Mahalaxmi Rubtech Limited,188.99,244.65,2025-11-14,233.08,2025-11-18,34345,False,,2022-01-27,2026-08-21
MHRIL,Mahindra Holidays & Resorts India Limited,221.79,368.9,2025-09-22,362.35,2025-08-21,111846,False,20.0,2009-07-16,2026-08-21
MICEL,MIC Electronics Limited,36.24,82.97,2025-09-09,78.59,2025-09-08,184383,False,,2021-12-17,2026-08-21
MIDHANI,Mishra Dhatu Nigam Limited,423.95,456.6,2026-08-13,450.35,2026-06-09,1785433,False,20.0,2018-04-04,2026-08-21
MIDWESTLTD,Midwest Limited,1141.0,1859.9,2026-01-08,1803.6,2026-01-07,19520,False,10.0,2025-10-24,2026-08-21
MINDACORP,Minda Corporation Limited,727.85,769.0,2026-08-14,745.25,2026-08-18,770275,False,20.0,2014-10-16,2026-08-21
MINDTECK,Mindteck (India) Limited,171.27,307.68,2025-10-20,296.22,2025-10-21,43020,False,20.0,2016-08-02,2026-08-21
MIRZAINT,Mirza International Limited,31.3,44.0,2025-09-19,42.54,2025-09-19,178073,False,20.0,1999-04-28,2026-08-21
MITCON,MITCON Consultancy & Engineering Services Limited,79.49,91.7,2026-06-03,89.98,2026-06-05,3126,False,,2022-03-17,2026-08-21
MITTAL,Mittal Life Style Limited,0.88,1.82,2025-09-17,1.65,2025-08-22,426029,False,20.0,2020-04-29,2026-08-21
MKPL,M K Proteins Limited,4.13,8.85,2025-09-22,7.61,2025-09-23,85908,False,20.0,2023-06-13,2026-08-21
MMFL,MM Forgings Limited,652.6,687.95,2026-08-18,680.2,2026-08-18,240518,False,20.0,2006-12-20,2026-08-21
MMP,MMP Industries Limited,401.9,429.95,2026-08-21,406.35,2026-08-20,132817,False,20.0,2020-01-09,2026-08-21
MMTC,MMTC Limited,65.38,78.35,2026-06-17,76.03,2026-06-17,3553158,False,20.0,2012-04-09,2026-08-21
MOBIKWIK,One Mobikwik Systems Limited,196.81,334.0,2025-09-08,325.29,2025-09-08,1942706,False,20.0,2024-12-18,2026-08-21
MODIRUBBER,Modi Rubber Limited,134.24,167.5,2025-12-26,167.05,2025-12-26,4665,False,20.0,1996-02-07,2026-08-21
MODISONLTD,MODISON LIMITED,387.15,411.0,2026-08-20,405.95,2026-08-20,128173,False,,2021-05-03,2026-08-21
MODTHREAD,Modern Threads (India) Limited,58.31,65.65,2026-08-18,60.02,2025-08-21,31255,False,20.0,1995-11-22,2026-08-21
MOHITIND,Mohit Industries Limited,24.04,39.89,2025-09-11,38.06,2025-09-12,80712,False,20.0,2013-03-14,2026-08-21
MOIL,MOIL Limited,252.85,404.9,2025-10-06,393.9,2025-10-06,2540437,False,20.0,2010-12-15,2026-08-21
MOKSH,Moksh Ornaments Limited,10.58,16.65,2025-12-19,15.92,2025-12-18,73414,False,20.0,2021-05-21,2026-08-21
MOL,Meghmani Organics Limited,60.26,88.88,2025-08-21,86.69,2025-09-18,2851002,False,20.0,2021-08-18,2026-08-21
MOLDTECH,Mold-Tek Technologies Limited,190.0,221.0,2025-10-16,211.14,2025-10-16,407090,False,,2016-07-07,2026-08-21
MOLDTKPAC,Mold-Tek Packaging Limited,708.95,870.5,2025-09-05,840.05,2025-09-03,130380,False,20.0,2015-02-23,2026-08-21
MONARCH,Monarch Networth Capital Limited,385.45,406.95,2026-08-14,397.6,2026-07-27,446161,False,20.0,2022-01-06,2026-08-21
MONEYBOXX,Moneyboxx Finance Limited,55.15,91.5,2025-10-20,85.89,2025-10-16,16670,False,20.0,2025-10-15,2026-08-21
MONTECARLO,Monte Carlo Fashions Limited,547.85,860.95,2025-11-20,834.85,2025-11-20,83493,False,20.0,2014-12-19,2026-08-21
MOREPENLAB,Morepen Laboratories Limited,96.01,97.5,2026-08-20,96.47,2026-08-20,32371545,False,10.0,1999-11-24,2026-08-21
MOSCHIP,Moschip Technologies Limited,204.89,288.45,2025-10-08,283.78,2025-10-08,1964891,False,20.0,2025-02-05,2026-08-21
MOTHERSON,Samvardhana Motherson International Limited,169.38,173.27,2026-08-19,170.4,2026-08-18,21736054,True,,1996-08-14,2026-08-21
MOTILALOFS,Motilal Oswal Financial Services Limited,990.0,1097.1,2025-10-28,1091.3,2025-10-28,1192438,True,,2007-09-11,2026-08-21
MOTISONS,Motisons Jewellers Limited,17.0,20.81,2025-08-21,20.37,2025-08-21,63188298,False,20.0,2023-12-26,2026-08-21
MOTOGENFIN,The Motor & General Finance Limited,25.77,32.82,2026-05-29,30.16,2026-06-24,6670,False,,1995-02-08,2026-08-21
MPHASIS,MphasiS Limited,2430.0,3037.2,2025-09-18,3000.6,2025-09-18,550214,True,,2004-06-04,2026-08-21
MPSLTD,MPS Limited,2897.9,2979.0,2026-08-10,2931.2,2026-08-07,51965,False,20.0,2002-01-21,2026-08-21
MRF,MRF Limited,132665.0,163600.0,2025-10-24,162295.0,2025-10-23,4213,False,20.0,1996-09-18,2026-08-21
MRPL,Mangalore Refinery and Petrochemicals Limited,176.81,212.31,2026-03-06,206.77,2026-03-16,13239934,False,20.0,2005-01-07,2026-08-21
MSPL,MSP Steel & Power Limited,34.3,46.12,2026-06-22,44.75,2026-06-22,886905,False,10.0,2005-07-18,2026-08-21
MSTCLTD,Mstc Limited,701.45,743.9,2026-07-06,726.85,2026-07-06,325962,False,10.0,2019-03-29,2026-08-21
MSUMI,Motherson Sumi Wiring India Limited,38.36,53.59,2026-01-06,52.05,2026-01-05,10543053,False,20.0,2022-03-28,2026-08-21
MTARTECH,Mtar Technologies Limited,7029.5,8714.0,2026-06-19,8374.5,2026-06-19,189888,False,,2021-03-15,2026-08-21
MTEDUCARE,MT Educare Limited,1.82,2.53,2026-06-30,2.42,2026-06-30,39805,False,,2012-04-12,2026-08-21
MTNL,Mahanagar Telephone Nigam Limited,26.82,48.19,2025-08-22,46.09,2025-08-22,775902,False,20.0,1999-02-17,2026-08-21
MUFIN,Mufin Green Finance Limited,139.49,141.5,2026-08-21,139.51,2026-08-20,1354755,False,20.0,2023-11-06,2026-08-21
MUFTI,Credo Brands Marketing Limited,76.85,130.7,2025-09-04,128.15,2025-09-08,119528,False,20.0,2023-12-27,2026-08-21
MUKANDLTD,Mukand Limited,137.21,154.25,2026-05-18,148.95,2026-05-18,169383,False,20.0,2004-02-23,2026-08-21
MUKKA,Mukka Proteins Limited,26.59,31.23,2025-09-10,28.8,2025-09-10,660444,False,20.0,2024-03-07,2026-08-21
MUKTAARTS,Mukta Arts Limited,56.08,76.49,2025-08-21,75.2,2025-08-21,3328,False,,2000-09-12,2026-08-21
MUNJALAU,Munjal Auto Industries Limited,115.35,130.6,2026-08-17,120.53,2026-08-14,4267684,False,20.0,2006-07-19,2026-08-21
MUNJALSHOW,Munjal Showa Limited,131.02,150.9,2025-09-24,146.07,2025-09-24,108102,False,20.0,2003-05-12,2026-08-21
MURUDCERA,Murudeshwar Ceramics Limited,30.47,47.5,2025-09-11,45.43,2025-10-28,17012,False,20.0,2004-05-28,2026-08-21
MUTHOOTCAP,Muthoot Capital Services Limited,251.94,303.0,2025-11-14,294.35,2025-10-28,23022,False,20.0,2015-08-24,2026-08-21
MUTHOOTFIN,Muthoot Finance Limited,3022.0,4149.5,2026-01-29,4091.7,2026-01-29,1356825,True,,2011-05-06,2026-08-21
MUTHOOTMF,Muthoot Microfin Limited,210.87,262.77,2026-07-27,255.81,2026-07-28,739056,False,20.0,2023-12-26,2026-08-21
MVGJL,Manoj Vaibhav Gems N Jewellers Limited,149.6,214.79,2025-11-12,204.78,2025-08-22,79575,False,20.0,2023-10-03,2026-08-21
MWL,Mangalam Worldwide Limited,41.44,43.94,2026-08-07,43.04,2026-08-06,1501077,False,20.0,2025-09-18,2026-08-21
NACLIND,NACL Industries Limited,169.97,285.8,2025-08-29,283.85,2025-08-22,616442,False,20.0,2017-04-07,2026-08-21
NAGREEKCAP,Nagreeka Capital & Infrastructure Limited,22.7,42.75,2025-10-10,40.24,2025-10-10,6081,False,10.0,2007-09-18,2026-08-21
NAGREEKEXP,Nagreeka Exports Limited,22.41,40.0,2025-09-17,39.81,2025-09-16,135702,False,20.0,2007-06-18,2026-08-21
NAHARCAP,Nahar Capital and Financial Services Limited,255.09,307.0,2025-10-06,301.75,2025-08-22,8252,False,20.0,2008-03-11,2026-08-21
NAHARINDUS,Nahar Industrial Enterprises Limited,125.61,135.45,2026-08-10,130.44,2026-08-10,42097,False,20.0,2005-12-15,2026-08-21
NAHARPOLY,Nahar Poly Films Limited,238.75,338.8,2025-10-10,314.7,2025-10-08,30963,False,20.0,2007-03-23,2026-08-21
NAHARSPING,Nahar Spinning Mills Limited,299.8,349.0,2026-08-06,328.95,2026-08-05,63649,False,20.0,2007-03-23,2026-08-21
NAM-INDIA,Nippon Life India Asset Management Limited,1251.0,1266.2,2026-08-20,1251.0,2026-08-21,1073873,True,,2017-11-06,2026-08-21
NARMADA,Narmada Agrobase Limited,13.91,22.58,2026-06-10,21.78,2026-06-10,3070590,False,20.0,2022-10-27,2026-08-21
NATCAPSUQ,Natural Capsules Limited,151.88,296.0,2025-09-26,276.93,2025-09-29,31534,False,20.0,2025-02-14,2026-08-21
NATCOPHARM,Natco Pharma Limited,882.4,1226.8,2026-05-12,1206.0,2026-05-11,449866,False,20.0,1995-12-27,2026-08-21
NATHBIOGEN,Nath Bio-Genes (India) Limited,153.09,204.0,2026-04-30,196.01,2026-04-30,20966,False,20.0,2014-01-28,2026-08-21
NATIONALUM,National Aluminium Company Limited,394.45,445.15,2026-04-27,441.5,2026-04-28,8780153,True,,1999-04-28,2026-08-21
NAUKRI,Info Edge (India) Limited,1350.1,1437.8,2025-08-21,1417.7,2025-09-22,2175972,True,,2006-11-21,2026-08-21
NAVA,NAVA LIMITED,558.95,739.4,2026-05-11,730.4,2026-05-11,331022,False,20.0,1996-04-03,2026-08-21
NAVINFLUOR,Navin Fluorine International Limited,8206.5,8775.5,2026-08-06,8650.0,2026-08-06,352553,False,20.0,2007-06-01,2026-08-21
NAVKARCORP,Navkar Corporation Limited,97.04,132.5,2025-09-10,129.78,2025-09-09,283307,False,20.0,2015-09-09,2026-08-21
NAVKARURB,Navkar Urbanstructure Limited,0.97,2.93,2025-09-18,2.88,2025-09-18,548783,False,,2025-01-17,2026-08-21
NAVNETEDUL,Navneet Education Limited,133.62,168.5,2025-09-04,164.93,2025-10-30,255758,False,20.0,1995-02-08,2026-08-21
NAZARA,Nazara Technologies Limited,354.35,365.0,2026-08-20,357.5,2026-08-20,3190792,False,20.0,2021-03-30,2026-08-21
NBCC,NBCC (India) Limited,88.88,125.85,2025-12-29,122.67,2026-01-02,5867067,True,,2012-04-12,2026-08-21
NBIFIN,N. B. I. Industrial Finance Company Limited,1964.9,2991.0,2025-10-01,2764.1,2025-10-01,1111,False,20.0,2016-11-23,2026-08-21
NCC,NCC Limited,149.56,222.31,2025-09-16,218.79,2025-08-21,2580586,False,20.0,2003-10-14,2026-08-21
NCLIND,NCL Industries Limited,174.0,220.9,2025-08-21,217.53,2025-08-21,44898,False,20.0,2007-04-03,2026-08-21
NDGL,Naga Dhunseri Group Limited,2726.0,4158.8,2025-08-25,4149.2,2025-08-22,304,False,20.0,2016-08-29,2026-08-21
NDL,Nandan Denim Limited,2.71,3.75,2025-09-18,3.62,2025-09-18,1112306,False,20.0,2012-03-23,2026-08-21
NDLVENTURE,NDL Ventures Limited,119.04,140.0,2026-04-21,134.39,2026-06-19,38286,False,20.0,2007-04-24,2026-08-21
NDRAUTO,Ndr Auto Components Limited,756.1,1186.6,2025-09-18,1164.9,2025-09-18,29522,False,20.0,2020-07-30,2026-08-21
NDTV,New Delhi Television Limited,75.49,152.5,2025-08-21,150.86,2025-08-21,82698,False,20.0,2004-05-19,2026-08-21
NECCLTD,North Eastern Carrying Corporation Limited,15.8,24.01,2025-10-23,22.56,2025-10-28,34145,False,,2016-03-02,2026-08-21
NECLIFE,Nectar Lifesciences Limited,10.47,22.4,2025-12-23,22.25,2025-12-23,174961,False,10.0,2005-07-18,2026-08-21
NELCAST,Nelcast Limited,117.81,173.2,2026-05-08,163.87,2025-08-22,260538,False,20.0,2007-06-27,2026-08-21
NELCO,NELCO Limited,906.7,1120.0,2026-08-17,1081.5,2026-08-17,673136,False,20.0,2003-05-28,2026-08-21
NEOGEN,Neogen Chemicals Limited,2230.1,2483.9,2026-08-18,2328.8,2026-08-19,253956,False,20.0,2019-05-08,2026-08-21
NESCO,Nesco Limited,1035.8,1638.9,2025-09-11,1578.1,2025-09-11,39265,False,20.0,2008-04-08,2026-08-21
NESTLEIND,Nestle India Limited,1477.1,1553.0,2026-08-07,1540.0,2026-08-07,2334968,True,,2023-08-01,2026-08-21
NETWEB,Netweb Technologies India Limited,5601.0,5674.8,2026-08-21,5601.0,2026-08-21,1972149,False,20.0,2023-07-27,2026-08-21
NETWORK18,Network18 Media & Investments Limited,29.86,58.1,2025-09-17,56.25,2025-08-21,4734183,False,20.0,2007-02-02,2026-08-21
NEUEON,Neueon Corporation Limited,15.24,27.4,2026-05-18,26.1,2026-05-15,23985,False,,2013-09-11,2026-08-21
NEULANDLAB,Neuland Laboratories Limited,23301.0,23881.0,2026-08-18,23661.0,2026-08-17,113419,False,20.0,2008-10-13,2026-08-21
NEWGEN,Newgen Software Technologies Limited,522.7,1041.95,2025-10-29,996.55,2025-10-28,1687312,False,20.0,2018-01-29,2026-08-21
NEXTMEDIA,Next Mediaworks Limited,3.91,8.48,2025-10-30,7.09,2025-10-29,8392,False,20.0,2001-04-04,2026-08-21
NFL,National Fertilizers Limited,70.3,102.97,2025-09-04,100.7,2025-09-03,497819,False,20.0,2006-12-28,2026-08-21
NGIL,Nakoda Group of Industries Limited,39.95,43.89,2026-05-29,42.26,2026-08-14,43751,False,,2021-08-20,2026-08-21
NGLFINE,NGL Fine-Chem Limited,2947.7,3602.0,2026-08-12,3457.8,2026-08-10,16056,False,20.0,2022-07-08,2026-08-21
NH,Narayana Hrudayalaya Ltd.,1815.8,2093.3,2025-11-17,2080.3,2026-07-30,383350,False,20.0,2016-01-06,2026-08-21
NHPC,NHPC Limited,76.15,89.22,2025-09-19,88.61,2025-09-16,8986942,True,,2009-09-01,2026-08-21
NIACL,The New India Assurance Company Limited,184.13,218.0,2026-06-22,212.11,2026-06-22,2836144,False,20.0,2017-11-13,2026-08-21
NIBE,NIBE Limited,1490.8,1848.0,2026-06-22,1835.3,2026-06-22,83257,False,10.0,2025-02-07,2026-08-21
NIBL,NRB Industrial Bearings Limited,31.08,40.8,2025-12-31,37.84,2026-01-07,30026,False,20.0,2013-04-09,2026-08-21
NIITLTD,NIIT Limited,93.62,117.75,2025-08-21,114.81,2025-09-03,351750,False,20.0,2004-08-16,2026-08-21
NIITMTS,NIIT Learning Systems Limited,228.8,443.9,2025-12-26,437.0,2025-12-26,146944,False,20.0,2023-08-08,2026-08-21
NILAINFRA,Nila Infrastructures Limited,6.98,11.55,2025-09-29,11.18,2025-08-21,192894,False,20.0,2015-05-21,2026-08-21
NILASPACES,Nila Spaces Limited,13.08,20.47,2025-09-26,19.23,2025-10-21,763166,False,20.0,2018-12-28,2026-08-21
NILKAMAL,Nilkamal Limited,2053.6,2105.0,2026-08-19,2053.6,2026-08-21,175244,False,20.0,1995-11-01,2026-08-21
NINSYS,NINtec Systems Limited,715.2,935.0,2026-07-08,914.15,2026-07-09,5833,False,5.0,2023-02-21,2026-08-21
NIPPOBATRY,Indo-National Limited,329.25,505.9,2025-09-04,494.55,2025-09-04,2617,False,20.0,1999-10-06,2026-08-21
NIRAJ,Niraj Cement Structurals Limited,27.92,52.0,2025-08-21,50.16,2025-08-21,62922,False,20.0,2020-10-01,2026-08-21
NIRAJISPAT,Niraj Ispat Industries Limited,216.0,485.75,2025-09-01,485.75,2025-09-01,49,False,16.0,2016-10-27,2026-08-20
NITCO,Nitco Limited,93.36,129.64,2025-08-21,126.4,2025-08-21,639107,False,20.0,2006-03-21,2026-08-21
NITINSPIN,Nitin Spinners Limited,588.45,617.55,2026-08-19,606.9,2026-08-18,316815,False,20.0,2006-02-02,2026-08-21
NITIRAJ,Nitiraj Engineers Limited,198.91,236.98,2025-09-16,222.72,2026-07-20,3227,False,20.0,2021-04-22,2026-08-21
NIVABUPA,Niva Bupa Health Insurance Company Limited,82.62,91.4,2026-07-31,88.36,2026-07-15,1710219,False,20.0,2024-11-14,2026-08-21
NKIND,NK Industries Limited,67.62,87.78,2025-09-16,81.82,2025-09-16,16813,False,20.0,1995-07-07,2026-08-21
NLCINDIA,NLC India Limited,269.8,387.8,2026-05-14,370.9,2026-05-14,2143760,False,20.0,2000-08-23,2026-08-21
NMDC,NMDC Limited,84.61,97.49,2026-06-03,96.04,2026-06-03,18480865,True,,2008-03-03,2026-08-21
NOCIL,NOCIL Limited,167.02,204.5,2026-06-23,190.82,2026-06-22,1104153,False,20.0,1996-01-17,2026-08-21
NOIDATOLL,Noida Toll Bridge Company Limited,4.04,7.43,2026-05-22,7.17,2026-05-22,99882,False,,2002-12-06,2026-08-21
NORBTEAEXP,Norben Tea & Exports Limited,69.44,99.35,2026-01-02,99.35,2026-01-02,2015,False,5.0,1996-06-26,2026-08-21
NORTHARC,Northern Arc Capital Limited,288.35,334.0,2026-07-13,325.3,2026-07-10,720643,False,20.0,2024-09-24,2026-08-21
NOVAAGRI,Nova Agritech Limited,24.5,53.74,2025-08-25,52.53,2025-08-25,40502,False,,2024-01-31,2026-08-21
NPST,Network People Services Technologies Limited,1588.5,2388.3,2025-08-22,2342.9,2025-08-22,42023,False,20.0,2025-04-30,2026-08-21
NRAIL,N R Agarwal Industries Limited,503.85,574.0,2026-08-06,544.55,2026-08-07,21465,False,20.0,2017-04-05,2026-08-21
NRBBEARING,NRB Bearing Limited,486.1,503.9,2026-08-19,486.1,2026-08-21,620475,False,20.0,2000-03-08,2026-08-21
NRL,Nupur Recyclers Limited,117.66,118.0,2026-08-12,117.66,2026-08-21,59585,False,,2023-01-12,2026-08-21
NSIL,Nalwa Sons Investments Limited,5587.0,8730.0,2025-10-17,8373.0,2025-10-21,2055,False,20.0,2003-11-17,2026-08-21
NSLNISP,NMDC Steel Limited,39.79,53.75,2026-06-02,52.55,2026-06-02,4721733,False,20.0,2023-02-20,2026-08-21
NTPC,NTPC Limited,340.0,414.4,2026-04-27,410.2,2026-04-27,9110108,True,,2004-11-05,2026-08-21
NTPCGREEN,NTPC Green Energy Limited,91.43,119.95,2026-04-27,118.86,2026-04-27,2996417,False,20.0,2024-11-27,2026-08-21
NUCLEUS,Nucleus Software Exports Limited,740.4,1084.8,2025-09-18,1066.8,2025-09-18,48348,False,20.0,2002-12-19,2026-08-21
NURECA,Nureca Limited,306.7,358.0,2026-08-14,346.3,2026-08-14,21870,False,,2021-02-25,2026-08-21
NUVAMA,Nuvama Wealth Management Limited,1743.6,2066.0,2026-07-24,1980.1,2026-07-24,365340,False,20.0,2023-09-26,2026-08-21
NUVOCO,Nuvoco Vistas Corporation Limited,322.05,477.5,2025-09-04,470.6,2025-09-04,271706,False,20.0,2021-08-23,2026-08-21
NYKAA,FSN E-Commerce Ventures Limited,334.0,348.0,2026-08-05,344.9,2026-08-03,6845113,True,,2021-11-10,2026-08-21
OAL,Oriental Aromatics Limited,339.85,400.0,2026-07-30,398.45,2026-07-29,27799,False,20.0,2019-07-11,2026-08-21
OBCL,OBCL Limited,54.25,64.84,2025-08-25,60.38,2025-08-22,19261,False,20.0,2022-04-07,2026-08-21
OBEROIRLTY,Oberoi Realty Limited,1886.0,1986.1,2026-07-06,1953.4,2026-07-06,468198,True,,2010-10-20,2026-08-21
OCCLLTD,OCCL Limited,158.63,183.03,2026-08-04,180.37,2026-08-04,145848,False,,2024-10-29,2026-08-21
ODIGMA,Odigma Consultancy Solutions Limited,22.51,56.09,2025-09-22,56.09,2025-09-22,10415,False,5.0,2024-12-12,2026-08-21
OFSS,Oracle Financial Services Software Limited,11724.0,11979.0,2026-07-20,11896.0,2026-08-11,230567,True,,2002-06-28,2026-08-21
OIL,Oil India Limited,475.0,531.0,2026-05-14,518.3,2026-05-15,3235944,True,,2009-09-30,2026-08-21
OILCOUNTUB,Oil Country Tubular Limited,57.86,84.6,2025-09-10,83.85,2025-09-09,27028,False,,1995-08-30,2026-08-21
OLAELEC,Ola Electric Mobility Limited,37.73,71.25,2025-09-04,68.99,2025-09-03,44200812,False,20.0,2024-08-09,2026-08-21
OLECTRA,Olectra Greentech Limited,1318.4,1714.2,2025-09-23,1671.0,2025-09-23,339876,False,20.0,2002-03-20,2026-08-21
OMAXAUTO,Omax Autos Limited,196.3,263.4,2026-05-29,257.15,2026-06-01,102365,False,9.0,2003-02-20,2026-08-21
OMAXE,Omaxe Limited,102.55,108.61,2026-08-14,103.16,2026-08-20,2525146,False,20.0,2007-08-09,2026-08-21
OMFREIGHT,Om Freight Forwarders Limited,94.92,114.33,2026-07-01,111.76,2026-07-01,11912,False,,2025-10-08,2026-08-21
OMINFRAL,OM INFRA LIMITED,84.13,144.0,2025-09-23,137.14,2025-09-25,157380,False,20.0,2011-06-17,2026-08-21
ONELIFECAP,Onelife Capital Advisors Limited,33.51,40.1,2026-07-06,39.12,2026-07-06,84307,False,,2011-10-17,2026-08-21
ONEPOINT,One Point One Solutions Limited,56.17,65.85,2026-05-29,64.5,2026-05-28,1279064,False,20.0,2019-05-09,2026-08-21
ONESOURCE,Onesource Specialty Pharma Limited,1535.0,1925.0,2025-11-03,1899.0,2025-09-03,227386,False,20.0,2025-01-24,2026-08-21
ONGC,Oil & Natural Gas Corporation Limited,236.4,307.5,2026-04-29,301.4,2026-04-29,13279496,True,,1995-07-19,2026-08-21
ONIDA,Onida Electronics Limited,35.66,49.23,2026-05-11,46.12,2026-05-14,324872,False,5.0,2004-05-24,2026-08-21
ONMOBILE,OnMobile Global Limited,56.99,84.0,2026-07-03,80.03,2026-07-03,66458,False,,2008-02-19,2026-08-21
ONWARDTEC,Onward Technologies Limited,285.5,357.0,2025-09-03,341.2,2025-09-01,67949,False,20.0,2001-03-07,2026-08-21
OPTIEMUS,Optiemus Infracom Limited,540.2,713.0,2025-09-25,681.6,2025-10-10,204856,False,20.0,2017-08-08,2026-08-21
ORBTEXP,Orbit Exports Limited,225.12,278.61,2026-08-11,274.71,2026-08-11,26813,False,,2013-11-05,2026-08-21
ORCHASP,Orchasp Limited,1.41,4.16,2025-10-16,3.99,2025-10-15,368666,False,20.0,2025-02-07,2026-08-21
ORCHPHARMA,Orchid Pharma Limited,1002.05,1133.0,2026-08-11,1101.4,2026-07-15,77135,False,20.0,2020-11-02,2026-08-21
ORICONENT,Oricon Enterprises Limited,56.95,73.12,2026-04-15,69.12,2026-04-16,106955,False,20.0,2015-07-24,2026-08-21
ORIENTALTL,Oriental Trimex Limited,5.02,11.99,2025-09-15,11.03,2025-09-16,62433,False,20.0,2007-03-07,2026-08-21
ORIENTBELL,Orient Bell Limited,359.45,367.7,2026-08-13,361.95,2026-08-12,25853,False,20.0,2007-02-14,2026-08-21
ORIENTCEM,Orient Cement Limited,131.52,244.37,2025-08-21,242.84,2025-08-21,267370,False,20.0,2013-07-12,2026-08-21
ORIENTCER,ORIENT CERATECH LIMITED,45.63,56.64,2026-01-02,55.07,2026-01-02,78951,False,20.0,2005-12-15,2026-08-21
ORIENTELEC,Orient Electric Limited,185.08,219.0,2025-09-04,215.51,2025-09-03,680621,False,20.0,2018-05-14,2026-08-21
ORIENTHOT,Oriental Hotels Limited,138.67,149.5,2025-09-10,146.54,2026-07-21,3013075,False,20.0,1998-08-27,2026-08-21
ORIENTLTD,Orient Press Limited,81.16,102.3,2026-07-27,98.44,2026-07-27,42988,False,,2010-03-03,2026-08-21
ORIENTPPR,Orient Paper & Industries Limited,17.13,30.89,2025-08-25,29.38,2025-08-25,302467,False,20.0,1995-03-29,2026-08-21
ORIENTTECH,Orient Technologies Limited,243.65,466.73,2025-10-07,459.45,2025-10-06,596410,False,20.0,2024-08-28,2026-08-21
ORISSAMINE,The Orissa Minerals Development Company Limited,4617.5,6138.9,2025-10-06,5800.0,2025-10-06,62243,False,20.0,2010-09-29,2026-08-21
ORKLAINDIA,Orkla India Limited,552.2,760.0,2025-11-06,713.65,2025-11-06,101822,False,20.0,2025-11-06,2026-08-21
ORTINGLOBE,ORTIN GLOBAL LIMITED,15.89,21.3,2026-06-09,19.92,2026-06-08,16873,False,5.0,2021-03-30,2026-08-21
OSIAHYPER,Osia Hyper Retail Limited,2.87,33.08,2025-09-18,32.92,2025-09-17,560718,False,,2022-12-01,2026-08-21
OSWALAGRO,Oswal Agro Mills Limited,36.93,83.44,2025-08-22,81.9,2025-08-25,57893,False,10.0,1995-03-29,2026-08-21
OSWALGREEN,Oswal Greentech Limited,20.85,43.79,2025-09-30,42.6,2025-08-22,288865,False,20.0,1996-08-28,2026-08-21
OSWALPUMPS,Oswal Pumps Limited,299.6,888.4,2025-08-21,873.8,2025-08-22,713807,False,10.0,2025-06-20,2026-08-21
OSWALSEEDS,ShreeOswal Seeds And Chemicals Limited,12.67,20.28,2025-12-26,19.68,2025-12-26,307354,False,20.0,2023-02-28,2026-08-21
PACEDIGITK,Pace Digitek Limited,180.69,231.95,2025-10-10,227.93,2025-10-24,1088348,False,20.0,2025-10-06,2026-08-21
PAGEIND,Page Industries Limited,35480.0,47310.0,2025-08-25,46850.0,2025-08-25,33831,True,,2007-03-16,2026-08-21
PAISALO,Paisalo Digital Limited,69.79,77.39,2026-07-17,73.78,2026-07-16,9486341,False,20.0,2011-10-17,2026-08-21
PAKKA,PAKKA LIMITED,84.52,178.84,2025-09-17,170.42,2025-09-17,292598,False,20.0,2023-07-11,2026-08-21
PALASHSECU,Palash Securities Limited,88.92,134.8,2025-09-09,125.25,2025-09-16,2817,False,20.0,2017-07-28,2026-08-21
PALREDTEC,Palred Technologies Limited,55.6,73.6,2025-10-10,67.94,2025-10-10,5681,False,,2016-05-09,2026-08-21
PANACEABIO,Panacea Biotec Limited,411.1,647.0,2026-06-09,607.75,2026-06-09,169643,False,10.0,1996-04-17,2026-08-21
PANACHE,Panache Digilife Limited,533.15,559.4,2026-08-18,541.1,2026-08-19,13311,False,,2020-01-06,2026-08-21
PANAMAPET,Panama Petrochem Limited,485.2,599.6,2026-08-12,545.5,2026-08-11,1205742,False,20.0,2011-09-30,2026-08-21
PANSARI,Pansari Developers Limited,317.55,388.9,2026-07-10,365.3,2026-07-21,8583,False,20.0,2021-10-18,2026-08-21
PAR,Par Drugs And Chemicals Limited,101.33,122.43,2025-09-18,118.56,2025-09-18,11318,False,20.0,2021-09-16,2026-08-21
PARACABLES,Paramount Communications Limited,62.5,75.7,2026-07-02,74.13,2026-07-01,1680080,False,10.0,2007-01-03,2026-08-21
PARADEEP,Paradeep Phosphates Limited,148.48,232.22,2025-08-26,228.23,2025-09-01,13124598,False,20.0,2022-05-27,2026-08-21
PARAGMILK,Parag Milk Foods Limited,225.5,376.95,2025-11-13,371.6,2025-11-13,709362,False,20.0,2016-05-19,2026-08-21
PARAS,Paras Defence and Space Technologies Limited,1499.6,1585.0,2026-08-21,1527.3,2026-08-18,1471232,False,10.0,2021-10-01,2026-08-21
PARASPETRO,Paras Petrofils Limited,2.2,3.23,2026-02-02,2.89,2026-02-02,385875,False,5.0,1996-02-14,2026-08-21
PARKHOTELS,Apeejay Surrendra Park Hotels Limited,115.61,164.1,2025-09-11,160.9,2025-09-15,115310,False,20.0,2024-02-12,2026-08-21
PARSVNATH,Parsvnath Developers Limited,1.39,18.75,2025-10-28,17.9,2025-10-27,177086,False,,2006-11-30,2026-08-21
PASHUPATI,Pashupati Cotspin Limited,87.26,118.35,2026-04-17,101.45,2026-03-05,104827,False,20.0,2025-07-17,2026-08-21
PASUPTAC,Pasupati Acrylon Limited,61.71,78.95,2026-06-08,74.34,2026-06-08,76241,False,,2021-10-12,2026-08-21
PATANJALI,Patanjali Foods Limited,348.0,615.0,2025-09-04,609.55,2025-10-30,4823374,True,,2020-01-24,2026-08-21
PATELENG,Patel Engineering Limited,28.17,42.77,2025-09-19,40.66,2025-09-19,3601408,False,20.0,2005-02-24,2026-08-21
PATELRMART,Patel Retail Limited,234.11,305.0,2025-08-26,287.7,2025-08-26,101832,False,20.0,2025-08-26,2026-08-21
PATINTLOG,Patel Integrated Logistics Limited,13.62,16.9,2025-09-23,16.18,2026-06-29,49701,False,,2008-01-11,2026-08-21
PAVNAIND,Pavna Industries Limited,18.6,45.99,2025-08-22,44.53,2025-08-21,103117,False,20.0,2023-06-01,2026-08-21
PAYTM,One 97 Communications Limited,1632.0,1657.6,2026-08-14,1649.5,2026-08-13,4869411,True,,2021-11-18,2026-08-21
PCBL,PCBL Chemical Limited,317.55,425.95,2025-09-19,413.55,2025-09-19,3528612,False,20.0,1995-03-29,2026-08-21
PCJEWELLER,PC Jeweller Limited,10.22,15.38,2025-09-17,14.94,2025-09-18,170562583,False,20.0,2012-12-27,2026-08-21
PDMJEPAPER,Pudumjee Paper Products Limited,90.69,148.39,2025-08-25,143.45,2025-08-25,207840,False,20.0,2016-03-30,2026-08-21
PDSL,PDS Limited,369.7,418.5,2026-07-14,407.4,2025-11-20,125160,False,20.0,2014-10-21,2026-08-21
PEARLPOLY,Pearl Polymers Limited,15.71,35.02,2025-09-09,33.19,2025-08-21,7009,False,5.0,1995-10-11,2026-08-21
PENIND,Pennar Industries Limited,158.8,279.9,2025-11-07,275.95,2025-11-07,385096,False,20.0,2010-11-25,2026-08-21
PENINLAND,Peninsula Land Limited,15.5,39.64,2025-08-21,37.47,2025-09-16,51267,False,,1995-02-08,2026-08-21
PERSISTENT,Persistent Systems Limited,5667.5,6599.0,2025-12-23,6563.5,2025-12-22,600955,True,,2010-04-06,2026-08-21
PETRONET,Petronet LNG Limited,293.0,326.4,2026-02-27,323.4,2026-02-27,1893536,True,,2004-03-26,2026-08-21
PFC,Power Finance Corporation Limited,363.0,486.5,2026-04-28,481.4,2026-04-28,8614700,True,,2007-02-23,2026-08-21
PFIZER,Pfizer Limited,4978.2,5765.0,2025-08-22,5680.5,2025-08-21,63921,False,20.0,1999-04-28,2026-08-21
PFOCUS,Prime Focus Limited,296.95,367.0,2026-04-17,349.5,2026-04-06,1041950,False,20.0,2006-06-20,2026-08-21
PFS,PTC India Financial Services Limited,27.76,40.69,2025-08-21,40.13,2025-08-21,572834,False,20.0,2011-03-30,2026-08-21
PGEL,PG Electroplast Limited,600.55,644.4,2026-01-05,630.65,2026-08-07,2190157,True,,2011-09-26,2026-08-21
PGHH,Procter & Gamble Hygiene and Health Care Limited,8189.0,14509.0,2025-10-07,14380.0,2025-10-06,19431,False,20.0,2004-07-07,2026-08-21
PGHL,Procter & Gamble Health Limited,5828.5,6975.0,2026-07-15,6918.5,2026-07-14,18825,False,20.0,1996-04-24,2026-08-21
PGIL,Pearl Global Industries Limited,2386.1,2539.6,2026-08-07,2480.4,2026-08-12,210801,False,20.0,2007-02-15,2026-08-21
PHOENIXLTD,The Phoenix Mills Limited,1930.0,2169.8,2026-07-14,2154.0,2026-07-13,519942,True,,2007-04-23,2026-08-21
PICCADIL,Piccadily Agro Industries Limited,709.8,809.7,2026-08-11,784.5,2026-08-04,472446,False,20.0,2025-07-02,2026-08-21
PIDILITIND,Pidilite Industries Limited,1649.0,1707.5,2026-08-14,1701.5,2026-08-12,1103808,True,,1995-03-29,2026-08-21
PIGL,Power & Instrumentation (Gujarat) Limited,103.72,189.7,2025-09-29,180.86,2025-09-26,79129,False,20.0,2023-05-17,2026-08-21
PIIND,PI Industries Limited,2496.8,3917.8,2025-08-25,3896.2,2025-08-25,297537,True,,2011-06-15,2026-08-21
PILANIINVS,Pilani Investment and Industries Corporation Limited,4356.9,5980.0,2025-10-23,5809.5,2025-10-21,2323,False,20.0,2015-12-08,2026-08-21
PILITA,PIL ITALICA LIFESTYLE LIMITED,8.11,15.9,2025-09-15,15.19,2025-09-17,54400,False,5.0,2013-10-07,2026-08-21
PIONEEREMB,Pioneer Embroideries Limited,21.71,42.25,2025-08-25,38.67,2025-08-21,24112,False,20.0,2006-05-16,2026-08-21
PITTIENG,Pitti Engineering Limited,1052.2,1100.0,2026-08-17,1069.35,2026-08-19,114578,False,20.0,2007-02-02,2026-08-21
PIXTRANS,Pix Transmissions Limited,1809.1,2089.0,2026-08-11,1986.5,2026-08-10,94465,False,20.0,2022-04-28,2026-08-21
PKTEA,The Peria Karamalai Tea & Produce Company Limited,732.2,998.0,2025-12-26,923.7,2026-05-05,1264,False,20.0,2015-08-19,2026-08-21
PLASTIBLEN,Plastiblends India Limited,191.54,216.29,2026-07-14,204.51,2026-08-11,60448,False,20.0,2006-12-28,2026-08-21
PLATIND,Platinum Industries Limited,215.2,342.4,2025-09-17,325.1,2025-09-23,75467,False,20.0,2024-03-05,2026-08-21
PLAZACABLE,Plaza Wires Limited,52.08,65.0,2026-05-08,60.55,2026-05-08,64084,False,5.0,2023-10-12,2026-08-21
PNB,Punjab National Bank,116.55,135.15,2026-01-19,132.36,2026-01-16,13068340,True,,2002-04-24,2026-08-21
PNBGILTS,PNB Gilts Limited,79.65,108.54,2025-08-21,105.61,2025-08-21,246870,False,20.0,2000-09-18,2026-08-21
PNBHOUSING,PNB Housing Finance Limited,1170.3,1207.0,2026-08-20,1175.5,2026-08-20,1195647,True,,2016-11-07,2026-08-21
PNC,Pritish Nandy Communications Limited,18.15,40.64,2025-09-03,37.97,2025-09-02,11689,False,20.0,2000-12-11,2026-08-21
PNCINFRA,PNC Infratech Limited,206.76,325.0,2025-09-17,313.05,2025-09-05,758518,False,20.0,2015-05-26,2026-08-21
PNGJL,P N Gadgil Jewellers Limited,602.9,736.4,2026-05-08,727.9,2026-05-08,778595,False,10.0,2024-09-17,2026-08-21
POCL,Pondy Oxides & Chemicals Limited,502.45,647.6,2026-05-14,617.92,2026-05-15,533131,False,20.0,2023-03-06,2026-08-21
PODDARMENT,Poddar Pigments Limited,249.45,297.95,2025-09-17,292.1,2025-09-16,5562,False,20.0,2016-11-22,2026-08-21
POKARNA,Pokarna Limited,897.7,1146.2,2026-02-05,1132.4,2026-06-24,106230,False,20.0,2016-07-07,2026-08-21
POLICYBZR,PB Fintech Limited,1795.2,1974.0,2025-09-04,1957.3,2025-12-09,1151698,True,,2021-11-15,2026-08-21
POLYCAB,Polycab India Limited,8966.0,10126.0,2026-06-22,10083.0,2026-06-19,261944,True,,2019-04-16,2026-08-21
POLYMED,Poly Medicure Limited,1719.4,2144.9,2025-09-04,2121.8,2025-08-25,193530,False,20.0,2011-12-07,2026-08-21
POLYPLEX,Polyplex Corporation Limited,1194.1,1264.0,2026-08-12,1229.6,2026-08-11,127763,False,20.0,2003-04-11,2026-08-21
PONNIERODE,Ponni Sugars (Erode) Limited,419.55,433.5,2026-08-20,421.35,2026-08-20,89076,False,20.0,2002-04-16,2026-08-21
POONAWALLA,Poonawalla Fincorp Limited,490.05,570.4,2025-10-06,542.5,2025-10-15,1315678,False,20.0,2004-04-27,2026-08-21
POWERGRID,Power Grid Corporation of India Limited,272.4,324.95,2026-04-27,320.9,2026-04-27,9227919,True,,2007-10-05,2026-08-21
POWERINDIA,Hitachi Energy India Limited,34190.0,38785.0,2026-06-01,38445.0,2026-05-29,141242,True,,2020-03-30,2026-08-21
POWERMECH,Power Mech Projects Limited,2502.4,3243.0,2025-08-25,3219.7,2025-08-25,78585,False,20.0,2015-08-26,2026-08-21
PPAP,PPAP Automotive Limited,270.8,379.5,2026-07-13,372.14,2026-07-13,19074,False,,2008-01-11,2026-08-21
PPL,Prakash Pipes Limited,271.6,350.8,2025-08-21,334.6,2025-08-21,28293,False,,2019-06-14,2026-08-21
PPLPHARMA,Piramal Pharma Limited,213.67,220.36,2026-08-21,216.66,2026-08-20,7358650,False,20.0,2022-10-19,2026-08-21
PRABHA,Prabha Energy Limited,217.66,272.35,2025-08-21,258.75,2025-08-21,672975,False,20.0,2025-03-19,2026-08-21
PRAENG,Prajay Engineers Syndicate Limited,19.04,33.88,2025-10-31,33.15,2025-10-30,42419,False,20.0,2007-01-02,2026-08-21
PRAJIND,Praj Industries Limited,344.35,433.0,2025-09-02,418.4,2025-09-02,1327874,False,20.0,1995-10-11,2026-08-21
PRAKASH,Prakash Industries Limited,128.6,177.0,2025-09-26,173.05,2025-09-25,587295,False,20.0,1995-05-10,2026-08-21
PRAKASHSTL,Prakash Steelage Limited,3.91,6.57,2025-12-30,6.0,2025-12-29,102155,False,20.0,2010-08-25,2026-08-21
PRAXIS,Praxis Home Retail Limited,5.45,14.44,2025-10-10,14.1,2025-08-29,200793,False,5.0,2018-01-31,2026-08-21
PRECAM,Precision Camshafts Limited,130.58,262.0,2025-09-09,254.93,2025-09-09,126510,False,20.0,2016-02-08,2026-08-21
PRECOT,Precot Limited,697.35,899.0,2026-08-13,855.4,2026-07-21,10967,False,20.0,2005-08-19,2026-08-21
PRECWIRE,Precision Wires India Limited,438.5,474.9,2026-08-13,468.65,2026-08-13,821731,False,20.0,1995-09-06,2026-08-21
PREMEXPLN,Premier Explosives Limited,665.15,829.8,2026-06-30,808.5,2026-06-29,281507,False,20.0,2016-06-17,2026-08-21
PREMIER,Premier Limited,2.74,3.88,2025-10-10,3.78,2025-10-20,8030,False,,1996-04-03,2026-08-21
PREMIERENE,Premier Energies Limited,1053.0,1134.0,2026-07-10,1117.2,2026-07-10,969501,True,,2024-09-03,2026-08-21
PREMIERPOL,Premier Polyfilm Limited,86.97,94.14,2026-08-19,91.61,2026-08-19,742299,False,20.0,1995-12-13,2026-08-21
PRESTIGE,Prestige Estates Projects Limited,1631.0,1805.2,2025-11-03,1784.8,2025-10-27,600988,True,,2010-10-27,2026-08-21
PRICOLLTD,Pricol Limited,797.2,823.0,2026-08-20,806.55,2026-08-17,782175,False,20.0,2017-02-10,2026-08-21
PRIMESECU,Prime Securities Limited,276.65,325.0,2025-11-18,320.25,2025-11-11,44095,False,20.0,2005-06-17,2026-08-21
PRIMO,Primo Chemicals Limited,20.89,27.59,2025-08-21,26.99,2025-08-21,287200,False,20.0,2025-04-22,2026-08-21
PRINCEPIPE,Prince Pipes And Fittings Limited,283.3,358.0,2025-08-21,345.45,2025-08-21,264449,False,20.0,2019-12-30,2026-08-21
PRITI,Priti International Limited,33.48,85.0,2025-10-20,78.92,2025-08-21,6261,False,,2022-03-02,2026-08-21
PRITIKAUTO,Pritika Auto Industries Limited,17.63,20.99,2026-06-22,19.99,2026-06-22,82193,False,,2021-08-10,2026-08-21
PRIVISCL,Privi Speciality Chemicals Limited,3479.7,3785.3,2026-07-22,3750.8,2026-07-02,83507,False,20.0,2015-05-08,2026-08-21
PROSTARM,Prostarm Info Systems Limited,138.72,237.0,2025-09-16,229.35,2025-09-16,332049,False,20.0,2025-06-03,2026-08-21
PROTEAN,Protean eGov Technologies Limited,551.05,945.5,2025-09-03,913.85,2025-09-18,311233,False,20.0,2025-02-06,2026-08-21
PROZONER,Prozone Realty Limited,41.73,72.77,2025-10-29,72.77,2025-10-29,136631,False,20.0,2012-09-12,2026-08-21
PRSMJOHNSN,Prism Johnson Limited,107.97,176.0,2025-09-18,168.8,2025-09-25,4895656,False,20.0,2003-08-20,2026-08-21
PRUDENT,Prudent Corporate Advisory Services Limited,3353.5,3455.0,2026-08-20,3401.4,2026-08-11,61514,False,20.0,2022-05-20,2026-08-21
PRUDMOULI,Prudential Sugar Corporation Limited,15.24,42.1,2025-08-29,39.58,2025-09-01,12574,False,,1995-05-10,2026-08-21
PSB,Punjab & Sind Bank,23.46,32.46,2025-10-31,31.86,2025-11-03,1077805,False,20.0,2010-12-30,2026-08-21
PSPPROJECT,PSP Projects Limited,911.95,1143.0,2026-07-06,1099.0,2026-07-06,104686,False,20.0,2017-05-29,2026-08-21
PTC,PTC India Limited,156.56,229.51,2026-05-07,227.38,2026-05-07,3441096,False,20.0,2004-04-07,2026-08-21
PTCIL,PTC Industries Limited,20629.0,20789.0,2026-08-21,20629.0,2026-08-21,34635,False,20.0,2023-06-09,2026-08-21
PTL,PTL Enterprises Limited,38.33,43.77,2026-06-25,43.18,2026-06-22,36208,False,20.0,2007-01-29,2026-08-21
PUNJABCHEM,Punjab Chemicals & Crop Protection Limited,1148.0,1533.9,2025-11-03,1493.1,2025-10-31,21722,False,20.0,2007-03-08,2026-08-21
PURVA,Puravankara Limited,219.36,305.0,2025-09-02,291.8,2025-09-03,1372571,False,20.0,2007-08-30,2026-08-21
PVP,PVP Ventures Limited,45.35,45.9,2026-08-21,45.35,2026-08-21,2696858,False,20.0,1996-04-03,2026-08-21
PVRINOX,PVR INOX Limited,1216.8,1249.7,2025-10-30,1241.0,2025-10-30,408649,False,20.0,2006-01-04,2026-08-21
PVSL,Popular Vehicles and Services Limited,109.67,163.0,2025-10-16,155.24,2025-11-04,65656,False,20.0,2024-03-19,2026-08-21
PYRAMID,Pyramid Technoplast Limited,163.43,198.69,2026-07-28,195.96,2026-07-27,360361,False,20.0,2023-08-29,2026-08-21
QMSMEDI,QMS Medical Allied Services Limited,148.39,148.39,2026-08-21,148.39,2026-08-21,40532,False,,2026-06-18,2026-08-21
QPOWER,Quality Power Electrical Equipments Limited,1305.6,1441.0,2026-04-28,1398.7,2026-04-27,202631,False,5.0,2025-02-24,2026-08-21
QUADFUTURE,Quadrant Future Tek Limited,405.35,502.4,2025-09-05,483.2,2025-09-05,637184,False,20.0,2025-01-14,2026-08-21
QUESS,Quess Corp Limited,335.85,350.75,2026-08-18,345.05,2026-08-03,1484124,False,20.0,2016-07-12,2026-08-21
QUICKHEAL,Quick Heal Technologies Limited,142.87,371.4,2025-10-16,347.55,2025-10-16,51887,False,,2016-02-18,2026-08-21
RACE,Race Eco Chain Limited,102.53,252.0,2025-09-10,248.57,2025-09-10,11283,False,20.0,2023-05-09,2026-08-21
RACLGEAR,RACL Geartech Limited,1512.0,1691.9,2026-02-17,1631.8,2026-02-17,55544,False,20.0,2024-11-27,2026-08-21
RADAAN,Radaan Mediaworks India Limited,3.0,3.99,2025-12-17,3.86,2025-12-16,64278,False,20.0,2003-02-27,2026-08-21
RADHIKAJWE,Radhika Jeweltech Limited,67.56,101.9,2025-08-21,99.79,2025-08-21,1726873,False,20.0,2022-07-18,2026-08-21
RADIANTCMS,Radiant Cash Management Services Limited,34.52,62.3,2025-09-01,61.49,2025-09-01,132500,False,20.0,2023-01-04,2026-08-21
RADICO,Radico Khaitan Limited,4639.8,4747.0,2026-08-19,4732.9,2026-08-18,483301,True,,2003-06-18,2026-08-21
RADIOCITY,Music Broadcast Limited,6.69,9.25,2025-09-22,8.88,2025-09-22,70463,False,20.0,2017-03-17,2026-08-21
RAILTEL,Railtel Corporation Of India Limited,287.25,412.9,2025-09-17,400.9,2025-09-17,1196911,False,20.0,2021-02-26,2026-08-21
RAIN,Rain Industries Limited,208.61,252.0,2026-08-07,243.0,2026-08-06,5850120,False,20.0,2008-03-03,2026-08-21
RAINBOW,Rainbow Childrens Medicare Limited,1433.2,1610.0,2026-08-05,1598.6,2026-08-05,104783,False,20.0,2022-05-10,2026-08-21
RAJMET,Rajnandini Metal Limited,3.5,5.28,2025-12-30,4.88,2026-01-01,198237,False,20.0,2021-02-16,2026-08-21
RAJOOENG,Rajoo Engineers Limited,50.36,109.5,2025-08-21,107.99,2025-08-21,133633,False,,2025-05-29,2026-08-21
RAJRATAN,Rajratan Global Wire Limited,501.75,563.95,2026-08-05,540.05,2026-08-04,163524,False,20.0,2020-05-22,2026-08-21
RAJRILTD,Raj Rayon Industries Limited,22.72,28.9,2025-09-25,28.49,2025-09-26,14262,False,,2022-03-16,2026-08-21
RAJSREESUG,Rajshree Sugars & Chemicals Limited,39.1,49.7,2025-09-03,46.97,2025-09-03,111025,False,20.0,1995-03-29,2026-08-21
RAJTV,Raj Television Network Limited,10.49,46.9,2025-12-17,44.75,2025-08-22,65324,False,5.0,2007-03-16,2026-08-21
RALLIS,Rallis India Limited,212.18,385.7,2025-08-21,381.05,2025-08-25,785147,False,20.0,1999-04-01,2026-08-21
RAMANEWS,Shree Rama Newsprint Limited,31.79,42.0,2026-03-11,39.41,2026-03-11,57211,False,20.0,2006-09-20,2026-08-21
RAMAPHO,Rama Phosphates Limited,121.05,217.19,2025-11-10,210.99,2025-11-10,36971,False,20.0,2022-08-05,2026-08-21
RAMASTEEL,Rama Steel Tubes Limited,4.01,11.58,2025-09-16,11.01,2025-12-11,1591067,False,,2015-08-19,2026-08-21
RAMCOCEM,The Ramco Cements Limited,899.05,1214.5,2026-02-09,1204.9,2026-02-09,273903,False,20.0,1997-04-09,2026-08-21
RAMCOIND,Ramco Industries Limited,347.0,398.05,2025-09-22,391.3,2025-09-19,1375883,False,20.0,1996-11-06,2026-08-21
RAMCOSYS,Ramco Systems Limited,543.65,967.5,2026-07-07,886.15,2026-07-13,332397,False,5.0,2000-04-12,2026-08-21
RAMKY,Ramky Infrastructure Limited,392.2,705.0,2025-10-07,649.5,2025-10-24,35835,False,20.0,2010-10-08,2026-08-21
RAMRAT,Ram Ratna Wires Limited,477.35,520.0,2026-05-27,486.5,2026-08-20,335832,False,20.0,2022-07-29,2026-08-21
RANASUG,Rana Sugars Limited,14.96,15.69,2025-09-02,15.21,2026-08-20,621725,False,20.0,2005-02-24,2026-08-21
RANEHOLDIN,Rane Holdings Limited,1615.6,1894.5,2026-08-04,1872.6,2026-08-03,25203,False,20.0,1997-09-24,2026-08-21
RATEGAIN,Rategain Travel Technologies Limited,990.05,1050.0,2026-08-06,990.05,2026-08-21,655042,False,20.0,2021-12-17,2026-08-21
RATNAMANI,Ratnamani Metals & Tubes Limited,2354.4,3345.0,2026-05-11,3046.2,2026-05-11,58663,False,20.0,2006-05-09,2026-08-21
RATNAVEER,Ratnaveer Precision Engineering Limited,267.04,282.98,2026-08-21,269.24,2026-08-20,13514778,False,20.0,2023-09-11,2026-08-21
RAYMOND,Raymond Limited,643.15,658.95,2026-08-20,656.65,2026-08-20,564939,False,20.0,1995-10-18,2026-08-21
RAYMONDLSL,Raymond Lifestyle Limited,726.95,1350.0,2025-09-16,1329.8,2025-09-16,195564,False,20.0,2024-09-05,2026-08-21
RAYMONDREL,Raymond Realty Limited,576.9,734.9,2026-07-13,722.75,2026-07-13,344317,False,20.0,2025-07-01,2026-08-21
RBA,Restaurant Brands Asia Limited,104.24,108.41,2026-08-18,106.34,2026-08-18,23342510,False,10.0,2020-12-14,2026-08-21
RBLBANK,RBL Bank Limited,392.5,393.9,2026-08-20,392.5,2026-08-21,3487764,True,,2016-08-31,2026-08-21
RBZJEWEL,RBZ Jewellers Limited,138.09,179.0,2025-11-12,166.07,2025-11-12,79290,False,20.0,2023-12-27,2026-08-21
RCF,Rashtriya Chemicals and Fertilizers Limited,118.16,164.49,2025-09-04,161.41,2025-09-03,707501,False,20.0,1998-01-07,2026-08-21
RCOM,Reliance Communications Limited,0.8,1.83,2025-08-22,1.82,2025-08-22,2447104,False,,2006-03-06,2026-08-21
RECLTD,REC Limited,326.65,390.5,2025-09-18,386.7,2025-09-23,6171517,True,,2008-03-12,2026-08-21
REDINGTON,Redington Limited,350.55,364.5,2026-08-11,354.85,2026-08-07,12065853,False,20.0,2007-02-15,2026-08-21
REDTAPE,Redtape Limited,122.88,163.5,2025-09-19,161.12,2025-09-19,532590,False,20.0,2023-08-11,2026-08-21
REFEX,Refex Industries Limited,293.95,415.0,2025-09-24,400.45,2025-09-24,562249,False,20.0,2009-12-03,2026-08-21
REGAAL,Regaal Resources Limited,95.96,137.4,2025-08-21,126.81,2025-08-21,374870,False,20.0,2025-08-20,2026-08-21
REGENCERAM,Regency Ceramics Limited,35.91,54.99,2025-10-23,49.94,2025-10-24,28901,False,20.0,1996-06-05,2026-08-21
RELAXO,Relaxo Footwears Limited,376.6,526.0,2025-09-04,499.4,2025-09-03,342357,False,20.0,2011-06-17,2026-08-21
RELCHEMQ,Reliance Chemotex Industries Limited,112.18,174.07,2025-08-25,169.41,2025-08-21,5205,False,20.0,2022-05-25,2026-08-21
RELIABLE,Reliable Data Services Limited,138.54,175.0,2026-02-04,168.87,2026-01-07,57017,False,20.0,2024-07-10,2026-08-21
RELIANCE,Reliance Industries Limited,1316.0,1611.8,2026-01-05,1592.3,2026-01-02,10400655,True,,1995-11-29,2026-08-21
RELIGARE,Religare Enterprises Limited,231.6,280.0,2026-06-25,278.36,2026-06-24,1065834,False,20.0,2007-11-21,2026-08-21
RELINFRA,Reliance Infrastructure Limited,63.16,303.0,2025-08-21,302.75,2025-08-21,438950,False,,1995-02-08,2026-08-21
RELTD,Ravindra Energy Limited,167.63,196.45,2026-07-09,183.08,2026-07-07,205736,False,20.0,2024-07-30,2026-08-21
REMSONSIND,Remsons Industries Limited,84.9,152.45,2025-11-04,150.25,2025-11-03,108698,False,20.0,1996-01-31,2026-08-21
RENUKA,Shree Renuka Sugars Limited,25.14,33.5,2025-09-02,32.53,2025-09-03,15319543,False,20.0,2005-10-31,2026-08-21
REPCOHOME,Repco Home Finance Limited,359.05,455.9,2025-11-06,450.2,2025-11-04,113120,False,20.0,2013-04-01,2026-08-21
REPL,Rudrabhishek Enterprises Limited,64.7,171.9,2025-08-25,169.6,2025-08-21,3721,False,,2020-12-14,2026-08-21
REPRO,Repro India Limited,324.0,590.0,2025-11-14,576.75,2025-11-13,28166,False,20.0,2005-12-22,2026-08-21
RESPONIND,Responsive Industries Limited,155.06,240.9,2026-07-20,221.39,2025-12-02,107849,False,20.0,2010-10-29,2026-08-21
RETAIL,JHS Svendgaard Retail Ventures Limited,17.01,44.13,2025-08-21,43.08,2025-08-21,5084,False,20.0,2024-06-26,2026-08-21
RGL,Renaissance Global Limited,131.26,147.9,2026-02-26,145.8,2026-02-26,998408,False,20.0,2007-12-12,2026-08-21
RHETAN,Rhetan TMT Limited,24.22,34.87,2026-08-11,33.76,2026-08-10,17094863,False,10.0,2025-09-26,2026-08-21
RHIM,RHI MAGNESITA INDIA LIMITED,375.25,510.0,2025-08-21,499.5,2025-08-21,757119,False,20.0,2012-03-12,2026-08-21
RHL,Robust Hotels Limited,169.22,309.9,2025-09-03,305.4,2025-09-02,3279,False,20.0,2023-04-25,2026-08-21
RICOAUTO,Rico Auto Industries Limited,129.95,157.99,2026-08-05,155.81,2026-08-05,2873222,False,20.0,2003-05-12,2026-08-21
RIIL,Reliance Industrial Infrastructure Limited,786.1,964.9,2025-09-08,939.9,2025-09-03,98554,False,20.0,1995-11-29,2026-08-21
RISHABH,Rishabh Instruments Limited,669.3,729.85,2026-08-20,695.0,2026-08-19,358092,False,20.0,2023-09-11,2026-08-21
RITCO,Ritco Logistics Limited,317.9,327.5,2026-08-21,322.7,2026-08-20,191373,False,20.0,2022-04-12,2026-08-21
RITES,RITES Limited,218.08,280.9,2025-09-15,275.14,2025-09-16,734980,False,20.0,2018-07-02,2026-08-21
RKDL,Ravi Kumar Distilleries Limited,18.28,32.48,2025-09-17,29.64,2025-09-12,11903,False,20.0,2010-12-27,2026-08-21
RKEC,RKEC Projects Limited,22.47,81.5,2025-09-23,79.81,2025-09-24,42119,False,20.0,2020-12-18,2026-08-21
RKFORGE,Ramkrishna Forgings Limited,737.05,772.8,2026-08-19,755.0,2026-08-17,2117647,False,20.0,2004-05-05,2026-08-21
RKSWAMY,R K Swamy Limited,95.45,163.89,2025-09-18,159.57,2025-08-22,60275,False,20.0,2024-03-12,2026-08-21
RMDRIP,R M Drip and Sprinklers Systems Limited,18.37,72.22,2026-02-25,71.42,2026-02-24,861317,False,,2025-07-30,2026-08-21
RML,Rane (Madras) Limited,1101.0,1323.9,2026-07-09,1299.6,2026-07-10,63274,False,20.0,2005-08-30,2026-08-21
RNBDENIMS,R&B Denims Limited,7.73,67.67,2026-02-25,66.4,2026-02-24,228539,False,5.0,2025-09-04,2026-08-21
ROHLTD,Royal Orchid Hotels Limited,302.7,593.4,2025-09-02,560.95,2025-09-02,26707,False,20.0,2006-02-06,2026-08-21
ROLEXRINGS,Rolex Rings Limited,183.37,189.4,2026-08-21,185.82,2026-08-20,7525882,False,20.0,2021-08-09,2026-08-21
ROLLT,Rollatainers Limited,3.64,3.74,2026-06-23,3.64,2026-08-21,520192,False,,2016-11-22,2026-08-21
ROML,Raj Oil Mills Limited,43.6,62.0,2025-10-07,61.04,2025-10-06,1873,False,20.0,2020-10-06,2026-08-21
ROSSARI,Rossari Biotech Limited,501.75,690.3,2025-10-16,675.05,2025-09-19,86952,False,20.0,2020-07-23,2026-08-21
ROSSELLIND,Rossell India Limited,55.94,69.85,2025-08-25,67.69,2025-09-02,29142,False,20.0,2012-09-25,2026-08-21
ROSSTECH,Rossell Techsys Limited,1074.2,1172.0,2026-08-18,1108.9,2026-08-17,364022,False,20.0,2024-12-09,2026-08-21
ROTO,Roto Pumps Limited,65.58,88.51,2025-08-21,86.3,2025-08-21,511083,False,20.0,2022-04-21,2026-08-21
ROUTE,ROUTE MOBILE LIMITED,502.3,907.05,2025-08-21,892.35,2025-08-21,297438,False,20.0,2020-09-21,2026-08-21
RPEL,Raghav Productivity Enhancers Limited,1689.8,1700.0,2026-08-21,1689.8,2026-08-21,92298,False,10.0,2024-08-08,2026-08-21
RPGLIFE,RPG Life Sciences Limited,2636.6,3082.0,2026-07-21,3017.1,2026-07-20,16649,False,20.0,2008-06-10,2026-08-21
RPOWER,Reliance Power Limited,23.45,50.85,2025-08-22,50.09,2025-08-21,21132207,False,20.0,2008-02-11,2026-08-21
RPPINFRA,R.P.P. Infra Projects Limited,57.64,169.9,2025-09-02,157.76,2025-09-01,345076,False,20.0,2010-12-06,2026-08-21
RPPL,Rajshree Polypack Limited,23.57,26.97,2026-08-07,26.11,2026-08-10,161383,False,,2021-11-26,2026-08-21
RPSGVENT,RPSG VENTURES LIMITED,866.25,1179.0,2026-04-07,1116.45,2026-04-06,32245,False,10.0,2019-01-25,2026-08-21
RPTECH,Rashi Peripherals Limited,876.9,967.7,2026-08-05,902.85,2026-08-05,573941,False,20.0,2024-02-14,2026-08-21
RRKABEL,R R Kabel Limited,2919.3,2931.4,2026-08-21,2919.3,2026-08-21,673705,False,20.0,2023-09-20,2026-08-21
RSSOFTWARE,R. S. Software (India) Limited,30.32,82.0,2025-09-23,80.7,2025-09-23,23760,False,5.0,1999-05-19,2026-08-21
RSWM,RSWM Limited,204.83,238.0,2026-08-05,235.26,2026-08-04,65383,False,,1995-02-15,2026-08-21
RSYSTEMS,R Systems International Limited,239.25,496.9,2025-08-22,474.55,2025-08-25,341236,False,20.0,2006-04-26,2026-08-21
RTNINDIA,RattanIndia Enterprises Limited,30.45,64.0,2025-09-05,61.97,2025-09-05,1324123,False,20.0,2012-07-30,2026-08-21
RTNPOWER,RattanIndia Power Limited,7.89,12.9,2025-08-21,12.5,2025-09-08,12955956,False,20.0,2009-10-30,2026-08-21
RUBFILA,Rubfila International Limited,69.45,89.24,2025-09-04,86.34,2025-09-05,33577,False,20.0,2024-08-08,2026-08-21
RUBICON,Rubicon Research Limited,1724.7,1820.1,2026-08-19,1804.1,2026-08-18,409616,False,20.0,2025-10-16,2026-08-21
RUBYMILLS,The Ruby Mills Limited,402.1,424.9,2026-07-22,417.2,2026-07-22,10078,False,,1995-03-29,2026-08-21
RUCHINFRA,Ruchi Infrastructure Limited,5.72,8.25,2025-09-24,7.93,2025-09-23,42545,False,20.0,1996-10-16,2026-08-21
RUCHIRA,Ruchira Papers Limited,102.9,173.0,2025-09-18,170.03,2025-09-19,40235,False,20.0,2006-12-20,2026-08-21
RUPA,Rupa & Company Limited,153.53,212.84,2025-09-19,209.52,2025-09-19,106656,False,20.0,2011-12-07,2026-08-21
RUSHIL,Rushil Decor Limited,17.07,33.99,2025-09-17,33.17,2025-09-17,1002050,False,20.0,2011-07-07,2026-08-21
RUSTOMJEE,Keystone Realtors Limited,371.45,668.0,2025-08-21,657.7,2025-08-25,478769,False,20.0,2022-11-24,2026-08-21
RVHL,Ravinder Heights Limited,43.02,71.36,2025-09-17,63.42,2025-09-16,8319,False,20.0,2020-12-18,2026-08-21
RVNL,Rail Vikas Nigam Limited,225.3,400.7,2025-12-29,387.95,2025-12-26,4341620,True,,2019-04-11,2026-08-21
RVTH,Revathi Equipment India Limited,733.9,1300.0,2025-09-24,1241.8,2025-09-23,976,False,20.0,2024-09-11,2026-08-21
S&SPOWER,S&S Power Switchgears Limited,298.85,468.9,2025-09-16,450.85,2025-09-15,4579,False,10.0,1995-09-27,2026-08-21
SAATVIKGL,Saatvik Green Energy Limited,418.95,567.0,2025-10-10,551.7,2025-10-09,152217,False,10.0,2025-09-26,2026-08-21
SADBHAV,Sadbhav Engineering Limited,8.0,17.85,2025-08-25,17.29,2025-08-22,325614,False,5.0,2006-03-01,2026-08-21
SADBHIN,Sadbhav Infrastructure Project Limited,2.72,5.02,2025-08-22,4.79,2025-08-21,166961,False,,2015-09-16,2026-08-21
SADHNANIQ,Sadhana Nitrochem Limited,2.97,11.3,2025-09-15,11.08,2025-09-12,2427655,False,,2023-05-05,2026-08-21
SAFARI,Safari Industries (India) Limited,1496.8,2507.1,2025-11-26,2492.6,2025-11-26,44719,False,20.0,2019-09-12,2026-08-21
SAGARDEEP,Sagardeep Alloys Limited,23.4,31.48,2025-10-06,30.41,2025-10-06,8415,False,20.0,2019-01-25,2026-08-21
SAGCEM,Sagar Cements Limited,162.95,299.4,2025-09-05,294.3,2025-09-04,47060,False,20.0,2007-01-29,2026-08-21
SAGILITY,SAGILITY LIMITED,43.35,57.89,2025-10-30,54.58,2025-10-30,26923334,False,20.0,2024-11-12,2026-08-21
SAHYADRI,Sahyadri Industries Limited,374.05,401.1,2026-08-17,388.15,2026-08-17,38388,False,20.0,2023-04-06,2026-08-21
SAIL,Steel Authority of India Limited,173.46,209.7,2026-05-14,206.06,2026-05-28,17688886,True,,1995-07-06,2026-08-21
SAILIFE,Sai Life Sciences Limited,1457.4,1485.0,2026-08-21,1471.6,2026-08-20,564418,False,20.0,2024-12-18,2026-08-21
SAKAR,Sakar Healthcare Limited,912.6,980.0,2026-08-11,953.75,2026-08-11,121414,False,20.0,2019-04-11,2026-08-21
SAKHTISUG,Sakthi Sugars Limited,21.13,24.75,2025-09-02,23.13,2025-09-02,330775,False,20.0,1995-09-06,2026-08-21
SAKSOFT,Saksoft Limited,163.52,229.68,2025-08-21,223.0,2025-08-25,612019,False,20.0,2005-05-09,2026-08-21
SAKUMA,Sakuma Exports Limited,1.52,3.1,2025-10-29,2.97,2025-10-28,798712,False,10.0,2006-03-08,2026-08-21
SALASAR,Salasar Techno Engineering Limited,5.94,10.99,2025-10-30,10.79,2025-10-30,3696246,False,20.0,2017-07-25,2026-08-21
SALONA,Salona Cotspin Limited,263.3,320.0,2026-06-02,304.1,2025-12-15,1463,False,20.0,2016-06-16,2026-08-21
SALSTEEL,S.A.L. Steel Limited,78.93,81.8,2026-08-20,79.22,2026-08-19,627865,False,5.0,2004-11-24,2026-08-21
SALZERELEC,Salzer Electronics Limited,569.55,952.5,2025-10-10,916.9,2025-10-08,65477,False,20.0,2015-12-02,2026-08-21
SAMBHAAV,Sambhaav Media Limited,6.18,11.53,2025-11-24,11.02,2025-11-20,36349,False,20.0,1996-06-05,2026-08-21
SAMBHV,Sambhv Steel Tubes Limited,129.35,141.32,2026-05-11,131.38,2026-08-20,2088680,False,20.0,2025-07-02,2026-08-21
SAMHI,Samhi Hotels Limited,159.56,222.0,2025-09-04,219.47,2025-09-09,942065,False,20.0,2023-09-22,2026-08-21
SAMMAANCAP,Sammaan Capital Limited,150.52,192.95,2025-11-03,189.93,2025-11-03,8319519,False,20.0,2013-07-23,2026-08-21
SAMPANN,Sampann Utpadan India Limited,25.95,43.44,2025-11-06,42.78,2025-11-03,15976,False,20.0,2012-07-27,2026-08-21
SANATHAN,Sanathan Textiles Limited,465.6,551.95,2025-09-12,533.75,2025-09-17,64670,False,10.0,2024-12-27,2026-08-21
SANDESH,The Sandesh Limited,1038.75,1304.3,2025-09-02,1268.9,2025-09-02,7931,False,20.0,2002-11-26,2026-08-21
SANDHAR,Sandhar Technologies Limited,667.75,763.2,2026-06-12,734.65,2026-06-11,309100,False,20.0,2018-04-02,2026-08-21
SANDUMA,Sandur Manganese & Iron Ores Limited,198.93,273.0,2026-01-05,264.71,2026-01-02,779734,False,20.0,2023-09-07,2026-08-21
SANGAMIND,Sangam (India) Limited,577.65,672.5,2026-07-20,636.95,2026-07-17,23364,False,20.0,1996-07-17,2026-08-21
SANGHVIMOV,Sanghvi Movers Limited,479.35,528.0,2026-08-10,520.75,2026-08-18,594835,False,20.0,2007-01-24,2026-08-21
SANGINITA,Sanginita Chemicals Limited,56.42,68.02,2026-07-31,66.69,2026-07-30,418324,False,,2019-07-15,2026-08-21
SANOFI,Sanofi India Limited,3352.8,5291.0,2025-08-21,5271.0,2025-08-21,26390,False,20.0,2003-05-19,2026-08-21
SANOFICONR,Sanofi Consumer Healthcare India Limited,4222.1,5357.0,2025-09-17,5292.5,2025-09-18,12566,False,20.0,2024-09-13,2026-08-21
SANSERA,Sansera Engineering Limited,3876.9,4040.4,2026-08-18,4003.2,2026-08-18,266525,False,20.0,2021-09-24,2026-08-21
SANSTAR,Sanstar Limited,105.75,137.49,2026-06-24,127.43,2026-06-24,339501,False,20.0,2024-07-26,2026-08-21
SAPPHIRE,Sapphire Foods India Limited,242.34,347.9,2025-09-04,332.2,2025-09-10,3792782,False,20.0,2021-11-18,2026-08-21
SARDAEN,Sarda Energy & Minerals Limited,510.6,639.75,2025-09-16,626.15,2025-09-15,1556619,False,20.0,2009-12-03,2026-08-21
SAREGAMA,Saregama India Limited,506.55,574.5,2026-08-05,557.25,2026-08-05,903275,False,20.0,1997-07-30,2026-08-21
SARLAPOLY,Sarla Performance Fibers Limited,97.89,114.0,2025-08-25,112.73,2025-08-21,59214,False,20.0,2007-01-19,2026-08-21
SARVESHWAR,Sarveshwar Foods Limited,3.4,8.25,2025-09-17,8.13,2025-09-16,1213132,False,10.0,2022-12-08,2026-08-21
SASKEN,Sasken Technologies Limited,1949.0,2780.2,2026-06-19,2647.9,2026-06-18,27585,False,5.0,2005-09-09,2026-08-21
SATIA,Satia Industries Limited,58.68,90.7,2025-08-25,88.34,2025-08-25,86778,False,20.0,2019-07-17,2026-08-21
SATIN,Satin Creditcare Network Limited,224.16,274.14,2026-07-27,268.87,2026-07-24,532857,False,20.0,2015-08-26,2026-08-21
SAURASHCEM,Saurashtra Cement Limited,58.22,125.35,2025-09-05,121.62,2025-09-04,581848,False,20.0,2024-02-27,2026-08-21
SBC,SBC Exports Limited,40.1,45.0,2026-06-19,44.09,2026-06-22,9924184,False,20.0,2021-11-23,2026-08-21
SBCL,Shivalik Bimetal Controls Limited,993.25,1105.05,2026-08-10,1105.05,2026-08-10,1163590,False,10.0,2021-06-24,2026-08-21
SBFC,SBFC Finance Limited,93.93,123.0,2025-11-03,118.5,2025-11-03,1633725,False,20.0,2023-08-16,2026-08-21
SBGLP,Suratwwala Business Group Limited,24.8,41.11,2025-08-21,40.28,2025-08-21,16902,False,20.0,2023-02-10,2026-08-21
SBICARD,SBI Cards and Payment Services Limited,649.0,965.0,2025-10-23,937.95,2025-10-20,1664087,True,,2020-03-16,2026-08-21
SBILIFE,SBI Life Insurance Company Limited,1792.9,2132.0,2026-02-23,2109.6,2026-02-23,889652,True,,2017-10-03,2026-08-21
SBIN,State Bank of India,1048.7,1234.7,2026-02-24,1227.8,2026-02-23,10063460,True,,1995-03-01,2026-08-21
SCHAEFFLER,Schaeffler India Limited,4017.9,4467.7,2026-03-06,4357.2,2026-02-27,68638,False,20.0,2000-11-29,2026-08-21
SCHAND,S Chand And Company Limited,136.76,200.79,2025-08-21,199.31,2025-08-21,37341,False,20.0,2017-05-09,2026-08-21
SCHNEIDER,Schneider Electric Infrastructure Limited,1217.3,1548.0,2026-07-08,1501.0,2026-07-06,490105,False,20.0,2012-03-20,2026-08-21
SCI,Shipping Corporation Of India Limited,290.55,368.75,2026-05-11,344.7,2026-05-18,3005405,False,20.0,1997-08-13,2026-08-21
SCILAL,Shipping Corporation of India Land and Assets Limited,39.81,55.0,2026-05-07,53.36,2025-09-03,213199,False,20.0,2024-03-19,2026-08-21
SCODATUBES,Scoda Tubes Limited,128.84,187.7,2025-09-04,184.88,2025-09-03,179617,False,20.0,2025-06-04,2026-08-21
SCPL,Sheetal Cool Products Limited,682.75,690.0,2026-08-21,682.75,2026-08-21,115226,False,20.0,2022-11-22,2026-08-21
SDBL,Som Distilleries & Breweries Limited,73.74,142.6,2025-09-23,140.89,2025-09-23,737913,False,20.0,2014-03-18,2026-08-21
SEAMECLTD,Seamec Limited,1674.3,1719.9,2026-08-20,1699.0,2026-08-20,132368,False,20.0,1995-06-28,2026-08-21
SECMARK,SecMark Consultancy Limited,126.48,147.27,2026-04-13,138.0,2026-05-07,2292,False,20.0,2023-10-16,2026-08-21
SECURKLOUD,SECUREKLOUD TECHNOLOGIES LIMITED,17.68,34.18,2025-11-24,31.08,2025-11-21,15949,False,20.0,2014-01-29,2026-08-21
SEJALLTD,Sejal Glass Limited,663.9,1036.7,2025-10-28,987.35,2025-10-27,9045,False,5.0,2021-12-13,2026-08-21
SELMC,SEL Manufacturing Company Limited,28.01,43.36,2025-10-23,43.36,2025-10-23,6595,False,20.0,2021-10-26,2026-08-21
SEMAC,Semac Construction Limited,296.0,568.0,2025-08-25,553.4,2025-08-25,554,False,5.0,2005-08-11,2026-08-21
SENCO,Senco Gold Limited,345.4,430.0,2026-07-27,418.65,2026-07-28,2563580,False,20.0,2023-07-14,2026-08-21
SENORES,Senores Pharmaceuticals Limited,1513.3,1577.5,2026-08-19,1550.9,2026-08-19,284158,False,20.0,2024-12-30,2026-08-21
SEPC,SEPC Limited,5.79,13.73,2025-09-22,13.12,2025-09-22,15206418,False,20.0,2008-02-20,2026-08-21
SERVOTECH,Servotech Renewable Power System Limited,82.45,143.0,2025-09-10,137.7,2025-09-10,679044,False,20.0,2021-09-02,2026-08-21
SESHAPAPER,Seshasayee Paper and Boards Limited,228.84,293.11,2026-02-18,280.9,2025-08-25,258872,False,20.0,1995-03-29,2026-08-21
SETCO,Setco Automotive Limited,17.34,28.62,2026-06-01,28.62,2026-06-01,47792,False,,2016-07-01,2026-08-21
SETL,Standard Engineering Technology Limited,297.75,315.6,2026-08-20,309.6,2026-08-19,705976,False,5.0,2025-01-13,2026-08-21
SEYAIND,Seya Industries Limited,12.45,23.99,2025-11-07,23.99,2025-11-07,7041,False,,2019-07-11,2026-08-21
SFL,Sheela Foam Limited,664.95,832.45,2026-08-04,808.95,2026-07-14,319285,False,20.0,2016-12-09,2026-08-21
SGFIN,SG Finserve Limited,687.15,727.45,2026-08-05,709.85,2026-08-06,280271,False,20.0,2025-08-05,2026-08-21
SGIL,Synergy Green Industries Limited,564.05,633.25,2025-09-08,617.9,2026-08-10,13607,False,20.0,2021-07-28,2026-08-21
SGL,STL Global Limited,9.8,20.79,2025-09-23,18.11,2025-09-23,5867,False,10.0,2006-04-10,2026-08-21
SGMART,SG Mart Limited,820.35,824.0,2026-08-20,820.35,2026-08-21,336588,False,20.0,2025-09-12,2026-08-21
SHAH,Shah Metacorp Limited,3.33,5.88,2026-05-07,5.78,2026-05-08,6498305,False,20.0,2010-10-27,2026-08-21
SHAHALLOYS,Shah Alloys Limited,77.31,88.37,2026-08-18,80.68,2026-08-19,48106,False,20.0,2005-06-16,2026-08-21
SHAILY,Shaily Engineering Plastics Limited,3321.0,3615.2,2026-08-11,3457.9,2026-08-11,203428,False,20.0,2022-04-04,2026-08-21
SHAKTIPUMP,Shakti Pumps (India) Limited,503.55,915.0,2025-09-15,886.9,2025-09-16,386283,False,20.0,2015-01-29,2026-08-21
SHALBY,Shalby Limited,152.96,274.7,2025-09-22,266.83,2025-09-23,66798,False,20.0,2017-12-15,2026-08-21
SHALPAINTS,Shalimar Paints Limited,80.89,95.95,2026-08-17,91.45,2026-08-17,1141949,False,,2008-03-03,2026-08-21
SHANKARA,Shankara Building Products Limited,143.29,1160.0,2025-08-21,1125.0,2025-08-21,232746,False,20.0,2017-04-05,2026-08-21
SHANTI,Shanti Overseas (India) Limited,6.3,12.26,2025-10-07,11.79,2025-10-09,45005,False,20.0,2021-09-16,2026-08-21
SHANTIGEAR,Shanthi Gears Limited,464.25,598.9,2025-08-21,592.3,2025-08-21,130144,False,20.0,1996-01-17,2026-08-21
SHANTIGOLD,Shanti Gold International Limited,269.58,274.7,2026-08-21,269.58,2026-08-21,2259369,False,20.0,2025-08-01,2026-08-21
SHARDACROP,Sharda Cropchem Limited,760.9,1297.0,2026-02-13,1256.0,2026-02-13,221747,False,20.0,2014-09-23,2026-08-21
SHARDAMOTR,Sharda Motor Industries Limited,913.1,1189.9,2025-11-11,1174.4,2025-11-11,107105,False,20.0,2015-09-03,2026-08-21
SHAREINDIA,Share India Securities Limited,174.13,211.0,2025-10-20,206.34,2025-10-28,558755,False,20.0,2020-09-21,2026-08-21
SHEKHAWATI,Shekhawati Industries Limited,18.6,25.75,2025-09-12,24.61,2025-09-11,113563,False,,2011-01-12,2026-08-21
SHEMAROO,Shemaroo Entertainment Limited,127.92,143.0,2026-06-23,138.09,2026-06-22,11922,False,,2014-10-01,2026-08-21
SHILPAMED,Shilpa Medicare Limited,814.95,834.1,2026-08-20,822.0,2026-08-14,3179789,False,20.0,2009-12-03,2026-08-21
SHIVALIK,Shivalik Rasayan Limited,270.49,521.5,2025-08-21,508.4,2025-08-21,33963,False,,2021-12-09,2026-08-21
SHIVAMAUTO,Shivam Autotech Limited,16.87,35.79,2025-09-18,34.82,2025-09-17,21335,False,,2006-11-21,2026-08-21
SHIVAMILLS,Shiva Mills Limited,59.91,77.01,2025-09-19,72.39,2025-09-22,2697,False,5.0,2018-02-26,2026-08-21
SHIVATEX,Shiva Texyarn Limited,165.7,217.92,2025-11-06,193.62,2025-11-06,5197,False,20.0,2017-12-26,2026-08-21
SHIVAUM,Shiv Aum Steels Limited,444.15,474.05,2026-08-14,449.55,2026-08-12,19411,False,20.0,2025-11-14,2026-08-21
SHK,S H Kelkar and Company Limited,157.47,275.5,2025-09-04,266.74,2025-09-04,1558669,False,20.0,2015-11-16,2026-08-21
SHOPERSTOP,Shoppers Stop Limited,421.3,572.0,2025-09-22,557.8,2025-09-22,50019,False,20.0,2005-05-23,2026-08-21
SHRADHA,Shradha Realty Limited,33.62,65.02,2025-08-21,63.98,2025-09-04,23960,False,18.0,2020-10-22,2026-08-21
SHREDIGCEM,Shree Digvijay Cement Co.Ltd,72.39,107.7,2025-08-25,104.08,2025-08-25,71956,False,20.0,2020-01-28,2026-08-21
SHREECEM,SHREE CEMENT LIMITED,24280.0,30950.0,2025-08-21,30605.0,2025-08-21,25284,True,,1995-04-26,2026-08-21
SHREEJISPG,Shreeji Shipping Global Limited,620.55,681.55,2026-08-10,673.3,2026-08-06,998267,False,10.0,2025-08-26,2026-08-21
SHREEPUSHK,Shree Pushkar Chemicals & Fertilisers Limited,401.15,476.0,2025-09-23,454.75,2025-09-23,41215,False,20.0,2015-09-10,2026-08-21
SHREERAMA,Shree Rama Multi-Tech Limited,45.04,71.99,2026-01-02,69.23,2026-01-01,153045,False,20.0,2000-03-13,2026-08-21
SHREYANIND,Shreyans Industries Limited,125.33,247.22,2025-09-22,238.7,2025-09-11,6074,False,20.0,1996-11-06,2026-08-21
SHRINGARMS,Shringar House of Mangalsutra Limited,230.52,266.5,2026-02-19,261.86,2026-02-18,526449,False,20.0,2025-09-17,2026-08-21
SHRIPISTON,SPR Auto Technologies Limited,4600.1,4645.8,2026-08-21,4600.1,2026-08-21,60331,False,20.0,2016-06-02,2026-08-21
SHRIRAMFIN,Shriram Finance Limited,1130.0,1153.7,2026-08-06,1141.0,2026-08-06,4763202,True,,1996-12-11,2026-08-21
SHRIRAMPPS,Shriram Properties Limited,77.91,99.44,2025-11-04,97.63,2025-09-19,480238,False,20.0,2021-12-20,2026-08-21
SHYAMCENT,Shyam Century Ferrous Limited,4.92,9.75,2025-09-02,8.4,2025-09-01,54639,False,,2015-07-28,2026-08-21
SHYAMMETL,Shyam Metalics and Energy Limited,984.9,1090.0,2026-07-20,1062.65,2026-07-21,406005,False,20.0,2021-06-24,2026-08-21
SHYAMTEL,Shyam Telecom Limited,14.67,25.42,2026-05-06,25.05,2026-05-06,4189,False,10.0,2006-11-06,2026-08-21
SICALLOG,Sical Logistics Limited,111.21,122.5,2026-07-31,117.4,2026-08-13,58151,False,,2023-10-12,2026-08-21
SIEMENS,Siemens Limited,3920.0,4097.9,2026-08-12,4019.0,2026-08-12,397016,True,,1995-09-06,2026-08-21
SIGACHI,Sigachi Industries Limited,30.05,46.73,2025-09-15,44.38,2025-09-17,2115622,False,20.0,2021-11-15,2026-08-21
SIGIND,Signet Industries Limited,72.26,74.99,2026-08-21,73.29,2026-08-20,124416,False,10.0,2018-08-29,2026-08-21
SIGMA,Sigma Solve Limited,48.65,65.5,2025-10-03,63.02,2026-01-08,757249,False,10.0,2023-06-09,2026-08-21
SIGMAADV,SIGMA ADVANCED SYSTEMS LIMITED,688.2,721.5,2026-08-06,704.5,2026-08-05,314261,False,5.0,2007-07-19,2026-08-21
SIGNATURE,Signatureglobal (India) Limited,795.3,1158.0,2025-09-18,1146.5,2025-12-19,224788,False,20.0,2023-09-27,2026-08-21
SIGNPOST,Signpost India Limited,264.65,336.8,2026-07-14,326.9,2026-07-17,101897,False,20.0,2024-02-14,2026-08-21
SIKKO,Sikko Industries Limited,5.33,6.83,2025-10-24,6.21,2025-10-23,1114206,False,,2021-10-22,2026-08-21
SIL,Standard Industries Limited,20.84,22.3,2026-08-21,20.91,2026-08-11,206524,False,20.0,2004-01-27,2026-08-21
SILGO,Silgo Retail Limited,72.4,86.2,2026-05-29,83.51,2026-05-28,181681,False,20.0,2021-03-03,2026-08-21
SILINV,SIL Investments Limited,475.25,767.0,2025-10-17,716.6,2025-10-30,2781,False,20.0,1996-05-22,2026-08-21
SILLYMONKS,Silly Monks Entertainment Limited,15.69,28.45,2025-11-06,26.4,2025-11-11,16516,False,20.0,2020-07-08,2026-08-21
SILVERTUC,Silver Touch Technologies Limited,185.94,1117.45,2025-12-31,1096.15,2025-12-31,602986,False,10.0,2022-05-12,2026-08-21
SIMPLEXINF,Simplex Infrastructures Limited,255.71,330.0,2025-09-16,316.55,2025-09-15,93280,False,20.0,2004-03-09,2026-08-21
SINCLAIR,Sinclairs Hotels Limited,74.43,114.75,2025-09-11,111.7,2025-09-08,24819,False,20.0,2024-04-10,2026-08-21
SINDHUTRAD,Sindhu Trade Links Limited,23.68,32.74,2025-09-18,31.1,2025-09-17,626695,False,20.0,2023-06-20,2026-08-21
SINTERCOM,Sintercom India Limited,79.06,130.0,2025-10-06,124.66,2025-08-21,14042,False,20.0,2020-10-07,2026-08-21
SIRCA,Sirca Paints India Limited,451.2,539.0,2025-11-19,534.6,2025-11-18,525204,False,20.0,2019-07-22,2026-08-21
SIS,SIS LIMITED,417.75,480.95,2026-06-24,441.5,2026-06-24,146087,False,20.0,2017-08-10,2026-08-21
SIYSIL,Siyaram Silk Mills Limited,606.35,848.8,2025-11-04,826.35,2025-11-04,65545,False,20.0,2007-01-29,2026-08-21
SJS,S.J.S. Enterprises Limited,2497.4,2590.0,2026-08-06,2534.5,2026-08-17,194159,False,20.0,2021-11-15,2026-08-21
SJVN,SJVN Limited,66.06,101.45,2025-08-26,99.54,2025-08-22,1656925,False,20.0,2010-05-20,2026-08-21
SKFINDIA,SKF India Limited,1596.5,5074.0,2025-10-14,5008.4,2025-10-14,136327,False,20.0,1999-01-27,2026-08-21
SKIPPER,Skipper Limited,554.0,593.0,2026-07-06,574.95,2026-07-03,653058,False,20.0,2015-05-27,2026-08-21
SKMEGGPROD,SKM Egg Products Export (India) Limited,259.05,372.0,2026-07-13,360.9,2026-07-13,703536,False,20.0,1997-03-14,2026-08-21
SKYGOLD,SKY GOLD AND DIAMONDS LIMITED,803.5,848.0,2026-08-13,833.1,2026-08-12,1355405,False,20.0,2023-01-06,2026-08-21
SMARTLINK,Smartlink Holdings Limited,226.31,232.05,2026-08-14,230.59,2026-08-05,5081,False,,2001-04-11,2026-08-21
SMARTWORKS,Smartworks Coworking Spaces Limited,523.25,619.0,2025-11-04,606.65,2025-11-04,105174,False,20.0,2025-07-17,2026-08-21
SMCGLOBAL,SMC Global Securities Limited,81.13,94.9,2026-01-02,92.06,2026-01-02,684325,False,20.0,2021-02-24,2026-08-21
SMLMAH,SML Mahindra Limited,5324.0,5987.9,2026-07-31,5917.5,2026-08-05,322146,False,10.0,2003-08-29,2026-08-21
SMLT,Sarthak Metals Limited,70.77,122.85,2025-09-11,113.51,2025-09-11,7688,False,20.0,2021-11-25,2026-08-21
SMSPHARMA,SMS Pharmaceuticals Limited,356.6,447.8,2026-04-15,438.3,2026-04-15,190844,False,20.0,2007-02-28,2026-08-21
SNOWMAN,Snowman Logistics Limited,37.84,59.8,2025-09-12,58.87,2025-09-12,317335,False,20.0,2014-09-12,2026-08-21
SOBHA,Sobha Limited,1294.6,1732.0,2025-11-10,1701.2,2025-11-07,91046,False,20.0,2006-12-20,2026-08-21
SOFTTECH,Softtech Engineers Limited,416.2,489.9,2026-06-02,481.25,2026-06-01,4319,False,5.0,2022-02-25,2026-08-21
SOLARA,Solara Active Pharma Sciences Limited,616.9,712.0,2025-09-25,686.5,2025-09-18,541347,False,20.0,2018-06-27,2026-08-21
SOLARINDS,Solar Industries India Limited,19900.0,20422.0,2026-08-18,20324.0,2026-08-13,141132,True,,2006-04-03,2026-08-21
SOLARWORLD,Solarworld Energy Solutions Limited,149.96,388.5,2025-09-30,338.4,2025-10-29,406327,False,20.0,2025-09-30,2026-08-21
SOLEX,Solex Energy Limited,772.25,1985.0,2025-11-21,1918.0,2025-11-20,38319,False,20.0,2025-10-08,2026-08-21
SOMANYCERA,Somany Ceramics Limited,520.15,556.8,2026-08-13,539.25,2026-07-01,265442,False,20.0,1995-11-22,2026-08-21
SOMATEX,Soma Textiles & Industries Limited,86.24,161.25,2025-11-06,153.58,2025-11-04,11443,False,5.0,1996-08-14,2026-08-21
SOMICONVEY,Somi Conveyor Beltings Limited,101.17,169.4,2025-10-06,159.45,2025-10-03,56438,False,20.0,2016-07-18,2026-08-21
SONACOMS,Sona BLW Precision Forgings Limited,817.6,844.0,2026-08-20,824.0,2026-08-18,2592018,True,,2021-06-24,2026-08-21
SONAMLTD,SONAM LIMITED,65.16,68.99,2026-08-19,67.19,2026-08-19,121802,False,20.0,2022-04-07,2026-08-21
SONATSOFTW,Sonata Software Limited,304.0,421.5,2025-09-18,400.5,2025-09-18,2003812,False,20.0,1999-07-28,2026-08-21
SOTL,Savita Oil Technologies Limited,677.3,814.8,2026-08-06,781.95,2026-08-06,683815,False,20.0,1995-06-28,2026-08-21
SOUTHBANK,The South Indian Bank Limited,44.97,49.9,2026-07-07,48.49,2026-06-18,7040893,False,20.0,1998-12-08,2026-08-21
SOUTHWEST,South West Pinnacle Exploration Limited,220.04,275.0,2026-06-01,269.13,2026-05-28,253576,False,20.0,2019-04-18,2026-08-21
SPAL,S. P. Apparels Limited,930.45,1221.9,2026-07-09,1178.6,2026-07-09,93955,False,20.0,2016-08-12,2026-08-21
SPANDANA,Spandana Sphoorty Financial Limited,241.3,319.4,2026-07-06,310.55,2026-07-06,203084,False,20.0,2019-08-19,2026-08-21
SPARC,Sun Pharma Advanced Research Company Limited,196.71,289.0,2026-07-08,277.57,2026-07-09,883012,False,10.0,2007-07-18,2026-08-21
SPCENET,Spacenet Enterprises India Limited,3.34,11.24,2025-10-28,10.96,2025-10-28,725378,False,10.0,2017-01-10,2026-08-21
SPECIALITY,Speciality Restaurants Limited,140.81,167.46,2026-08-11,158.6,2026-08-11,128466,False,,2012-05-30,2026-08-21
SPECTRUM,Spectrum Electrical Industries Limited,2121.8,2637.2,2026-08-06,2568.0,2026-08-06,32033,False,,2025-03-28,2026-08-21
SPENCERS,Spencer's Retail Limited,30.4,64.0,2025-09-04,60.25,2025-08-21,50318,False,20.0,2019-01-25,2026-08-21
SPIC,Southern Petrochemicals Industries Corporation  Limited,68.16,128.2,2025-09-03,122.76,2025-09-03,253964,False,20.0,1996-01-10,2026-08-21
SPLIL,SPL Industries Limited,30.25,45.2,2025-11-03,44.09,2025-10-31,7798,False,20.0,2005-07-26,2026-08-21
SPLPETRO,Supreme Petrochem Limited,697.8,979.0,2025-09-29,870.1,2025-09-26,181706,False,20.0,2022-05-24,2026-08-21
SPMLINFRA,SPML Infra Limited,192.94,302.0,2025-09-08,292.4,2025-09-05,172221,False,20.0,1996-02-14,2026-08-21
SPORTKING,Sportking India Limited,213.07,241.51,2026-08-03,229.63,2026-08-03,1118144,False,20.0,2022-08-24,2026-08-21
SRD,Shankar Lal Rampal Dye-Chem Limited,39.43,91.0,2025-09-02,87.48,2025-09-02,38873,False,20.0,2024-10-09,2026-08-21
SREEL,Sreeleathers Limited,240.84,267.45,2026-08-17,260.75,2026-08-17,19191,False,20.0,2014-01-01,2026-08-21
SRF,SRF Limited,2571.9,3210.0,2025-10-17,3190.0,2025-10-16,322235,True,,2003-08-18,2026-08-21
SRGHFL,SRG Housing Finance Limited,264.25,335.0,2026-07-24,320.0,2026-05-11,7986,False,20.0,2023-08-21,2026-08-21
SRHHYPOLTD,Sree Rayalaseema Hi-Strength Hypo Limited,473.15,640.0,2025-09-04,629.7,2025-09-08,8843,False,20.0,2007-05-08,2026-08-21
SRM,SRM Contractors Limited,467.85,649.95,2025-11-17,634.1,2025-11-14,90538,False,20.0,2024-04-03,2026-08-21
SSDL,Saraswati Saree Depot Limited,58.6,95.83,2025-08-25,94.15,2025-08-25,86395,False,20.0,2024-08-20,2026-08-21
SSWL,Steel Strips Wheels Limited,295.0,328.4,2026-08-03,321.6,2026-08-10,746426,False,20.0,2005-06-06,2026-08-21
STALLION,Stallion India Fluorochemicals Limited,228.25,423.8,2025-10-17,414.35,2025-10-16,1701777,False,,2025-01-23,2026-08-21
STANLEY,Stanley Lifestyles Limited,137.89,320.45,2025-09-23,315.45,2025-09-23,127728,False,20.0,2024-06-28,2026-08-21
STAR,Strides Pharma Science Limited,986.2,1231.0,2026-05-12,1188.1,2026-05-25,545578,False,20.0,2000-02-02,2026-08-21
STARCEMENT,Star Cement Limited,194.62,308.95,2025-09-02,298.75,2025-09-03,202470,False,20.0,2017-06-16,2026-08-21
STARHEALTH,Star Health and Allied Insurance Company Limited,578.5,624.9,2026-07-30,610.4,2026-07-30,525993,False,20.0,2021-12-10,2026-08-21
STARPAPER,Star Paper Mills Limited,144.98,188.8,2025-08-25,183.52,2025-08-25,11586,False,20.0,1995-09-13,2026-08-21
STARTECK,Starteck Finance Limited,247.95,349.95,2026-01-02,324.8,2025-09-23,7638,False,20.0,2022-05-04,2026-08-21
STCINDIA,The State Trading Corporation of India Limited,121.21,150.7,2025-09-25,145.09,2026-06-17,46212,False,20.0,2003-04-01,2026-08-21
STEELCAS,Steelcast Limited,356.05,363.65,2026-08-21,358.7,2026-08-20,149046,False,20.0,2021-11-23,2026-08-21
STEELCITY,Steel City Securities Limited,81.82,108.02,2025-08-21,106.97,2025-08-21,37688,False,20.0,2019-06-27,2026-08-21
STEELXIND,STEEL EXCHANGE INDIA LIMITED,10.6,13.95,2026-06-22,13.39,2026-06-19,1725668,False,20.0,2017-07-20,2026-08-21
STEL,Stel Holdings Limited,611.05,657.3,2026-06-16,621.4,2026-06-16,3252,False,20.0,2011-02-09,2026-08-21
STERTOOLS,Sterling Tools Limited,223.0,361.95,2025-09-15,344.95,2025-09-15,27859,False,,2006-02-02,2026-08-21
STLNETWORK,STL Networks Limited,25.85,35.4,2025-09-19,33.04,2025-09-24,947673,False,5.0,2025-09-04,2026-08-21
STLTECH,Sterlite Technologies Limited,627.15,683.5,2026-08-13,660.8,2026-08-13,2169784,False,,2000-12-08,2026-08-21
STOVEKRAFT,Stove Kraft Limited,775.45,849.8,2026-08-06,808.85,2026-08-10,359895,False,20.0,2021-02-05,2026-08-21
STYL,Seshaasai Technologies Limited,392.55,437.45,2025-09-30,429.25,2025-10-01,181645,False,10.0,2025-09-30,2026-08-21
STYLAMIND,Stylam Industries Limited,3601.7,4150.0,2026-07-22,3736.4,2026-08-18,51490,False,20.0,2021-08-02,2026-08-21
STYLEBAAZA,Baazar Style Retail Limited,417.65,447.1,2026-08-21,439.6,2026-08-20,1136759,False,5.0,2024-09-06,2026-08-21
STYRENIX,Styrenix Performance Materials Limited,2081.6,2738.7,2025-08-28,2721.1,2025-08-28,88074,False,20.0,1995-03-29,2026-08-21
SUBEXLTD,Subex Limited,18.66,19.39,2026-08-21,18.66,2026-08-21,6134446,False,20.0,2020-11-05,2026-08-21
SUBROS,Subros Limited,733.15,1213.7,2025-09-29,1194.2,2025-09-29,61554,False,20.0,2005-07-13,2026-08-21
SUDARCOLOR,Sudarshan Colorants India Limited,401.25,603.0,2025-09-15,597.1,2025-09-22,20973,False,20.0,1995-06-14,2026-08-21
SUDARSCHEM,Sudarshan Chemical Industries Limited,1215.1,1603.0,2025-09-24,1523.8,2025-09-23,565871,False,20.0,1995-05-25,2026-08-21
SUKHJITS,Sukhjit Starch & Chemicals Limited,159.42,231.1,2026-02-27,216.65,2026-02-27,24541,False,20.0,2022-11-07,2026-08-21
SULA,Sula Vineyards Limited,144.55,296.8,2025-09-10,287.67,2025-09-11,704340,False,20.0,2022-12-22,2026-08-21
SUMEETINDS,Sumeet Industries Limited,13.52,40.5,2025-10-23,38.99,2025-10-21,7209023,False,5.0,2010-12-10,2026-08-21
SUMICHEM,Sumitomo Chemical India Limited,534.65,617.45,2025-09-19,601.8,2025-09-19,644224,False,20.0,2020-01-27,2026-08-21
SUMIT,Sumit Woods Limited,52.01,104.0,2025-10-06,100.39,2025-10-08,34685,False,20.0,2019-07-30,2026-08-21
SUMMITSEC,Summit Securities Limited,1420.2,2495.0,2025-10-23,2426.5,2025-10-27,4447,False,20.0,2011-01-28,2026-08-21
SUNCLAY,Sundaram Clayton Limited,1284.1,1942.0,2025-09-19,1788.6,2025-09-19,13033,False,20.0,2023-12-29,2026-08-21
SUNDARAM,Sundaram Multi Pap Limited,1.23,2.2,2025-10-16,2.06,2025-10-16,1088345,False,20.0,2010-06-02,2026-08-21
SUNDARMFIN,Sundaram Finance Limited,4534.5,5642.0,2026-03-04,5581.5,2026-03-05,59722,False,20.0,1998-01-07,2026-08-21
SUNDRMBRAK,Sundaram Brake Linings Limited,793.25,920.0,2026-08-17,899.8,2026-08-17,2793,False,,1996-07-17,2026-08-21
SUNDRMFAST,Sundram Fasteners Limited,1228.0,1250.3,2026-08-19,1242.2,2026-08-19,239564,False,20.0,2000-06-07,2026-08-21
SUNDROP,Sundrop Brands Limited,646.5,897.6,2025-09-04,862.35,2025-09-03,28984,False,20.0,2002-12-06,2026-08-21
SUNFLAG,Sunflag Iron And Steel Company Limited,353.85,428.0,2026-05-07,415.85,2026-05-08,231967,False,10.0,2005-09-29,2026-08-21
SUNPHARMA,Sun Pharmaceutical Industries Limited,1902.4,2046.9,2026-07-31,2001.1,2026-07-30,2343714,True,,1995-02-08,2026-08-21
SUNTECK,Sunteck Realty Limited,296.35,473.0,2025-09-08,462.95,2025-11-03,152702,False,20.0,2009-11-13,2026-08-21
SUNTV,Sun TV Network Limited,472.05,660.7,2026-04-20,652.45,2026-04-22,486596,False,20.0,2006-04-24,2026-08-21
SUPERHOUSE,Superhouse Limited,167.8,201.95,2025-09-18,188.29,2025-09-18,6369,False,20.0,2014-09-26,2026-08-21
SUPERSPIN,Super Spinning Mills Limited,6.1,10.2,2025-08-29,9.88,2025-08-22,18164,False,,2004-07-08,2026-08-21
SUPRAJIT,Suprajit Engineering Limited,505.4,559.25,2026-08-10,531.25,2026-08-11,170488,False,20.0,2005-02-18,2026-08-21
SUPREME,Supreme Holdings & Hospitality (India) Limited,40.79,97.84,2025-10-13,96.68,2025-10-10,35736,False,20.0,2025-02-03,2026-08-21
SUPREMEIND,Supreme Industries Limited,3642.0,4664.9,2025-08-25,4637.8,2025-08-22,203756,True,,1995-07-19,2026-08-21
SUPREMEINF,Supreme Infrastructure India Limited,88.3,119.79,2025-08-29,116.0,2025-08-21,141109,False,20.0,2007-10-18,2026-08-21
SUPRIYA,Supriya Lifescience Limited,805.45,1085.0,2026-06-01,1052.5,2026-06-01,357960,False,20.0,2021-12-28,2026-08-21
SURAJEST,Suraj Estate Developers Limited,195.46,349.35,2025-08-22,333.25,2025-08-21,108836,False,20.0,2023-12-26,2026-08-21
SURAJLTD,Suraj Limited,202.49,354.95,2025-08-21,345.1,2025-10-20,3144,False,20.0,2024-08-29,2026-08-21
SURAKSHA,Suraksha Diagnostic Limited,325.8,333.0,2025-09-16,327.9,2025-09-16,342148,False,20.0,2024-12-06,2026-08-21
SURANASOL,Surana Solar Limited,25.85,39.08,2025-09-08,36.71,2025-09-08,110294,False,20.0,2011-01-07,2026-08-21
SURANAT&P,Surana Telecom and Power Limited,16.28,26.78,2025-09-10,25.05,2025-09-11,83619,False,20.0,2002-05-22,2026-08-21
SURYALAXMI,Suryalakshmi Cotton Mills Limited,57.32,69.8,2025-09-08,67.24,2025-09-16,5895,False,20.0,2005-06-15,2026-08-21
SURYAROSNI,Surya Roshni Limited,219.8,314.5,2025-11-11,308.65,2025-09-03,854443,False,19.0,1995-05-10,2026-08-21
SURYODAY,Suryoday Small Finance Bank Limited,158.84,218.0,2026-07-24,194.31,2026-07-23,1433850,False,20.0,2021-03-26,2026-08-21
SUTLEJTEX,Sutlej Textiles and Industries Limited,38.14,41.5,2026-04-29,40.44,2026-08-06,34711,False,,2006-12-14,2026-08-21
SUVEN,Suven Life Sciences Limited,373.15,389.9,2026-08-21,373.6,2026-08-20,866629,False,20.0,2003-10-23,2026-08-21
SUVIDHAA,Suvidhaa Infoserve Limited,2.32,4.3,2025-08-25,4.2,2025-08-25,110819,False,20.0,2021-03-31,2026-08-21
SUYOG,Suyog Telematics Limited,748.8,921.15,2026-07-07,901.4,2026-07-07,27976,False,20.0,2024-08-20,2026-08-21
SUZLON,Suzlon Energy Limited,46.71,61.5,2025-11-06,60.4,2025-09-19,67240919,True,,2005-10-19,2026-08-21
SVLL,Shree Vasu Logistics Limited,781.05,897.45,2026-06-08,849.15,2026-06-08,1476,False,,2023-04-21,2026-08-21
SVPGLOB,SVP GLOBAL TEXTILES LIMITED,3.73,6.89,2025-11-28,6.89,2025-11-28,36318,False,5.0,2021-07-14,2026-08-21
SWANCORP,SWAN CORP LIMITED,303.85,506.0,2025-09-22,489.1,2025-09-22,842907,False,20.0,2012-05-29,2026-08-21
SWANDEF,Swan Defence and Heavy Industries Limited,2346.4,2750.0,2026-08-11,2694.9,2026-08-07,19738,False,,2025-01-20,2026-08-21
SWARAJ,Swaraj Suiting Limited,367.6,386.75,2026-08-18,376.15,2026-08-18,224621,False,20.0,2026-08-13,2026-08-21
SWARAJENG,Swaraj Engines Limited,3569.8,4545.0,2025-09-17,4497.5,2025-09-23,6478,False,20.0,1995-12-06,2026-08-21
SWELECTES,Swelect Energy Systems Limited,608.9,977.0,2025-10-10,934.25,2025-10-10,29641,False,20.0,2006-05-09,2026-08-21
SWIGGY,Swiggy Limited,282.5,474.0,2025-09-19,458.45,2025-09-19,22509821,True,,2024-11-13,2026-08-21
SWSOLAR,Sterling and Wilson Renewable Energy Limited,192.17,286.5,2025-08-21,278.85,2025-08-21,663627,False,20.0,2019-08-20,2026-08-21
SYMPHONY,Symphony Limited,612.5,974.7,2025-09-04,961.5,2025-08-21,98672,False,20.0,2011-06-15,2026-08-21
SYNCOMF,Syncom Formulations (India) Limited,16.14,18.7,2025-09-12,18.08,2025-09-16,6196583,False,20.0,2022-11-18,2026-08-21
SYNGENE,Syngene International Limited,407.25,678.95,2026-01-07,670.8,2025-09-15,1737496,False,20.0,2015-08-11,2026-08-21
SYRMA,Syrma SGS Technology Limited,1439.3,1543.0,2026-08-11,1516.4,2026-08-10,1732997,False,20.0,2022-08-26,2026-08-21
SYSTMTXC,Systematix Corporate Services Limited,57.03,177.9,2025-11-24,168.67,2025-10-21,11476,False,,2025-10-06,2026-08-21
TAINWALCHM,Tainwala Chemical and Plastic (I) Limited,216.67,257.0,2026-07-14,232.0,2026-07-13,9293,False,20.0,1995-07-27,2026-08-21
TAJGVK,Taj GVK Hotels & Resorts Limited,350.4,512.65,2025-09-09,485.05,2025-09-09,113063,False,20.0,2000-12-20,2026-08-21
TAKE,TAKE Limited,20.83,50.14,2026-04-20,50.14,2026-04-20,1094077,False,5.0,2007-08-27,2026-08-21
TALBROAUTO,Talbros Automotive Components Limited,413.4,451.6,2026-08-10,439.35,2026-08-07,225068,False,20.0,2006-09-29,2026-08-21
TANLA,Tanla Platforms Limited,570.45,766.0,2025-09-19,753.7,2025-09-19,813889,False,20.0,2007-01-05,2026-08-21
TARACHAND,Tara Chand InfraLogistic Solutions Limited,47.97,103.67,2025-10-14,94.78,2025-10-15,193411,False,20.0,2024-04-16,2026-08-21
TARAPUR,Tarapur Transformers Limited,15.5,39.99,2025-11-17,38.37,2025-10-17,66388,False,10.0,2010-05-18,2026-08-21
TARC,TARC Limited,124.07,186.3,2026-01-07,182.57,2026-01-07,600927,False,20.0,2020-12-18,2026-08-21
TARIL,Transformers And Rectifiers (India) Limited,298.65,552.0,2025-09-23,536.25,2025-09-23,1164879,False,20.0,2007-12-28,2026-08-21
TARMAT,Tarmat Limited,50.2,73.9,2026-02-27,71.14,2026-02-27,71785,False,20.0,2007-07-09,2026-08-21
TARSONS,Tarsons Products Limited,344.95,375.0,2026-08-14,361.5,2026-08-17,870412,False,20.0,2021-11-26,2026-08-21
TASTYBITE,Tasty Bite Eatables Limited,10135.5,10544.0,2026-08-19,10392.0,2026-08-19,18136,False,20.0,2017-03-23,2026-08-21
TATACAP,Tata Capital Limited,365.05,390.2,2026-08-06,382.7,2026-08-06,2294466,False,10.0,2025-10-13,2026-08-21
TATACHEM,Tata Chemicals Limited,626.75,1026.65,2025-09-17,1005.15,2025-09-17,680580,False,20.0,1999-04-01,2026-08-21
TATACOMM,Tata Communications Limited,1655.4,2110.0,2026-06-22,2061.7,2026-06-22,247214,False,20.0,1995-04-12,2026-08-21
TATACONSUM,TATA CONSUMER PRODUCTS LIMITED,1049.0,1282.7,2026-05-12,1271.0,2026-05-11,1443130,True,,1998-11-18,2026-08-21
TATAELXSI,Tata Elxsi Limited,3708.0,5950.0,2026-01-08,5853.0,2026-01-07,278382,True,,2003-09-17,2026-08-21
TATAINVEST,Tata Investment Corporation Limited,647.95,1184.7,2025-10-03,1058.0,2025-10-01,427679,False,20.0,1998-06-24,2026-08-21
TATAPOWER,Tata Power Company Limited,374.3,464.9,2026-04-28,461.8,2026-04-28,3733356,True,,1996-04-03,2026-08-21
TATASTEEL,Tata Steel Limited,183.0,224.4,2026-05-15,221.13,2026-05-14,21262204,True,,1998-11-18,2026-08-21
TATATECH,Tata Technologies Limited,820.75,891.0,2026-08-11,879.15,2026-08-10,2358719,False,20.0,2023-11-30,2026-08-21
TATVA,Tatva Chintan Pharma Chem Limited,1616.4,1838.1,2026-08-03,1800.1,2026-07-27,83901,False,20.0,2021-07-29,2026-08-21
TBOTEK,TBO Tek Limited,1696.5,1764.8,2025-11-21,1730.7,2025-11-24,369719,False,20.0,2024-05-15,2026-08-21
TBZ,Tribhovandas Bhimji Zaveri Limited,279.5,295.7,2026-07-29,291.1,2026-07-28,1939722,False,20.0,2012-05-09,2026-08-21
TCI,Transport Corporation of India Limited,908.35,1242.0,2025-10-29,1227.6,2025-10-29,38041,False,20.0,2002-01-21,2026-08-21
TCIEXP,TCI Express Limited,550.95,780.0,2025-09-24,761.1,2025-09-23,125391,False,20.0,2016-12-15,2026-08-21
TCIFINANCE,TCI Finance Limited,15.34,38.46,2026-01-09,36.63,2026-01-08,15920,False,,1997-05-21,2026-08-21
TCPLPACK,TCPL Packaging Limited,4101.3,4410.9,2026-08-12,4394.9,2026-08-12,40319,False,20.0,2017-10-17,2026-08-21
TCS,Tata Consultancy Services Limited,2302.0,3350.0,2026-02-03,3324.9,2025-12-22,3576230,True,,2004-08-25,2026-08-21
TDPOWERSYS,TD Power Systems Limited,1534.8,1597.7,2026-08-18,1586.6,2026-08-18,2030042,False,20.0,2011-09-08,2026-08-21
TEAMGTY,Team India Guaranty Limited,232.44,332.55,2025-12-08,312.0,2025-12-08,6705,False,20.0,2002-06-11,2026-08-21
TEAMLEASE,Teamlease Services Limited,1245.2,1944.3,2025-09-16,1934.0,2025-09-16,32506,False,20.0,2016-02-12,2026-08-21
TECHM,Tech Mahindra Limited,1584.0,1854.0,2026-02-03,1768.4,2026-01-29,2889814,True,,2006-08-28,2026-08-21
TECHNOE,Techno Electric & Engineering Company Limited,987.45,1575.0,2025-09-03,1559.4,2025-08-25,250810,False,20.0,2018-12-04,2026-08-21
TECILCHEM,TECIL Chemicals and Hydro Power Limited,9.06,22.87,2025-09-12,21.9,2025-09-10,47820,False,20.0,1995-12-06,2026-08-21
TEGA,Tega Industries Limited,1743.2,2125.0,2025-09-17,2108.9,2025-09-17,240776,False,20.0,2021-12-13,2026-08-21
TEJASNET,Tejas Networks Limited,510.45,647.0,2025-08-21,632.35,2026-06-19,1455489,False,20.0,2017-06-27,2026-08-21
TEMBO,Tembo Global Industries Limited,58.3,83.7,2025-11-11,81.34,2025-11-11,3232344,False,20.0,2021-04-23,2026-08-21
TERASOFT,Tera Software Limited,321.75,598.0,2025-11-17,579.35,2025-11-14,29006,False,20.0,2016-12-29,2026-08-21
TEXINFRA,Texmaco Infrastructure & Holdings Limited,108.03,118.0,2026-07-07,116.05,2026-07-06,131478,False,20.0,2004-09-09,2026-08-21
TEXMOPIPES,Texmo Pipes and Products Limited,44.29,62.0,2025-09-11,59.44,2025-09-12,41478,False,20.0,2010-03-10,2026-08-21
TEXRAIL,Texmaco Rail & Engineering Limited,104.57,153.0,2025-09-19,150.13,2025-09-15,1253835,False,20.0,2011-03-03,2026-08-21
TFCILTD,Tourism Finance Corporation of India Limited,130.99,134.92,2026-08-20,132.76,2026-08-20,20295428,False,20.0,2000-07-26,2026-08-21
TFL,Transwarranty Finance Limited,11.26,18.5,2025-12-24,17.29,2025-12-24,12069,False,20.0,2007-02-26,2026-08-21
TGBHOTELS,TGB Banquets And Hotels Limited,9.82,13.4,2025-09-24,12.91,2025-09-19,50990,False,20.0,2007-05-17,2026-08-21
THANGAMAYL,Thangamayil Jewellery Limited,5487.5,7430.0,2026-07-28,7309.5,2026-07-27,292535,False,5.0,2010-02-19,2026-08-21
THEINVEST,The Investment Trust Of India Limited,96.73,160.0,2025-08-22,157.87,2025-08-25,6525,False,20.0,2017-08-02,2026-08-21
THEJO,Thejo Engineering Limited,2057.8,2286.6,2026-08-11,2223.9,2026-08-07,13534,False,20.0,2023-10-10,2026-08-21
THELEELA,Leela Palaces Hotels & Resorts Limited,561.7,564.0,2026-08-21,561.7,2026-08-21,728548,False,10.0,2025-06-02,2026-08-21
THEMISMED,Themis Medicare Limited,106.14,148.0,2025-09-25,142.46,2025-09-25,101377,False,20.0,2007-04-02,2026-08-21
THERMAX,Thermax Limited,3967.8,5277.8,2026-06-29,5159.5,2026-06-30,387811,False,20.0,1995-08-30,2026-08-21
THOMASCOOK,Thomas Cook  (India)  Limited,113.17,181.55,2025-09-01,179.04,2025-09-05,2684926,False,20.0,2000-06-07,2026-08-21
THOMASCOTT,Thomas Scott (India) Limited,286.35,459.8,2025-11-13,452.9,2025-11-13,144725,False,20.0,2012-01-30,2026-08-21
THYROCARE,Thyrocare Technologies Limited,565.55,662.0,2026-08-12,649.35,2026-08-11,1036946,False,20.0,2016-05-09,2026-08-21
TI,Tilaknagar Industries Limited,575.65,593.0,2026-08-18,582.8,2026-08-18,1525389,False,20.0,2010-07-16,2026-08-21
TICL,Twamev Construction and Infrastructure Limited,9.51,33.99,2025-11-11,33.43,2025-11-11,60368,False,,2023-10-16,2026-08-21
TIGERLOGS,Tiger Logistics (India) Limited,30.31,56.69,2025-09-18,52.04,2025-09-23,316691,False,20.0,2025-09-18,2026-08-21
TIIL,Technocraft Industries (India) Limited,3318.8,3359.9,2026-08-18,3318.8,2026-08-21,77916,False,20.0,2007-02-12,2026-08-21
TIINDIA,Tube Investments of India Limited,2885.8,3419.9,2025-09-16,3404.4,2025-09-16,548628,True,,2017-11-02,2026-08-21
TIJARIA,Tijaria Polypipes Limited,5.92,8.13,2025-08-26,7.75,2025-08-25,218125,False,20.0,2011-10-14,2026-08-21
TIL,TIL Limited,243.15,371.95,2025-09-16,371.95,2025-09-16,2837563,False,,1995-09-27,2026-08-21
TIMETECHNO,Time Technoplast Limited,187.48,249.15,2025-09-23,242.95,2025-09-16,3614902,False,20.0,2007-06-13,2026-08-21
TIMKEN,Timken India Limited,3134.1,3925.0,2026-06-22,3767.1,2026-06-23,40305,False,20.0,2007-02-06,2026-08-21
TINNARUBR,Tinna Rubber and Infrastructure Limited,1034.9,1322.0,2026-07-21,1189.9,2026-07-20,80780,False,20.0,2025-04-17,2026-08-21
TIPSFILMS,Tips Films Limited,352.25,522.0,2025-09-08,482.1,2025-09-08,26852,False,20.0,2022-10-06,2026-08-21
TIPSMUSIC,Tips Music Limited,650.95,741.0,2026-07-20,713.75,2026-07-13,255521,False,20.0,2000-11-10,2026-08-21
TIRUMALCHM,Thirumalai Chemicals Limited,154.09,328.8,2025-09-17,324.75,2025-09-19,651225,False,20.0,2003-05-14,2026-08-21
TIRUPATIFL,Tirupati Forge Limited,69.62,83.9,2026-07-22,81.55,2026-07-22,254962,False,,2020-08-04,2026-08-21
TITAGARH,TITAGARH RAIL SYSTEMS LIMITED,843.55,971.0,2026-06-18,955.35,2025-09-19,369695,False,20.0,2008-04-21,2026-08-21
TITAN,Titan Company Limited,5086.1,5168.0,2026-08-11,5128.0,2026-08-11,948996,True,,2004-09-24,2026-08-21
TMB,Tamilnad Mercantile Bank Limited,878.55,917.0,2026-07-27,893.65,2026-07-27,688767,False,20.0,2022-09-15,2026-08-21
TMPV,Tata Motors Passenger Vehicles Limited,317.9,739.7,2025-10-03,719.5,2025-09-08,9399694,True,,1998-07-22,2026-08-21
TNPETRO,Tamilnadu PetroProducts Limited,115.21,129.89,2025-11-03,124.48,2025-11-03,643799,False,20.0,1999-10-27,2026-08-21
TNPL,Tamil Nadu Newsprint & Papers Limited,141.11,179.9,2025-08-25,169.77,2025-08-25,244794,False,20.0,1996-02-14,2026-08-21
TNTELE,Tamilnadu Telecommunication Limited,8.95,17.9,2025-09-01,17.9,2025-08-29,25080,False,20.0,2003-02-04,2026-08-21
TOKYOPLAST,Tokyo Plast International Limited,75.88,140.85,2025-09-18,132.01,2025-09-18,1064,False,5.0,1995-10-11,2026-08-21
TOLINS,Tolins Tyres Limited,96.08,202.0,2025-09-12,196.13,2025-09-16,39225,False,20.0,2024-09-16,2026-08-21
TORNTPHARM,Torrent Pharmaceuticals Limited,4896.5,5250.0,2026-08-03,5122.8,2026-07-31,515000,True,,2002-11-25,2026-08-21
TORNTPOWER,Torrent Power Limited,1247.7,1824.1,2026-04-27,1772.5,2026-04-27,292205,False,20.0,2006-11-28,2026-08-21
TOTAL,Total Transport Systems Limited,72.77,87.89,2025-12-04,86.05,2025-12-04,43564,False,10.0,2020-08-28,2026-08-21
TOUCHWOOD,Touchwood Entertainment Limited,62.92,128.0,2025-09-22,118.04,2025-09-22,2612,False,20.0,2020-01-21,2026-08-21
TPHQ,Teamo Productions HQ Limited,0.62,0.86,2025-12-24,0.85,2025-12-24,5503783,False,9.0,2009-01-30,2026-08-21
TPLPLASTEH,TPL Plastech Limited,82.6,90.33,2026-07-06,87.16,2026-07-03,133197,False,20.0,2015-05-20,2026-08-21
TRACXN,Tracxn Technologies Limited,28.05,55.9,2025-10-17,55.28,2025-10-16,111533,False,20.0,2022-10-20,2026-08-21
TRANSRAILL,Transrail Lighting Limited,460.0,823.0,2025-09-16,799.4,2025-09-15,311462,False,20.0,2024-12-27,2026-08-21
TRANSWORLD,TRANSWORLD SHIPPING LINES LIMITED,181.87,287.58,2025-09-05,270.94,2025-09-05,9026,False,,1995-03-01,2026-08-21
TRAVELFOOD,Travel Food Services Limited,1307.2,1470.9,2026-08-07,1428.6,2026-08-07,113833,False,10.0,2025-07-14,2026-08-21
TREEHOUSE,Tree House Education & Accessories Limited,6.17,11.0,2026-02-26,10.11,2026-02-26,17172,False,20.0,2011-08-26,2026-08-21
TREJHARA,TREJHARA SOLUTIONS LIMITED,156.45,284.85,2025-12-02,276.2,2025-12-01,48067,False,20.0,2018-12-28,2026-08-21
TREL,Transindia Real Estate Limited,27.05,34.37,2025-08-28,33.22,2025-08-21,141385,False,20.0,2023-08-10,2026-08-21
TRENT,Trent Limited,2924.0,5674.0,2025-09-04,5529.0,2025-09-04,1061849,True,,2004-06-07,2026-08-21
TRF,TRF Limited,230.41,405.0,2025-09-18,392.75,2025-09-17,25901,False,20.0,2010-03-26,2026-08-21
TRIDENT,Trident Limited,24.39,30.94,2026-02-03,30.35,2025-09-22,3493991,False,20.0,2001-02-21,2026-08-21
TRIGYN,Trigyn Technologies Limited,54.39,102.4,2025-09-22,94.27,2025-09-22,33470,False,20.0,1998-04-09,2026-08-21
TRITURBINE,Triveni Turbine Limited,574.85,787.6,2026-05-29,741.5,2026-05-29,835124,False,20.0,2011-10-28,2026-08-21
TRIVENI,Triveni Engineering & Industries Limited,295.28,490.1,2026-07-14,477.15,2026-07-13,1352837,False,20.0,2005-12-13,2026-08-21
TRU,TruCap Finance Limited,4.17,13.82,2025-09-08,13.17,2025-09-05,155322,False,10.0,2023-06-20,2026-08-21
TRUALT,TruAlt Bioenergy Limited,446.15,542.0,2026-06-10,531.95,2026-06-09,452710,False,20.0,2025-10-03,2026-08-21
TSFINV,TSF INVESTMENTS LIMITED,417.15,701.5,2025-10-14,690.4,2025-10-14,61463,False,20.0,2018-03-26,2026-08-21
TTKHLTCARE,TTK Healthcare Limited,1102.5,1216.8,2025-08-29,1192.6,2025-10-21,39045,False,20.0,2015-12-02,2026-08-21
TTKPRESTIG,TTK Prestige Limited,591.65,771.2,2025-10-28,716.15,2025-10-28,766671,False,20.0,1999-12-22,2026-08-21
TTL,T T Limited,6.25,11.8,2025-09-22,11.49,2025-08-21,220881,False,20.0,2007-02-22,2026-08-21
TTML,Tata Teleservices (Maharashtra) Limited,37.78,60.62,2025-09-16,59.04,2025-08-22,1612192,False,20.0,2000-10-20,2026-08-21
TVSELECT,TVS Electronics Limited,441.6,739.35,2025-10-27,670.7,2025-10-07,58934,False,20.0,2003-12-26,2026-08-21
TVSHLTD,TVS Holdings Limited,13899.0,16297.0,2025-11-18,15738.0,2026-02-11,5638,False,20.0,2012-10-23,2026-08-21
TVSMOTOR,TVS Motor Company Limited,4390.0,4475.0,2026-08-10,4466.2,2026-08-10,1169307,True,,2000-08-02,2026-08-21
TVSSCS,TVS Supply Chain Solutions Limited,121.44,146.5,2026-07-10,141.66,2026-07-10,531663,False,20.0,2023-08-23,2026-08-21
TVSSRICHAK,TVS Srichakra Limited,4879.1,5050.0,2026-08-20,4922.7,2026-08-20,69775,False,20.0,2007-02-13,2026-08-21
TVTODAY,TV Today Network Limited,115.43,156.48,2025-09-09,155.66,2025-09-10,34044,False,20.0,2004-01-16,2026-08-21
TVVISION,TV Vision Limited,3.57,12.4,2025-12-19,11.83,2025-12-18,35872,False,,2016-09-15,2026-08-21
UBL,United Breweries Limited,1348.9,1933.0,2025-08-21,1892.9,2025-08-21,106360,False,20.0,2008-07-28,2026-08-21
UCAL,UCAL LIMITED,143.33,159.7,2026-08-17,152.31,2026-08-18,65667,False,,1995-09-13,2026-08-21
UCOBANK,UCO Bank,25.72,34.2,2025-10-31,33.58,2025-11-03,3955387,False,20.0,2003-10-09,2026-08-21
UDS,Updater Services Limited,215.67,266.2,2025-08-25,263.1,2025-08-25,353532,False,20.0,2023-10-04,2026-08-21
UEL,Ujaas Energy Limited,181.23,284.2,2026-08-11,273.12,2026-08-11,43077,False,5.0,2024-04-16,2026-08-21
UFBL,United Foodbrands Limited,822.6,845.0,2026-08-10,822.6,2026-08-21,150053,False,,2021-04-07,2026-08-21
UFLEX,UFLEX Limited,614.6,635.0,2026-08-19,620.95,2026-08-19,654581,False,20.0,1995-08-23,2026-08-21
UFO,UFO Moviez India Limited,64.9,92.97,2025-11-20,86.83,2025-12-22,38060,False,20.0,2015-05-14,2026-08-21
UGARSUGAR,The Ugar Sugar Works Limited,56.5,57.64,2026-08-20,56.5,2026-08-21,866014,False,20.0,2010-08-23,2026-08-21
UGROCAP,Ugro Capital Limited,88.74,192.5,2025-10-06,189.95,2025-10-06,571594,False,20.0,2021-08-11,2026-08-21
UJJIVANSFB,Ujjivan Small Finance Bank Limited,72.07,73.94,2026-08-20,72.47,2026-08-14,16423133,False,20.0,2019-12-12,2026-08-21
ULTRACEMCO,UltraTech Cement Limited,11570.0,13110.0,2026-02-10,13052.0,2026-02-18,233167,True,,2004-08-24,2026-08-21
UMAEXPORTS,Uma Exports Limited,23.39,57.81,2025-08-22,56.68,2025-08-21,27338,False,,2022-04-07,2026-08-21
UMESLTD,Usha Martin Education & Solutions Limited,5.46,7.14,2026-03-16,6.91,2026-04-09,26320,False,10.0,2010-07-12,2026-08-21
UMIYA-MRO,UMIYA BUILDCON LIMITED,90.27,110.9,2025-10-17,106.88,2025-10-16,9875,False,20.0,2000-11-01,2026-08-21
UNICHEMLAB,Unichem Laboratories Limited,526.15,687.2,2026-07-09,650.6,2026-07-09,273555,False,20.0,2001-02-07,2026-08-21
UNIDT,United Drilling Tools Limited,226.21,254.97,2026-06-04,250.22,2026-06-03,7028,False,,2020-09-25,2026-08-21
UNIECOM,Unicommerce Esolutions Limited,87.47,155.8,2025-09-04,151.74,2025-09-04,478282,False,20.0,2024-08-13,2026-08-21
UNIENTER,Uniphos Enterprises Limited,94.46,161.8,2025-09-03,159.77,2025-09-03,6603,False,20.0,2004-01-23,2026-08-21
UNIINFO,Uniinfo Telecom Services Limited,11.37,21.78,2025-08-26,20.91,2025-08-21,2642,False,5.0,2022-01-12,2026-08-21
UNIMECH,Unimech Aerospace and Manufacturing Limited,1491.4,1555.0,2026-08-14,1522.6,2026-08-14,259685,False,10.0,2024-12-31,2026-08-21
UNIONBANK,Union Bank of India,183.45,205.49,2026-02-27,202.27,2026-02-27,11891963,True,,2002-09-24,2026-08-21
UNIPARTS,Uniparts India Limited,815.3,839.0,2026-08-10,825.85,2026-08-18,238167,False,20.0,2022-12-12,2026-08-21
UNITDSPR,United Spirits Limited,1556.0,1563.4,2026-08-21,1556.0,2026-08-21,670175,True,,2001-09-27,2026-08-21
UNITECH,Unitech Limited,4.03,7.93,2025-10-06,7.65,2025-09-19,3824498,False,10.0,1999-09-08,2026-08-21
UNITEDPOLY,United Polyfab Gujarat Limited,36.72,51.16,2025-09-26,49.63,2025-09-26,81780,False,,2021-12-31,2026-08-21
UNITEDTEA,The United Nilgiri Tea Estates Company Limited,453.95,590.0,2026-04-13,565.95,2026-04-16,2111,False,20.0,2015-01-28,2026-08-21
UNIVASTU,Univastu India Limited,171.55,177.7,2026-08-21,176.89,2026-08-18,218095,False,,2020-06-22,2026-08-21
UNIVCABLES,Universal Cables Limited,1592.5,1774.9,2026-08-11,1745.0,2026-08-18,277087,False,20.0,1995-05-17,2026-08-21
UNIVPHOTO,Universus Photo Imagings Limited,450.05,515.8,2026-03-11,515.8,2026-03-11,1353,False,,2020-02-14,2026-08-21
UNOMINDA,UNO Minda Limited,1265.0,1382.0,2025-10-07,1366.3,2025-10-07,838058,True,,2007-02-02,2026-08-21
UPL,UPL Limited,569.0,812.2,2026-01-02,805.35,2026-01-01,1992824,True,,2004-01-23,2026-08-21
URAVIDEF,Uravi Defence and Technology Limited,108.99,509.0,2025-08-25,487.7,2025-08-21,10332,False,,2023-07-05,2026-08-21
URBANCO,Urban Company Limited,158.6,201.18,2025-09-22,186.73,2025-09-22,14362071,False,20.0,2025-09-17,2026-08-21
URJA,Urja Global Limited,9.35,14.45,2025-09-19,14.26,2025-09-18,923092,False,20.0,2017-03-28,2026-08-21
USHAMART,Usha Martin Limited,481.3,527.5,2026-06-04,520.25,2026-08-05,602205,False,20.0,2000-10-11,2026-08-21
USK,Udayshivakumar Infra Limited,21.12,35.17,2025-09-23,34.36,2025-09-22,22446,False,20.0,2023-04-03,2026-08-21
UTIAMC,UTI Asset Management Company Limited,893.05,1418.0,2025-09-23,1401.8,2025-10-17,126719,False,20.0,2020-10-12,2026-08-21
UTKARSHBNK,Utkarsh Small Finance Bank Limited,14.43,22.59,2025-09-17,22.41,2025-09-17,3785170,False,20.0,2023-07-21,2026-08-21
UTTAMSUGAR,Uttam Sugar Mills Limited,323.3,344.0,2026-08-20,336.22,2026-08-20,416699,False,20.0,2006-04-10,2026-08-21
UYFINCORP,U. Y. Fincorp Limited,20.14,22.34,2026-08-07,21.39,2026-08-17,584074,False,,2024-10-03,2026-08-21
V2RETAIL,V2 Retail Limited,219.73,259.25,2026-06-04,256.4,2026-06-04,981055,False,20.0,2007-07-04,2026-08-21
VADILALIND,Vadilal Industries Limited,7417.5,8447.0,2026-08-13,7781.0,2026-08-13,42052,False,20.0,2011-06-15,2026-08-21
VAIBHAVGBL,Vaibhav Global Limited,226.05,293.25,2025-10-30,281.25,2025-11-03,538766,False,20.0,2004-04-05,2026-08-21
VAISHALI,Vaishali Pharma Limited,7.99,12.76,2025-08-21,12.53,2025-08-21,190000,False,10.0,2020-01-15,2026-08-21
VAKRANGEE,Vakrangee Limited,5.87,9.77,2025-09-17,9.46,2025-09-17,916112,False,20.0,2006-04-03,2026-08-21
VALIANTLAB,Valiant Laboratories Limited,95.74,96.24,2026-08-21,95.74,2026-08-21,93559,False,5.0,2023-10-06,2026-08-21
VALIANTORG,Valiant Organics Limited,302.7,397.0,2025-09-10,389.7,2025-09-09,39867,False,,2021-07-23,2026-08-21
VARDHACRLC,Vardhman Acrylics Limited,44.87,48.77,2025-09-08,46.82,2026-07-29,46758,False,,2003-09-30,2026-08-21
VARDMNPOLY,Vardhman Polytex Limited,6.1,9.83,2025-08-21,9.56,2025-08-21,286480,False,20.0,2003-05-12,2026-08-21
VARROC,Varroc Engineering Limited,814.95,874.85,2026-08-17,847.9,2026-08-14,1165910,False,20.0,2018-07-06,2026-08-21
VASCONEQ,Vascon Engineers Limited,31.84,74.59,2025-10-10,71.28,2025-10-07,423446,False,20.0,2010-02-15,2026-08-21
VASWANI,Vaswani Industries Limited,46.55,69.99,2025-11-13,67.87,2025-11-13,34943,False,20.0,2011-09-20,2026-08-21
VBL,Varun Beverages Limited,430.1,555.8,2026-06-17,544.05,2026-06-17,6395625,True,,2016-11-08,2026-08-21
VCL,Vaxtex Cotfab Limited,2.13,2.66,2025-12-10,2.54,2025-12-09,638859,False,,2022-04-19,2026-08-21
VEDL,Vedanta Limited,279.0,795.0,2026-04-21,787.5,2026-04-17,11849787,True,,1998-05-13,2026-08-21
VEEDOL,Veedol Corporation Limited,1502.5,2035.0,2025-09-19,1982.6,2025-09-19,18814,False,20.0,2007-01-16,2026-08-21
VENKEYS,Venky's (India) Limited,1507.4,1800.0,2026-05-13,1709.6,2026-05-13,93197,False,20.0,2003-07-28,2026-08-21
VENTIVE,Ventive Hospitality Limited,564.15,793.95,2026-02-03,779.25,2025-09-22,23507,False,10.0,2024-12-30,2026-08-21
VENUSPIPES,Venus Pipes & Tubes Limited,1556.6,1875.0,2026-07-07,1845.4,2026-07-07,107991,False,20.0,2022-05-24,2026-08-21
VENUSREM,Venus Remedies Limited,1738.1,2044.3,2026-06-29,1947.0,2026-06-26,47808,False,,2006-12-20,2026-08-21
VERANDA,Veranda Learning Solutions Limited,259.25,272.5,2025-10-28,262.44,2025-10-27,1109777,False,20.0,2022-04-11,2026-08-21
VERTOZ,Vertoz Limited,36.58,86.75,2025-09-17,81.72,2025-08-21,41104,False,,2020-05-14,2026-08-21
VESUVIUS,Vesuvius India Limited,439.4,607.9,2026-02-20,556.55,2026-02-20,62391,False,20.0,2002-10-04,2026-08-21
VETO,Veto Switchgears And Cables Limited,127.25,153.95,2026-06-09,148.45,2026-06-09,20595,False,,2015-04-29,2026-08-21
VGL,VARVEE GLOBAL LIMITED,56.05,98.47,2025-08-21,94.65,2025-08-21,22921,False,20.0,2006-11-21,2026-08-21
VGUARD,V-Guard Industries Limited,332.0,392.2,2025-09-25,382.55,2025-10-29,3124600,False,20.0,2008-03-13,2026-08-21
VHL,Vardhman Holdings Limited,3453.8,4275.0,2025-10-27,4234.1,2025-10-24,992,False,20.0,2005-06-30,2026-08-21
VHLTD,Viceroy Hotels Limited,119.76,155.36,2025-12-26,149.9,2026-03-02,56709,False,,2024-04-03,2026-08-21
VIDHIING,Vidhi Specialty Food Ingredients Limited,328.55,410.0,2025-09-04,387.3,2025-09-04,78641,False,20.0,2016-03-02,2026-08-21
VIJAYA,Vijaya Diagnostic Centre Limited,1504.4,1573.0,2026-08-13,1510.6,2026-08-12,228061,False,20.0,2021-09-14,2026-08-21
VIJIFIN,Viji Finance Limited,13.65,13.65,2026-08-21,13.65,2026-08-21,126801,False,,2016-07-11,2026-08-21
VIKASECO,Vikas EcoTech Limited,1.08,2.24,2025-08-22,2.21,2025-08-21,1934995,False,20.0,2011-12-12,2026-08-21
VIKASLIFE,Vikas Lifecare Limited,1.19,2.37,2025-09-22,2.34,2025-09-19,2045193,False,20.0,2019-05-08,2026-08-21
VIKRAMSOLR,Vikram Solar Limited,173.23,407.95,2025-09-10,378.8,2025-09-10,7100186,False,20.0,2025-08-26,2026-08-21
VIKRAN,Vikran Engineering Limited,63.04,118.4,2025-11-20,114.88,2025-09-19,1608363,False,20.0,2025-09-03,2026-08-21
VIMTALABS,Vimta Labs Limited,629.65,902.65,2025-09-05,877.2,2025-09-05,225004,False,20.0,2005-12-15,2026-08-21
VINATIORGA,Vinati Organics Limited,1329.4,1849.9,2025-09-29,1787.1,2025-09-29,66357,False,20.0,2009-07-28,2026-08-21
VINCOFE,Vintage Coffee And Beverages Limited,161.55,179.85,2026-01-08,174.33,2026-01-07,2637102,False,20.0,2024-10-18,2026-08-21
VINDHYATEL,Vindhya Telelinks Limited,2453.9,2600.0,2026-08-12,2582.7,2026-08-12,100247,False,20.0,1995-02-08,2026-08-21
VINEETLAB,Vineet Laboratories Limited,37.81,49.99,2025-10-30,47.87,2025-10-30,78547,False,5.0,2021-06-15,2026-08-21
VINNY,Vinny Overseas Limited,1.06,1.53,2025-12-11,1.41,2025-12-22,305276,False,20.0,2022-11-28,2026-08-21
VINYLINDIA,Vinyl Chemicals (India) Limited,235.19,325.0,2025-09-08,308.5,2025-09-08,13290,False,20.0,2008-07-21,2026-08-21
VIPCLOTHNG,VIP Clothing Limited,20.44,41.2,2025-09-22,40.56,2025-09-19,46216,False,10.0,2007-08-06,2026-08-21
VIPIND,VIP Industries Limited,308.35,454.3,2025-09-18,449.95,2025-09-19,270376,False,20.0,2005-03-02,2026-08-21
VIPULLTD,Vipul Limited,15.76,18.6,2026-07-14,17.81,2026-07-13,221698,False,,2015-04-23,2026-08-21
VIRINCHI,Virinchi Limited,15.55,32.69,2025-09-18,31.9,2025-09-19,49640,False,20.0,2023-05-03,2026-08-21
VISACHROME,VISA Chrome Limited,36.99,73.68,2025-10-17,70.18,2025-10-16,15061,False,5.0,2006-03-17,2026-08-21
VISAKAIND,Visaka Industries Limited,94.43,104.41,2026-08-10,103.52,2026-08-10,1301249,False,20.0,1996-08-28,2026-08-21
VISHNU,Vishnu Chemicals Limited,629.25,670.0,2026-07-21,640.45,2026-07-21,112944,False,20.0,2015-03-05,2026-08-21
VISHWARAJ,Vishwaraj Sugar Industries Limited,5.69,10.2,2025-09-02,9.72,2025-09-02,478289,False,20.0,2019-10-15,2026-08-21
VITAL,Vital Chemtech Limited,51.22,69.4,2026-04-16,66.15,2026-04-15,6399,False,,2026-03-11,2026-08-21
VIVIANA,Viviana Power Tech Limited,692.4,1860.0,2025-10-13,1759.95,2025-10-07,19137,False,,2026-06-02,2026-08-21
VIVIDHA,Visagar Polytex Limited,0.54,0.91,2025-09-29,0.84,2025-09-19,280985,False,19.0,2013-05-21,2026-08-21
VIVIMEDLAB,Vivimed Labs Limited,6.24,29.4,2025-12-18,26.6,2025-12-18,90087,False,,2005-08-17,2026-08-21
VIYASH,Viyash Scientific Limited,275.95,298.0,2026-07-06,294.15,2026-07-03,2582924,False,20.0,2016-03-10,2026-08-21
VLEGOV,VL E-Governance & IT Solutions Limited,9.72,39.49,2025-08-26,37.66,2025-08-25,46644,False,,2023-08-14,2026-08-21
VLSFINANCE,VLS Finance Limited,248.95,339.0,2025-12-05,333.45,2025-12-05,15187,False,20.0,1995-05-25,2026-08-21
VMART,V-Mart Retail Limited,838.85,888.0,2025-10-14,881.35,2025-10-13,131592,False,20.0,2013-02-20,2026-08-21
VMM,Vishal Mega Mart Limited,103.43,157.6,2025-08-26,153.18,2025-09-09,9061164,True,,2024-12-18,2026-08-21
VMSTMT,VMS TMT Limited,47.9,105.0,2025-09-24,99.65,2025-09-24,87977,False,20.0,2025-09-24,2026-08-21
VOLTAMP,Voltamp Transformers Limited,10869.5,12863.0,2026-05-04,12520.0,2026-05-04,70192,False,20.0,2006-09-20,2026-08-21
VOLTAS,Voltas Limited,1235.0,1582.5,2026-02-27,1561.3,2026-02-27,898529,True,,1995-04-12,2026-08-21
VPRPL,Vishnu Prakash R Punglia Limited,32.71,153.27,2025-08-21,151.75,2025-08-21,842570,False,20.0,2023-09-05,2026-08-21
VRAJ,Vraj Iron and Steel Limited,121.36,160.0,2025-08-21,157.66,2025-09-22,20357,False,20.0,2024-07-03,2026-08-21
VRLLOG,VRL Logistics Limited,288.75,310.2,2026-08-12,305.25,2026-08-11,769354,False,20.0,2015-04-30,2026-08-21
VSSL,Vardhman Special Steels Limited,348.7,375.95,2026-08-17,361.55,2026-08-17,252444,False,20.0,2012-05-17,2026-08-21
VSTIND,VST Industries Limited,212.69,286.78,2026-04-17,281.75,2025-08-21,236059,False,20.0,2003-09-05,2026-08-21
VSTL,Vibhor Steel Tubes Limited,110.54,187.24,2025-08-26,164.25,2025-08-26,15048,False,20.0,2024-02-20,2026-08-21
VSTTILLERS,V.S.T Tillers Tractors Limited,4410.2,6374.0,2026-01-01,6262.5,2025-12-31,12126,False,20.0,2011-06-20,2026-08-21
VTL,Vardhman Textiles Limited,602.9,688.0,2026-07-06,666.25,2026-07-03,347315,False,20.0,2003-01-14,2026-08-21
WAAREEENER,Waaree Energies Limited,2678.2,3865.0,2025-09-12,3739.8,2025-09-11,795490,True,,2024-10-28,2026-08-21
WAAREEINDO,Indosolar Limited,283.9,725.0,2025-10-13,711.7,2025-10-10,127214,False,5.0,2010-09-29,2026-08-21
WAAREERTL,Waaree Renewable Technologies Limited,875.3,1358.0,2025-10-27,1330.5,2025-10-27,121499,False,20.0,2025-04-09,2026-08-21
WABAG,VA Tech Wabag Limited,2003.3,2253.5,2026-07-13,2221.2,2026-07-10,559252,False,20.0,2010-10-13,2026-08-21
WALCHANNAG,Walchandnagar Industries Limited,227.09,315.8,2026-06-19,312.05,2026-06-19,679633,False,20.0,1996-09-18,2026-08-21
WANBURY,Wanbury Limited,264.85,358.85,2026-07-15,344.75,2026-07-15,496373,False,20.0,2007-01-29,2026-08-21
WCIL,Western Carriers (India) Limited,86.7,147.29,2025-09-22,144.87,2025-09-22,50437,False,20.0,2024-09-24,2026-08-21
WEALTH,Wealth First Portfolio Managers Limited,866.85,1294.8,2025-09-12,1276.3,2025-09-12,2149,False,20.0,2021-01-20,2026-08-21
WEBELSOLAR,Websol Energy System Limited,82.8,141.5,2025-09-02,135.28,2025-11-13,2180579,False,5.0,2007-05-15,2026-08-21
WEIZMANIND,Weizmann Limited,76.5,122.5,2025-09-04,113.64,2025-09-09,1094,False,20.0,1995-05-10,2026-08-21
WEL,Wonder Electricals Limited,141.27,183.53,2025-12-01,179.74,2025-12-01,1763005,False,20.0,2022-01-17,2026-08-21
WELCORP,Welspun Corp Limited,2311.9,2348.9,2026-08-21,2311.9,2026-08-21,1704129,False,20.0,2005-05-24,2026-08-21
WELENT,Welspun Enterprises Limited,631.45,653.7,2026-08-21,631.45,2026-08-21,607477,False,20.0,2004-11-04,2026-08-21
WELINV,Welspun Investments and Commercials Limited,2022.0,2022.0,2026-08-21,2022.0,2026-08-21,7694,False,,2010-09-20,2026-08-21
WELSPUNLIV,Welspun Living Limited,189.22,191.47,2026-08-20,189.22,2026-08-21,9963971,False,20.0,2003-12-04,2026-08-21
WENDT,Wendt (India) Limited,8182.5,10490.5,2025-08-21,10264.5,2025-09-03,7784,False,20.0,2006-08-07,2026-08-21
WESTLIFE,WESTLIFE FOODWORLD LIMITED,588.15,775.0,2025-09-04,755.65,2025-09-16,200100,False,20.0,2023-06-05,2026-08-21
WEWIN,WE WIN LIMITED,47.0,78.0,2026-05-11,74.07,2025-10-15,1443,False,10.0,2022-06-15,2026-08-21
WEWORK,WeWork India Management Limited,682.9,794.5,2026-08-06,755.4,2026-08-07,249837,False,20.0,2025-10-10,2026-08-21
WHEELS,Wheels India Limited,1512.8,1808.0,2026-06-30,1786.0,2026-06-30,93235,False,20.0,2000-04-07,2026-08-21
WHIRLPOOL,Whirlpool of India Limited,768.5,1437.0,2025-10-31,1420.9,2025-10-30,370492,False,20.0,2010-04-06,2026-08-21
WILLAMAGOR,Williamson Magor & Company Limited,25.04,37.5,2025-09-16,35.49,2025-10-03,2916,False,20.0,1995-02-08,2026-08-21
WINDLAS,Windlas Biotech Limited,993.6,1045.45,2025-08-22,1012.7,2025-09-08,208407,False,20.0,2021-08-16,2026-08-21
WINDMACHIN,Windsor Machines Limited,314.6,345.45,2025-08-25,334.4,2025-08-25,275632,False,20.0,2011-08-17,2026-08-21
WIPL,The Western India Plywoods Limited,165.0,193.2,2025-10-30,177.05,2026-07-02,2573,False,20.0,2017-04-17,2026-08-21
WIPRO,Wipro Limited,180.79,273.1,2025-12-22,272.67,2025-12-22,12637480,True,,1995-11-08,2026-08-21
WOCKPHARMA,Wockhardt Limited,1886.3,2422.3,2026-06-01,2152.9,2026-06-01,650020,False,20.0,2000-02-23,2026-08-21
WONDERLA,Wonderla Holidays Limited,519.2,659.0,2025-09-08,647.35,2025-09-05,206681,False,20.0,2014-05-09,2026-08-21
WORTHPERI,Worth Peripherals Limited,157.27,169.8,2026-08-07,164.13,2025-10-13,30715,False,20.0,2020-08-04,2026-08-21
WSI,W S Industries (I) Limited,61.02,95.0,2025-12-23,92.65,2026-01-07,78939,False,20.0,2007-08-01,2026-08-21
WSTCSTPAPR,West Coast Paper Mills Limited,637.25,655.0,2026-08-21,637.25,2026-08-21,343509,False,20.0,2001-01-17,2026-08-21
XCHANGING,Xchanging Solutions Limited,61.25,103.0,2025-10-30,95.46,2025-10-30,124357,False,20.0,2005-03-09,2026-08-21
XELPMOC,Xelpmoc Design And Tech Limited,76.96,155.5,2025-11-19,148.32,2025-11-18,10652,False,20.0,2019-02-04,2026-08-21
XPROINDIA,Xpro India Limited,1142.0,1574.8,2026-07-03,1503.6,2026-07-02,116086,False,20.0,2004-04-27,2026-08-21
XTGLOBAL,Xtglobal Infotech Limited,28.49,46.25,2025-09-17,44.61,2025-09-22,132597,False,20.0,2024-09-16,2026-08-21
YASHO,Yasho Industries Limited,4400.0,4994.0,2026-08-18,4915.8,2026-08-18,113949,False,20.0,2023-08-21,2026-08-21
YATHARTH,Yatharth Hospital & Trauma Care Services Limited,855.15,919.5,2026-08-11,898.75,2026-08-10,303857,False,20.0,2023-08-07,2026-08-21
YATRA,Yatra Online Limited,116.93,202.0,2025-11-17,191.34,2025-11-13,2441824,False,20.0,2023-09-28,2026-08-21
YESBANK,Yes Bank Limited,22.8,25.78,2026-06-18,25.48,2026-06-18,45447337,True,,2005-07-12,2026-08-21
YUKEN,Yuken India Limited,964.6,1053.9,2025-08-22,1024.4,2025-08-29,20007,False,20.0,2021-09-02,2026-08-21
ZAGGLE,Zaggle Prepaid Ocean Services Limited,200.12,413.7,2025-08-25,412.1,2025-08-25,5730206,False,20.0,2023-09-22,2026-08-21
ZEEL,Zee Entertainment Enterprises Limited,107.58,124.14,2025-08-22,123.58,2025-08-22,36828314,False,20.0,1998-09-09,2026-08-21
ZEELEARN,Zee Learn Limited,7.73,10.45,2025-09-23,9.96,2025-09-22,295578,False,,2010-12-20,2026-08-21
ZEEMEDIA,Zee Media Corporation Limited,9.38,13.26,2025-09-22,12.71,2025-08-22,6937512,False,10.0,2007-01-10,2026-08-21
ZENITHEXPO,Zenith Exports Limited,205.18,351.65,2025-09-04,334.95,2025-09-03,1410,False,5.0,1996-07-10,2026-08-21
ZENITHSTL,Zenith Steel Pipes & Industries Limited,5.41,10.33,2025-10-23,9.88,2025-10-23,76672,False,20.0,2007-04-30,2026-08-21
ZENSARTECH,Zensar Technologies Limited,483.55,868.95,2025-09-18,857.75,2025-09-19,1355151,False,20.0,2003-07-09,2026-08-21
ZENTEC,Zen Technologies Limited,1926.3,2043.7,2026-08-19,1997.0,2026-06-19,621968,False,20.0,2015-03-30,2026-08-21
ZFCVINDIA,ZF Commercial Vehicle Control Systems India Limited,2662.0,3044.0,2026-06-24,2686.0,2026-06-29,100346,False,20.0,2008-10-01,2026-08-21
ZIMLAB,Zim Laboratories Limited,125.03,133.9,2026-06-25,127.87,2026-06-24,53112,False,20.0,2022-11-25,2026-08-21
ZODIAC,Zodiac Energy Limited,247.85,416.25,2025-08-22,412.05,2025-08-22,22205,False,10.0,2021-12-14,2026-08-21
ZODIACLOTH,Zodiac Clothing Company Limited,74.13,119.45,2025-09-16,113.35,2025-09-16,3471,False,20.0,1995-09-27,2026-08-21
ZOTA,Zota Health Care LImited,1087.4,1740.0,2025-11-21,1687.0,2025-12-15,87855,False,20.0,2019-08-19,2026-08-21
ZUARI,Zuari Agro Chemicals Limited,225.04,393.55,2025-08-21,383.6,2025-08-25,132400,False,20.0,2012-11-27,2026-08-21
ZUARIIND,ZUARI INDUSTRIES LIMITED,279.3,416.0,2025-09-25,403.9,2025-09-25,61748,False,20.0,1995-04-12,2026-08-21
ZYDUSLIFE,Zydus Lifesciences Limited,1120.0,1205.0,2026-08-12,1205.0,2026-08-12,1543787,True,,2000-04-18,2026-08-21
ZYDUSWELL,Zydus Wellness Limited,490.8,611.85,2026-07-20,602.5,2026-07-20,337149,False,20.0,2009-11-13,2026-08-21
